帐目表,Trs,评估分组代码,KONTS,ValCl,KONTH,KONTH_1
4000,AUM,4010,nan,7900,1405999999,1405999999
4000,AUM,4010,nan,7920,1405999999,1405999999
4000,AUM,4010,nan,7921,1405999999,1405999999
4000,AUM,4020,nan,7900,1405999999,1405999999
4000,AUM,4020,nan,7920,1405999999,1405999999
4000,AUM,4020,nan,7921,1405999999,1405999999
4000,AUM,4030,nan,7920,1405999999,1405999999
4000,AUM,4050,nan,7921,1405999999,1405999999
4000,AUM,4100,nan,7920,1405999999,1405999999
4000,AUM,4100,nan,7924,1405999999,1405999999
4000,AUM,4110,nan,7923,1405999999,1405999999
4000,AUM,4120,nan,7923,1405999999,1405999999
4000,AUM,4120,nan,7928,1405999999,1405999999
4000,AUM,4130,nan,7920,1405999999,1405999999
4000,AUM,4130,nan,7923,1405999999,1405999999
4000,AUM,4150,nan,3000,1403999999,1403999999
4000,AUM,4150,nan,3040,1403999999,1403999999
4000,AUM,4150,nan,3050,1403999999,1403999999
4000,AUM,4150,nan,3400,1403999999,1403999999
4000,AUM,4150,nan,7900,1407999999,1407999999
4000,AUM,4150,nan,7920,1405999999,1405999999
4000,AUM,4150,nan,7921,1405999999,1405999999
4000,AUM,4150,nan,7922,1405999999,1405999999
4000,AUM,4150,nan,7923,1405999999,1405999999
4000,AUM,4180,nan,3000,1403999999,1403999999
4000,AUM,4180,nan,3040,1403999999,1403999999
4000,AUM,4180,nan,3050,1403999999,1403999999
4000,AUM,4180,nan,3400,1403999999,1403999999
4000,AUM,4180,nan,7900,1407999999,1407999999
4000,AUM,4180,nan,7920,1405999999,1405999999
4000,AUM,4180,nan,7921,1405999999,1405999999
4000,AUM,4180,nan,7922,1405999999,1405999999
4000,AUM,4180,nan,7923,1405999999,1405999999
4000,AUM,4480,nan,7923,1405999999,1405999999
4000,AUM,4510,nan,3000,1403999999,1403999999
4000,AUM,4680,nan,7923,1405999999,1405999999
4000,AUM,4800,nan,7921,1405999999,1405999999
4000,AUM,5050,nan,7921,1405999999,1405999999
4000,AUM,5050,nan,7923,1405999999,1405999999
4000,BIL,,X,,4104080000,4104080000
4000,BSP,,nan,,6603030000,6603030000
4000,BSV,4010,nan,3000,1408000000,1408000000
4000,BSV,4010,nan,7900,1408000000,1408000000
4000,BSV,4010,nan,7901,1408000000,1408000000
4000,BSV,4010,nan,7920,1408000000,1408000000
4000,BSV,4010,nan,7921,1408000000,1408000000
4000,BSV,4020,nan,3000,1408000000,1408000000
4000,BSV,4020,nan,7900,1408000000,1408000000
4000,BSV,4020,nan,7901,1408000000,1408000000
4000,BSV,4020,nan,7920,1408000000,1408000000
4000,BSV,4020,nan,7921,1408000000,1408000000
4000,BSV,4030,nan,7900,1408000000,1408000000
4000,BSV,4030,nan,7901,1408000000,1408000000
4000,BSV,4050,nan,3000,1408000000,1408000000
4000,BSV,4050,nan,7901,1408000000,1408000000
4000,BSV,4050,nan,7921,1408000000,1408000000
4000,BSV,4100,nan,7900,1408000000,1408000000
4000,BSV,4100,nan,7901,1408000000,1408000000
4000,BSV,4100,nan,7920,1408000000,1408000000
4000,BSV,4100,nan,7921,1408000000,1408000000
4000,BSV,4110,nan,7900,1408000000,1408000000
4000,BSV,4110,nan,7901,1408000000,1408000000
4000,BSV,4110,nan,7920,1408000000,1408000000
4000,BSV,4110,nan,7921,1408000000,1408000000
4000,BSV,4120,nan,7900,1408000000,1408000000
4000,BSV,4120,nan,7901,1408000000,1408000000
4000,BSV,4120,nan,7920,1408000000,1408000000
4000,BSV,4120,nan,7921,1408000000,1408000000
4000,BSV,4120,nan,7923,1408000000,1408000000
4000,BSV,4120,nan,7928,1408000000,1408000000
4000,BSV,4130,nan,7900,1408000000,1408000000
4000,BSV,4130,nan,7920,1408000000,1408000000
4000,BSV,4150,nan,7900,1408000000,1408000000
4000,BSV,4150,nan,7920,1408000000,1408000000
4000,BSV,4150,nan,7921,1408000000,1408000000
4000,BSV,4180,nan,7900,1408000000,1408000000
4000,BSV,4180,nan,7901,1408000000,1408000000
4000,BSV,4180,nan,7920,1408000000,1408000000
4000,BSV,4180,nan,7921,1408000000,1408000000
4000,BSV,4230,nan,3000,1408000000,1408000000
4000,BSV,4410,nan,7901,1408000000,1408000000
4000,BSV,4410,nan,7921,1408000000,1408000000
4000,BSV,4420,nan,3100,1408000000,1408000000
4000,BSV,4480,nan,7900,1408000000,1408000000
4000,BSV,4480,nan,7901,1408000000,1408000000
4000,BSV,4480,nan,7920,1408000000,1408000000
4000,BSV,4480,nan,7921,1408000000,1408000000
4000,BSV,4510,nan,7900,1408000000,1408000000
4000,BSV,4510,nan,7901,1408000000,1408000000
4000,BSV,4510,nan,7920,1408000000,1408000000
4000,BSV,4510,nan,7921,1408000000,1408000000
4000,BSV,4510,nan,7924,1408000000,1408000000
4000,BSV,4510,nan,7928,1408000000,1408000000
4000,BSV,4520,nan,7900,1408000000,1408000000
4000,BSV,4520,nan,7901,1408000000,1408000000
4000,BSV,4520,nan,7920,1408000000,1408000000
4000,BSV,4520,nan,7921,1408000000,1408000000
4000,BSV,4540,nan,7921,1408000000,1408000000
4000,BSV,4580,nan,7900,1408000000,1408000000
4000,BSV,4580,nan,7901,1408000000,1408000000
4000,BSV,4580,nan,7920,1408000000,1408000000
4000,BSV,4580,nan,7921,1408000000,1408000000
4000,BSV,4680,nan,7900,1408000000,1408000000
4000,BSV,4680,nan,7901,1408000000,1408000000
4000,BSV,4680,nan,7921,1408000000,1408000000
4000,BSV,4800,nan,7921,1408000000,1408000000
4000,BSV,4820,nan,7900,1408000000,1408000000
4000,BSV,4820,nan,7901,1408000000,1408000000
4000,BSV,4820,nan,7920,1408000000,1408000000
4000,BSV,4820,nan,7921,1408000000,1408000000
4000,BSV,4830,nan,7901,1408000000,1408000000
4000,BSV,4830,nan,7921,1408000000,1408000000
4000,BSV,4870,nan,7901,1408000000,1408000000
4000,BSV,4870,nan,7921,1408000000,1408000000
4000,BSV,4990,nan,7921,1408000000,1408000000
4000,BSV,5010,nan,7921,1408000000,1408000000
4000,BSV,5020,nan,7921,1408000000,1408000000
4000,BSV,5030,nan,7921,1408000000,1408000000
4000,BSV,5050,nan,7920,1408000000,1408000000
4000,BSV,5050,nan,7921,1408000000,1408000000
4000,BSV,5050,nan,7923,1408000000,1408000000
4000,BSX,4000,nan,3050,1403020000,1403020000
4000,BSX,4000,nan,3400,1403020000,1403020000
4000,BSX,4010,nan,3000,1403010000,1403010000
4000,BSX,4010,nan,3040,1410000000,1410000000
4000,BSX,4010,nan,3050,1403020000,1403020000
4000,BSX,4010,nan,3051,1403020000,1403020000
4000,BSX,4010,nan,3400,1403020000,1403020000
4000,BSX,4010,nan,3500,1412000000,1412000000
4000,BSX,4010,nan,7900,1407000000,1407000000
4000,BSX,4010,nan,7901,1405020000,1405020000
4000,BSX,4010,nan,7920,1405010000,1405010000
4000,BSX,4010,nan,7921,1405020000,1405020000
4000,BSX,4010,nan,7922,1405020000,1405020000
4000,BSX,4010,nan,7923,1405010000,1405010000
4000,BSX,4010,nan,7925,1405010000,1405010000
4000,BSX,4020,nan,3000,1403010000,1403010000
4000,BSX,4020,nan,3040,1410000000,1410000000
4000,BSX,4020,nan,3050,1403020000,1403020000
4000,BSX,4020,nan,3051,1403020000,1403020000
4000,BSX,4020,nan,3400,1403020000,1403020000
4000,BSX,4020,nan,3500,1412000000,1412000000
4000,BSX,4020,nan,7900,1407000000,1407000000
4000,BSX,4020,nan,7901,1405020000,1405020000
4000,BSX,4020,nan,7920,1405010000,1405010000
4000,BSX,4020,nan,7921,1405020000,1405020000
4000,BSX,4020,nan,7922,1405020000,1405020000
4000,BSX,4020,nan,7923,1405010000,1405010000
4000,BSX,4020,nan,7924,1405020000,1405020000
4000,BSX,4020,nan,7925,1405010000,1405010000
4000,BSX,4020,nan,7927,1403010000,1403010000
4000,BSX,4020,nan,7928,1405010000,1405010000
4000,BSX,4030,nan,3000,1403010000,1403010000
4000,BSX,4030,nan,3040,1410000000,1410000000
4000,BSX,4030,nan,3050,1403020000,1403020000
4000,BSX,4030,nan,3400,1403020000,1403020000
4000,BSX,4030,nan,3500,1412000000,1412000000
4000,BSX,4030,nan,7900,1407000000,1407000000
4000,BSX,4030,nan,7901,1405020000,1405020000
4000,BSX,4030,nan,7920,1405010000,1405010000
4000,BSX,4030,nan,7921,1405020000,1405020000
4000,BSX,4030,nan,7922,1405020000,1405020000
4000,BSX,4030,nan,7925,1405010000,1405010000
4000,BSX,4030,nan,7928,1405010000,1405010000
4000,BSX,4040,nan,3000,1403010000,1403010000
4000,BSX,4040,nan,3040,1410000000,1410000000
4000,BSX,4040,nan,3050,1403020000,1403020000
4000,BSX,4040,nan,3500,1412000000,1412000000
4000,BSX,4040,nan,7900,1407000000,1407000000
4000,BSX,4040,nan,7901,1405020000,1405020000
4000,BSX,4040,nan,7920,1405010000,1405010000
4000,BSX,4040,nan,7921,1405020000,1405020000
4000,BSX,4040,nan,7926,1405010000,1405010000
4000,BSX,4050,nan,3000,1403010000,1403010000
4000,BSX,4050,nan,3040,1410000000,1410000000
4000,BSX,4050,nan,3050,1403020000,1403020000
4000,BSX,4050,nan,3400,1403020000,1403020000
4000,BSX,4050,nan,3500,1412000000,1412000000
4000,BSX,4050,nan,7901,1405020000,1405020000
4000,BSX,4050,nan,7921,1405020000,1405020000
4000,BSX,4060,nan,3040,1410000000,1410000000
4000,BSX,4060,nan,3100,1405020000,1405020000
4000,BSX,4070,nan,3040,1410000000,1410000000
4000,BSX,4070,nan,3400,1403020000,1403020000
4000,BSX,4070,nan,3401,1403020000,1403020000
4000,BSX,4070,nan,7921,1405020000,1405020000
4000,BSX,4070,nan,7922,1405020000,1405020000
4000,BSX,4090,nan,3000,1403010000,1403010000
4000,BSX,4090,nan,3050,1403020000,1403020000
4000,BSX,4090,nan,3500,1412000000,1412000000
4000,BSX,4090,nan,7920,1405010000,1405010000
4000,BSX,4090,nan,7926,1405010000,1405010000
4000,BSX,4100,nan,3000,1403010000,1403010000
4000,BSX,4100,nan,3040,1410000000,1410000000
4000,BSX,4100,nan,3050,1403020000,1403020000
4000,BSX,4100,nan,3400,1403020000,1403020000
4000,BSX,4100,nan,3500,1412000000,1412000000
4000,BSX,4100,nan,7900,1407000000,1407000000
4000,BSX,4100,nan,7901,1405020000,1405020000
4000,BSX,4100,nan,7920,1405010000,1405010000
4000,BSX,4100,nan,7921,1405020000,1405020000
4000,BSX,4100,nan,7922,1405020000,1405020000
4000,BSX,4100,nan,7924,1405020000,1405020000
4000,BSX,4100,nan,7925,1405010000,1405010000
4000,BSX,4100,nan,7927,1403010000,1403010000
4000,BSX,4100,nan,7928,1405010000,1405010000
4000,BSX,4110,nan,3000,1403010000,1403010000
4000,BSX,4110,nan,3040,1410000000,1410000000
4000,BSX,4110,nan,3050,1403020000,1403020000
4000,BSX,4110,nan,3400,1403020000,1403020000
4000,BSX,4110,nan,3500,1412000000,1412000000
4000,BSX,4110,nan,7900,1407000000,1407000000
4000,BSX,4110,nan,7901,1405020000,1405020000
4000,BSX,4110,nan,7920,1405010000,1405010000
4000,BSX,4110,nan,7921,1405020000,1405020000
4000,BSX,4110,nan,7922,1405020000,1405020000
4000,BSX,4110,nan,7923,1405010000,1405010000
4000,BSX,4110,nan,7924,1405020000,1405020000
4000,BSX,4110,nan,7925,1405010000,1405010000
4000,BSX,4110,nan,7927,1403010000,1403010000
4000,BSX,4110,nan,7928,1405010000,1405010000
4000,BSX,4120,nan,3000,1403010000,1403010000
4000,BSX,4120,nan,3040,1410000000,1410000000
4000,BSX,4120,nan,3050,1403020000,1403020000
4000,BSX,4120,nan,3400,1403020000,1403020000
4000,BSX,4120,nan,3500,1412000000,1412000000
4000,BSX,4120,nan,7900,1407000000,1407000000
4000,BSX,4120,nan,7901,1405020000,1405020000
4000,BSX,4120,nan,7920,1405010000,1405010000
4000,BSX,4120,nan,7921,1405020000,1405020000
4000,BSX,4120,nan,7922,1405020000,1405020000
4000,BSX,4120,nan,7923,1405010000,1405010000
4000,BSX,4120,nan,7924,1405020000,1405020000
4000,BSX,4120,nan,7925,1405010000,1405010000
4000,BSX,4120,nan,7927,1403010000,1403010000
4000,BSX,4120,nan,7928,1405010000,1405010000
4000,BSX,4130,nan,3000,1403010000,1403010000
4000,BSX,4130,nan,3040,1410000000,1410000000
4000,BSX,4130,nan,3050,1403020000,1403020000
4000,BSX,4130,nan,3400,1403020000,1403020000
4000,BSX,4130,nan,3500,1412000000,1412000000
4000,BSX,4130,nan,7900,1407000000,1407000000
4000,BSX,4130,nan,7901,1405020000,1405020000
4000,BSX,4130,nan,7920,1405010000,1405010000
4000,BSX,4130,nan,7921,1405020000,1405020000
4000,BSX,4130,nan,7922,1405020000,1405020000
4000,BSX,4130,nan,7923,1405010000,1405010000
4000,BSX,4130,nan,7924,1405020000,1405020000
4000,BSX,4130,nan,7925,1405010000,1405010000
4000,BSX,4130,nan,7927,1403010000,1403010000
4000,BSX,4130,nan,7928,1405010000,1405010000
4000,BSX,4140,nan,3000,1403010000,1403010000
4000,BSX,4140,nan,3040,1410000000,1410000000
4000,BSX,4140,nan,3050,1403020000,1403020000
4000,BSX,4140,nan,3400,1403020000,1403020000
4000,BSX,4140,nan,3500,1412000000,1412000000
4000,BSX,4140,nan,7900,1407000000,1407000000
4000,BSX,4140,nan,7901,1405020000,1405020000
4000,BSX,4140,nan,7920,1405010000,1405010000
4000,BSX,4140,nan,7921,1405020000,1405020000
4000,BSX,4140,nan,7928,1405010000,1405010000
4000,BSX,4150,nan,3000,1403010000,1403010000
4000,BSX,4150,nan,3040,1410000000,1410000000
4000,BSX,4150,nan,3050,1403020000,1403020000
4000,BSX,4150,nan,3400,1403020000,1403020000
4000,BSX,4150,nan,3500,1412000000,1412000000
4000,BSX,4150,nan,7900,1407000000,1407000000
4000,BSX,4150,nan,7901,1405020000,1405020000
4000,BSX,4150,nan,7920,1405010000,1405010000
4000,BSX,4150,nan,7921,1405020000,1405020000
4000,BSX,4150,nan,7922,1405020000,1405020000
4000,BSX,4150,nan,7923,1405010000,1405010000
4000,BSX,4150,nan,7924,1405020000,1405020000
4000,BSX,4150,nan,7925,1405010000,1405010000
4000,BSX,4150,nan,7927,1403010000,1403010000
4000,BSX,4150,nan,7928,1405010000,1405010000
4000,BSX,4170,nan,3000,1403010000,1403010000
4000,BSX,4170,nan,3040,1410000000,1410000000
4000,BSX,4170,nan,3050,1403020000,1403020000
4000,BSX,4170,nan,3400,1403020000,1403020000
4000,BSX,4170,nan,3500,1412000000,1412000000
4000,BSX,4170,nan,7900,1407000000,1407000000
4000,BSX,4170,nan,7901,1405020000,1405020000
4000,BSX,4170,nan,7920,1405010000,1405010000
4000,BSX,4170,nan,7921,1405020000,1405020000
4000,BSX,4170,nan,7924,1405020000,1405020000
4000,BSX,4170,nan,7928,1405010000,1405010000
4000,BSX,4180,nan,3000,1403010000,1403010000
4000,BSX,4180,nan,3040,1410000000,1410000000
4000,BSX,4180,nan,3050,1403020000,1403020000
4000,BSX,4180,nan,3400,1403020000,1403020000
4000,BSX,4180,nan,3500,1412000000,1412000000
4000,BSX,4180,nan,7900,1407000000,1407000000
4000,BSX,4180,nan,7901,1405020000,1405020000
4000,BSX,4180,nan,7920,1405010000,1405010000
4000,BSX,4180,nan,7921,1405020000,1405020000
4000,BSX,4180,nan,7922,1405020000,1405020000
4000,BSX,4180,nan,7923,1405010000,1405010000
4000,BSX,4180,nan,7924,1405020000,1405020000
4000,BSX,4180,nan,7925,1405010000,1405010000
4000,BSX,4180,nan,7927,1403010000,1403010000
4000,BSX,4180,nan,7928,1405010000,1405010000
4000,BSX,4220,nan,3000,1403010000,1403010000
4000,BSX,4220,nan,3040,1410000000,1410000000
4000,BSX,4220,nan,3050,1403020000,1403020000
4000,BSX,4220,nan,3400,1403020000,1403020000
4000,BSX,4220,nan,3500,1412000000,1412000000
4000,BSX,4220,nan,7900,1407000000,1407000000
4000,BSX,4220,nan,7901,1405020000,1405020000
4000,BSX,4220,nan,7920,1405010000,1405010000
4000,BSX,4220,nan,7921,1405020000,1405020000
4000,BSX,4220,nan,7926,1405010000,1405010000
4000,BSX,4230,nan,3000,1403010000,1403010000
4000,BSX,4230,nan,3040,1410000000,1410000000
4000,BSX,4230,nan,3050,1403020000,1403020000
4000,BSX,4230,nan,3500,1412000000,1412000000
4000,BSX,4230,nan,7900,1407000000,1407000000
4000,BSX,4230,nan,7901,1405020000,1405020000
4000,BSX,4230,nan,7920,1405010000,1405010000
4000,BSX,4230,nan,7921,1405020000,1405020000
4000,BSX,4230,nan,7926,1405010000,1405010000
4000,BSX,4240,nan,3000,1403010000,1403010000
4000,BSX,4240,nan,3040,1410000000,1410000000
4000,BSX,4240,nan,3050,1403020000,1403020000
4000,BSX,4240,nan,3500,1412000000,1412000000
4000,BSX,4240,nan,7900,1407000000,1407000000
4000,BSX,4240,nan,7901,1405020000,1405020000
4000,BSX,4240,nan,7920,1405010000,1405010000
4000,BSX,4240,nan,7921,1405020000,1405020000
4000,BSX,4250,nan,3000,1403010000,1403010000
4000,BSX,4250,nan,3040,1410000000,1410000000
4000,BSX,4250,nan,3050,1403020000,1403020000
4000,BSX,4250,nan,3500,1412000000,1412000000
4000,BSX,4250,nan,7900,1407000000,1407000000
4000,BSX,4250,nan,7901,1405020000,1405020000
4000,BSX,4250,nan,7920,1405010000,1405010000
4000,BSX,4250,nan,7921,1405020000,1405020000
4000,BSX,4250,nan,7926,1405010000,1405010000
4000,BSX,4260,nan,3000,1403010000,1403010000
4000,BSX,4260,nan,3040,1410000000,1410000000
4000,BSX,4260,nan,3050,1403020000,1403020000
4000,BSX,4260,nan,3500,1412000000,1412000000
4000,BSX,4260,nan,7900,1407000000,1407000000
4000,BSX,4260,nan,7901,1405020000,1405020000
4000,BSX,4260,nan,7920,1405010000,1405010000
4000,BSX,4260,nan,7921,1405020000,1405020000
4000,BSX,4300,nan,3100,1405020000,1405020000
4000,BSX,4310,nan,3000,1403010000,1403010000
4000,BSX,4310,nan,3040,1410000000,1410000000
4000,BSX,4310,nan,3050,1403020000,1403020000
4000,BSX,4310,nan,3500,1412000000,1412000000
4000,BSX,4310,nan,7900,1407000000,1407000000
4000,BSX,4310,nan,7901,1405020000,1405020000
4000,BSX,4310,nan,7920,1405010000,1405010000
4000,BSX,4310,nan,7921,1405020000,1405020000
4000,BSX,4350,nan,3000,1403010000,1403010000
4000,BSX,4350,nan,3050,1403020000,1403020000
4000,BSX,4350,nan,3500,1412000000,1412000000
4000,BSX,4350,nan,7920,1405010000,1405010000
4000,BSX,4350,nan,7926,1405010000,1405010000
4000,BSX,4370,nan,3000,1403010000,1403010000
4000,BSX,4370,nan,3040,1410000000,1410000000
4000,BSX,4370,nan,3050,1403020000,1403020000
4000,BSX,4370,nan,7900,1407000000,1407000000
4000,BSX,4370,nan,7901,1405020000,1405020000
4000,BSX,4370,nan,7920,1405010000,1405010000
4000,BSX,4370,nan,7921,1405020000,1405020000
4000,BSX,4370,nan,7926,1405010000,1405010000
4000,BSX,4380,nan,3000,1403010000,1403010000
4000,BSX,4380,nan,3040,1410000000,1410000000
4000,BSX,4380,nan,3050,1403020000,1403020000
4000,BSX,4380,nan,3500,1412000000,1412000000
4000,BSX,4380,nan,7900,1407000000,1407000000
4000,BSX,4380,nan,7901,1405020000,1405020000
4000,BSX,4380,nan,7920,1405010000,1405010000
4000,BSX,4380,nan,7921,1405020000,1405020000
4000,BSX,4380,nan,7926,1405010000,1405010000
4000,BSX,4410,nan,3000,1403010000,1403010000
4000,BSX,4410,nan,3040,1410000000,1410000000
4000,BSX,4410,nan,3050,1403020000,1403020000
4000,BSX,4410,nan,3400,1403020000,1403020000
4000,BSX,4410,nan,3500,1412000000,1412000000
4000,BSX,4410,nan,7900,1407000000,1407000000
4000,BSX,4410,nan,7901,1405020000,1405020000
4000,BSX,4410,nan,7920,1405010000,1405010000
4000,BSX,4410,nan,7921,1405020000,1405020000
4000,BSX,4410,nan,7922,1405020000,1405020000
4000,BSX,4410,nan,7924,1405020000,1405020000
4000,BSX,4420,nan,3000,1403010000,1403010000
4000,BSX,4420,nan,3040,1410000000,1410000000
4000,BSX,4420,nan,3050,1403020000,1403020000
4000,BSX,4420,nan,3100,1405020000,1405020000
4000,BSX,4420,nan,3400,1403020000,1403020000
4000,BSX,4420,nan,3500,1412000000,1412000000
4000,BSX,4460,nan,3000,1403010000,1403010000
4000,BSX,4460,nan,3050,1403020000,1403020000
4000,BSX,4460,nan,3500,1412000000,1412000000
4000,BSX,4460,nan,7920,1405010000,1405010000
4000,BSX,4460,nan,7926,1405010000,1405010000
4000,BSX,4470,nan,3000,1403010000,1403010000
4000,BSX,4470,nan,3050,1403020000,1403020000
4000,BSX,4470,nan,3500,1412000000,1412000000
4000,BSX,4470,nan,7920,1405010000,1405010000
4000,BSX,4470,nan,7926,1405010000,1405010000
4000,BSX,4480,nan,3000,1403010000,1403010000
4000,BSX,4480,nan,3040,1410000000,1410000000
4000,BSX,4480,nan,3050,1403020000,1403020000
4000,BSX,4480,nan,3400,1403020000,1403020000
4000,BSX,4480,nan,3500,1412000000,1412000000
4000,BSX,4480,nan,7900,1407000000,1407000000
4000,BSX,4480,nan,7901,1405020000,1405020000
4000,BSX,4480,nan,7920,1405010000,1405010000
4000,BSX,4480,nan,7921,1405020000,1405020000
4000,BSX,4480,nan,7922,1405020000,1405020000
4000,BSX,4480,nan,7923,1405010000,1405010000
4000,BSX,4480,nan,7925,1405010000,1405010000
4000,BSX,4510,nan,3000,1403010000,1403010000
4000,BSX,4510,nan,3040,1410000000,1410000000
4000,BSX,4510,nan,3050,1403020000,1403020000
4000,BSX,4510,nan,3400,1403020000,1403020000
4000,BSX,4510,nan,7900,1407000000,1407000000
4000,BSX,4510,nan,7901,1405020000,1405020000
4000,BSX,4510,nan,7920,1405010000,1405010000
4000,BSX,4510,nan,7921,1405020000,1405020000
4000,BSX,4510,nan,7922,1405020000,1405020000
4000,BSX,4510,nan,7923,1405010000,1405010000
4000,BSX,4510,nan,7924,1405020000,1405020000
4000,BSX,4510,nan,7925,1405010000,1405010000
4000,BSX,4510,nan,7926,1405010000,1405010000
4000,BSX,4510,nan,7927,1403010000,1403010000
4000,BSX,4510,nan,7928,1405010000,1405010000
4000,BSX,4520,nan,3000,1403010000,1403010000
4000,BSX,4520,nan,3001,1403010000,1403010000
4000,BSX,4520,nan,3002,1403010000,1403010000
4000,BSX,4520,nan,3003,1403010000,1403010000
4000,BSX,4520,nan,3040,1410000000,1410000000
4000,BSX,4520,nan,3050,1403020000,1403020000
4000,BSX,4520,nan,3400,1403020000,1403020000
4000,BSX,4520,nan,7900,1407000000,1407000000
4000,BSX,4520,nan,7901,1405020000,1405020000
4000,BSX,4520,nan,7920,1405010000,1405010000
4000,BSX,4520,nan,7921,1405020000,1405020000
4000,BSX,4520,nan,7922,1405020000,1405020000
4000,BSX,4520,nan,7923,1405010000,1405010000
4000,BSX,4520,nan,7924,1405020000,1405020000
4000,BSX,4520,nan,7925,1405010000,1405010000
4000,BSX,4520,nan,7927,1403010000,1403010000
4000,BSX,4520,nan,7928,1405010000,1405010000
4000,BSX,4530,nan,3000,1403010000,1403010000
4000,BSX,4530,nan,3050,1403020000,1403020000
4000,BSX,4530,nan,3500,1412000000,1412000000
4000,BSX,4530,nan,7920,1405010000,1405010000
4000,BSX,4530,nan,7926,1405010000,1405010000
4000,BSX,4540,nan,3050,1403020000,1403020000
4000,BSX,4540,nan,3400,1403020000,1403020000
4000,BSX,4540,nan,7921,1405020000,1405020000
4000,BSX,4540,nan,7924,1405020000,1405020000
4000,BSX,4580,nan,3000,1403010000,1403010000
4000,BSX,4580,nan,3001,1403010000,1403010000
4000,BSX,4580,nan,3002,1403010000,1403010000
4000,BSX,4580,nan,3003,1403010000,1403010000
4000,BSX,4580,nan,3040,1410000000,1410000000
4000,BSX,4580,nan,3050,1403020000,1403020000
4000,BSX,4580,nan,3400,1403020000,1403020000
4000,BSX,4580,nan,7900,1407000000,1407000000
4000,BSX,4580,nan,7901,1405020000,1405020000
4000,BSX,4580,nan,7920,1405010000,1405010000
4000,BSX,4580,nan,7921,1405020000,1405020000
4000,BSX,4580,nan,7922,1405020000,1405020000
4000,BSX,4580,nan,7923,1405010000,1405010000
4000,BSX,4580,nan,7924,1405020000,1405020000
4000,BSX,4580,nan,7925,1405010000,1405010000
4000,BSX,4580,nan,7928,1405010000,1405010000
4000,BSX,4610,nan,3040,1410000000,1410000000
4000,BSX,4610,nan,3400,1403020000,1403020000
4000,BSX,4610,nan,7921,1405020000,1405020000
4000,BSX,4620,nan,3000,1403010000,1403010000
4000,BSX,4620,nan,3050,1403020000,1403020000
4000,BSX,4620,nan,3500,1412000000,1412000000
4000,BSX,4620,nan,7920,1405010000,1405010000
4000,BSX,4620,nan,7926,1405010000,1405010000
4000,BSX,4670,nan,3000,1403010000,1403010000
4000,BSX,4670,nan,3040,1410000000,1410000000
4000,BSX,4670,nan,3050,1403020000,1403020000
4000,BSX,4670,nan,3500,1412000000,1412000000
4000,BSX,4670,nan,7900,1407000000,1407000000
4000,BSX,4670,nan,7901,1405020000,1405020000
4000,BSX,4670,nan,7920,1405010000,1405010000
4000,BSX,4670,nan,7921,1405020000,1405020000
4000,BSX,4670,nan,7925,1405010000,1405010000
4000,BSX,4670,nan,7926,1405010000,1405010000
4000,BSX,4680,nan,3000,1403010000,1403010000
4000,BSX,4680,nan,3040,1410000000,1410000000
4000,BSX,4680,nan,3050,1403020000,1403020000
4000,BSX,4680,nan,3400,1403020000,1403020000
4000,BSX,4680,nan,3500,1412000000,1412000000
4000,BSX,4680,nan,7900,1407000000,1407000000
4000,BSX,4680,nan,7901,1405020000,1405020000
4000,BSX,4680,nan,7920,1405010000,1405010000
4000,BSX,4680,nan,7921,1405020000,1405020000
4000,BSX,4680,nan,7922,1405020000,1405020000
4000,BSX,4680,nan,7923,1405010000,1405010000
4000,BSX,4680,nan,7924,1405020000,1405020000
4000,BSX,4680,nan,7925,1405010000,1405010000
4000,BSX,4680,nan,7928,1405010000,1405010000
4000,BSX,4690,nan,3000,1403010000,1403010000
4000,BSX,4690,nan,3040,1410000000,1410000000
4000,BSX,4690,nan,3050,1403020000,1403020000
4000,BSX,4690,nan,3100,1405020000,1405020000
4000,BSX,4690,nan,3400,1403020000,1403020000
4000,BSX,4690,nan,7920,1405010000,1405010000
4000,BSX,4710,nan,3000,1403010000,1403010000
4000,BSX,4710,nan,3050,1403020000,1403020000
4000,BSX,4710,nan,3500,1412000000,1412000000
4000,BSX,4710,nan,7920,1405010000,1405010000
4000,BSX,4710,nan,7926,1405010000,1405010000
4000,BSX,4730,nan,3100,1405020000,1405020000
4000,BSX,4740,nan,3000,1403010000,1403010000
4000,BSX,4740,nan,3050,1403020000,1403020000
4000,BSX,4740,nan,3400,1403020000,1403020000
4000,BSX,4740,nan,7920,1405010000,1405010000
4000,BSX,4750,nan,3000,1403010000,1403010000
4000,BSX,4750,nan,3050,1403020000,1403020000
4000,BSX,4750,nan,3400,1403020000,1403020000
4000,BSX,4750,nan,7920,1405010000,1405010000
4000,BSX,4770,nan,3000,1403010000,1403010000
4000,BSX,4770,nan,3040,1410000000,1410000000
4000,BSX,4770,nan,3050,1403020000,1403020000
4000,BSX,4770,nan,3400,1403020000,1403020000
4000,BSX,4770,nan,7920,1405010000,1405010000
4000,BSX,4800,nan,3000,1403010000,1403010000
4000,BSX,4800,nan,3040,1410000000,1410000000
4000,BSX,4800,nan,3050,1403020000,1403020000
4000,BSX,4800,nan,3400,1403020000,1403020000
4000,BSX,4800,nan,7921,1405020000,1405020000
4000,BSX,4800,nan,7922,1405020000,1405020000
4000,BSX,4800,nan,7924,1405020000,1405020000
4000,BSX,4800,nan,7928,1405010000,1405010000
4000,BSX,4820,nan,3000,1403010000,1403010000
4000,BSX,4820,nan,3001,1403010000,1403010000
4000,BSX,4820,nan,3002,1403010000,1403010000
4000,BSX,4820,nan,3003,1403010000,1403010000
4000,BSX,4820,nan,3040,1410000000,1410000000
4000,BSX,4820,nan,3050,1403020000,1403020000
4000,BSX,4820,nan,3400,1403020000,1403020000
4000,BSX,4820,nan,7900,1407000000,1407000000
4000,BSX,4820,nan,7901,1405020000,1405020000
4000,BSX,4820,nan,7920,1405010000,1405010000
4000,BSX,4820,nan,7921,1405020000,1405020000
4000,BSX,4820,nan,7922,1405020000,1405020000
4000,BSX,4820,nan,7923,1405010000,1405010000
4000,BSX,4820,nan,7924,1405020000,1405020000
4000,BSX,4820,nan,7925,1405010000,1405010000
4000,BSX,4820,nan,7927,1403010000,1403010000
4000,BSX,4820,nan,7928,1405010000,1405010000
4000,BSX,4830,nan,3000,1403010000,1403010000
4000,BSX,4830,nan,3001,1403010000,1403010000
4000,BSX,4830,nan,3002,1403010000,1403010000
4000,BSX,4830,nan,3003,1403010000,1403010000
4000,BSX,4830,nan,3040,1410000000,1410000000
4000,BSX,4830,nan,3050,1403020000,1403020000
4000,BSX,4830,nan,3400,1403020000,1403020000
4000,BSX,4830,nan,7900,1407000000,1407000000
4000,BSX,4830,nan,7901,1405020000,1405020000
4000,BSX,4830,nan,7920,1405010000,1405010000
4000,BSX,4830,nan,7921,1405020000,1405020000
4000,BSX,4830,nan,7923,1405010000,1405010000
4000,BSX,4830,nan,7924,1405020000,1405020000
4000,BSX,4830,nan,7925,1405010000,1405010000
4000,BSX,4830,nan,7927,1403010000,1403010000
4000,BSX,4830,nan,7928,1405010000,1405010000
4000,BSX,4840,nan,3000,1403010000,1403010000
4000,BSX,4840,nan,3050,1403020000,1403020000
4000,BSX,4840,nan,3400,1403020000,1403020000
4000,BSX,4840,nan,7920,1405010000,1405010000
4000,BSX,4840,nan,7925,1405010000,1405010000
4000,BSX,4870,nan,3000,1403010000,1403010000
4000,BSX,4870,nan,3040,1410000000,1410000000
4000,BSX,4870,nan,3050,1403020000,1403020000
4000,BSX,4870,nan,3400,1403020000,1403020000
4000,BSX,4870,nan,7901,1405020000,1405020000
4000,BSX,4870,nan,7920,1405010000,1405010000
4000,BSX,4870,nan,7921,1405020000,1405020000
4000,BSX,4870,nan,7922,1405020000,1405020000
4000,BSX,4870,nan,7924,1405020000,1405020000
4000,BSX,4900,nan,3000,1403010000,1403010000
4000,BSX,4900,nan,3050,1403020000,1403020000
4000,BSX,4900,nan,3400,1403020000,1403020000
4000,BSX,4900,nan,7920,1405010000,1405010000
4000,BSX,4990,nan,3000,1403010000,1403010000
4000,BSX,4990,nan,3040,1410000000,1410000000
4000,BSX,4990,nan,3050,1403020000,1403020000
4000,BSX,4990,nan,3400,1403020000,1403020000
4000,BSX,4990,nan,7921,1405020000,1405020000
4000,BSX,4990,nan,7924,1405020000,1405020000
4000,BSX,5010,nan,3000,1403010000,1403010000
4000,BSX,5010,nan,3040,1410000000,1410000000
4000,BSX,5010,nan,3050,1403020000,1403020000
4000,BSX,5010,nan,3400,1403020000,1403020000
4000,BSX,5010,nan,7921,1405020000,1405020000
4000,BSX,5010,nan,7924,1405020000,1405020000
4000,BSX,5020,nan,3000,1403010000,1403010000
4000,BSX,5020,nan,3040,1410000000,1410000000
4000,BSX,5020,nan,3050,1403020000,1403020000
4000,BSX,5020,nan,3400,1403020000,1403020000
4000,BSX,5020,nan,7921,1405020000,1405020000
4000,BSX,5020,nan,7924,1405020000,1405020000
4000,BSX,5030,nan,3050,1403020000,1403020000
4000,BSX,5030,nan,3400,1403020000,1403020000
4000,BSX,5030,nan,7921,1405020000,1405020000
4000,BSX,5030,nan,7924,1405020000,1405020000
4000,BSX,5050,nan,3000,1403010000,1403010000
4000,BSX,5050,nan,3040,1410000000,1410000000
4000,BSX,5050,nan,3050,1403020000,1403020000
4000,BSX,5050,nan,3400,1403020000,1403020000
4000,BSX,5050,nan,7900,1407000000,1407000000
4000,BSX,5050,nan,7920,1405010000,1405010000
4000,BSX,5050,nan,7921,1405020000,1405020000
4000,BSX,5050,nan,7922,1405020000,1405020000
4000,BSX,5050,nan,7923,1405010000,1405010000
4000,BSX,5050,nan,7924,1405020000,1405020000
4000,BSX,5050,nan,7928,1405010000,1405010000
4000,BSX,5060,nan,3000,1403010000,1403010000
4000,BSX,5060,nan,3050,1403020000,1403020000
4000,BSX,5060,nan,3400,1403020000,1403020000
4000,BSX,5060,nan,7920,1405010000,1405010000
4000,BSX,5080,nan,3000,1403010000,1403010000
4000,BSX,5080,nan,3040,1410000000,1410000000
4000,BSX,5080,nan,3050,1403020000,1403020000
4000,BSX,5080,nan,3400,1403020000,1403020000
4000,BSX,5080,nan,3500,1412000000,1412000000
4000,BSX,5080,nan,7900,1407000000,1407000000
4000,BSX,5080,nan,7901,1405020000,1405020000
4000,BSX,5080,nan,7920,1405010000,1405010000
4000,BSX,5080,nan,7921,1405020000,1405020000
4000,BSX,5140,nan,3400,1403020000,1403020000
4000,BSX,5140,nan,3500,1412000000,1412000000
4000,BSX,5140,nan,7921,1405020000,1405020000
4000,CO1,,nan,,6999999999,6999999999
4000,COC,,nan,,6501020000,6501020000
4000,DIF,,nan,,6501030000,6501030000
4000,FRL,4010,nan,7900,1408020000,1408020000
4000,FRL,4010,nan,7901,1408020000,1408020000
4000,FRL,4010,nan,7920,1408020000,1408020000
4000,FRL,4010,nan,7921,1408020000,1408020000
4000,FRL,4020,nan,7900,1408020000,1408020000
4000,FRL,4020,nan,7901,1408020000,1408020000
4000,FRL,4020,nan,7920,1408020000,1408020000
4000,FRL,4020,nan,7921,1408020000,1408020000
4000,FRL,4030,nan,7900,1408020000,1408020000
4000,FRL,4030,nan,7901,1408020000,1408020000
4000,FRL,4050,nan,7901,1408020000,1408020000
4000,FRL,4050,nan,7921,1408020000,1408020000
4000,FRL,4100,nan,7900,1408020000,1408020000
4000,FRL,4100,nan,7901,1408020000,1408020000
4000,FRL,4100,nan,7920,1408020000,1408020000
4000,FRL,4100,nan,7921,1408020000,1408020000
4000,FRL,4110,nan,7900,1408020000,1408020000
4000,FRL,4110,nan,7901,1408020000,1408020000
4000,FRL,4110,nan,7920,1408020000,1408020000
4000,FRL,4110,nan,7921,1408020000,1408020000
4000,FRL,4120,nan,7900,1408020000,1408020000
4000,FRL,4120,nan,7901,1408020000,1408020000
4000,FRL,4120,nan,7920,1408020000,1408020000
4000,FRL,4120,nan,7921,1408020000,1408020000
4000,FRL,4120,nan,7923,1408020000,1408020000
4000,FRL,4120,nan,7928,1408020000,1408020000
4000,FRL,4130,nan,7900,1408020000,1408020000
4000,FRL,4130,nan,7920,1408020000,1408020000
4000,FRL,4150,nan,7900,1408020000,1408020000
4000,FRL,4150,nan,7901,1408020000,1408020000
4000,FRL,4150,nan,7920,1408020000,1408020000
4000,FRL,4150,nan,7921,1408020000,1408020000
4000,FRL,4180,nan,7900,1408020000,1408020000
4000,FRL,4180,nan,7901,1408020000,1408020000
4000,FRL,4180,nan,7920,1408020000,1408020000
4000,FRL,4180,nan,7921,1408020000,1408020000
4000,FRL,4390,nan,7900,1408020000,1408020000
4000,FRL,4410,nan,7901,1408020000,1408020000
4000,FRL,4410,nan,7921,1408020000,1408020000
4000,FRL,4480,nan,7900,1408020000,1408020000
4000,FRL,4480,nan,7901,1408020000,1408020000
4000,FRL,4480,nan,7920,1408020000,1408020000
4000,FRL,4480,nan,7921,1408020000,1408020000
4000,FRL,4510,nan,7900,1408020000,1408020000
4000,FRL,4510,nan,7901,1408020000,1408020000
4000,FRL,4510,nan,7920,1408020000,1408020000
4000,FRL,4510,nan,7921,1408020000,1408020000
4000,FRL,4510,nan,7928,1408020000,1408020000
4000,FRL,4520,nan,7900,1408020000,1408020000
4000,FRL,4520,nan,7901,1408020000,1408020000
4000,FRL,4520,nan,7920,1408020000,1408020000
4000,FRL,4520,nan,7921,1408020000,1408020000
4000,FRL,4540,nan,7921,1408020000,1408020000
4000,FRL,4580,nan,7900,1408020000,1408020000
4000,FRL,4580,nan,7901,1408020000,1408020000
4000,FRL,4580,nan,7920,1408020000,1408020000
4000,FRL,4580,nan,7921,1408020000,1408020000
4000,FRL,4680,nan,7900,1408020000,1408020000
4000,FRL,4680,nan,7901,1408020000,1408020000
4000,FRL,4680,nan,7921,1408020000,1408020000
4000,FRL,4800,nan,7921,1408020000,1408020000
4000,FRL,4820,nan,7900,1408020000,1408020000
4000,FRL,4820,nan,7901,1408020000,1408020000
4000,FRL,4820,nan,7920,1408020000,1408020000
4000,FRL,4820,nan,7921,1408020000,1408020000
4000,FRL,4870,nan,7901,1408020000,1408020000
4000,FRL,4870,nan,7921,1408020000,1408020000
4000,FRL,4990,nan,7921,1408020000,1408020000
4000,FRL,5010,nan,7921,1408020000,1408020000
4000,FRL,5020,nan,7921,1408020000,1408020000
4000,FRL,5030,nan,7921,1408020000,1408020000
4000,FRL,5050,nan,7920,1408020000,1408020000
4000,FRL,5050,nan,7921,1408020000,1408020000
4000,FRL,5050,nan,7923,1408020000,1408020000
4000,GBB,4000,BSA,3400,9999999999,9999999999
4000,GBB,4000,INV,3400,1901010000,1901010000
4000,GBB,4000,VAX,3400,6402020000,6402020000
4000,GBB,4000,VAY,3400,6402020000,6402020000
4000,GBB,4000,VBR,3600,6601020000,6601020000
4000,GBB,4000,VNG,3400,1901010000,1901010000
4000,GBB,4000,Y01,3050,6601210000,6601210000
4000,GBB,4000,Y03,3050,6601010400,6601010400
4000,GBB,4000,Y05,3050,6601260000,6601260000
4000,GBB,4000,Z01,3400,6601140101,6601140101
4000,GBB,4000,Z03,3050,6601250000,6601250000
4000,GBB,4000,Z03,3400,6601250000,6601250000
4000,GBB,4000,Z15,3400,6601140101,6601140101
4000,GBB,4000,Z17,3400,6601100200,6601100200
4000,GBB,4000,Z23,3400,6601060000,6601060000
4000,GBB,4000,Z95,3050,6601342500,6601342500
4000,GBB,4010,AUF,7900,5001040000,5001040000
4000,GBB,4010,AUF,7920,5001030000,5001030000
4000,GBB,4010,AUF,7921,5001030000,5001030000
4000,GBB,4010,AUF,7923,5001030000,5001030000
4000,GBB,4010,AUF,7925,5001030000,5001030000
4000,GBB,4010,AUI,3000,5001010000,5001010000
4000,GBB,4010,AUI,3040,5001020000,5001020000
4000,GBB,4010,AUI,3050,5001060000,5001060000
4000,GBB,4010,AUI,3400,6601140101,6601140101
4000,GBB,4010,AUI,3500,5001050000,5001050000
4000,GBB,4010,AUI,3600,6601020000,6601020000
4000,GBB,4010,AUI,7900,5001040000,5001040000
4000,GBB,4010,AUI,7901,5001040000,5001040000
4000,GBB,4010,AUI,7920,5001030000,5001030000
4000,GBB,4010,AUI,7921,5001030000,5001030000
4000,GBB,4010,AUI,7923,5001030000,5001030000
4000,GBB,4010,BSA,3000,9999999999,9999999999
4000,GBB,4010,BSA,3040,9999999999,9999999999
4000,GBB,4010,BSA,3050,9999999999,9999999999
4000,GBB,4010,BSA,3400,9999999999,9999999999
4000,GBB,4010,BSA,3500,9999999999,9999999999
4000,GBB,4010,BSA,7900,9999999999,9999999999
4000,GBB,4010,BSA,7901,9999999999,9999999999
4000,GBB,4010,BSA,7920,9999999999,9999999999
4000,GBB,4010,BSA,7921,9999999999,9999999999
4000,GBB,4010,INV,3000,1901010000,1901010000
4000,GBB,4010,INV,3040,1901010000,1901010000
4000,GBB,4010,INV,3050,1901010000,1901010000
4000,GBB,4010,INV,3051,1901010000,1901010000
4000,GBB,4010,INV,3400,1901010000,1901010000
4000,GBB,4010,INV,3500,1901010000,1901010000
4000,GBB,4010,INV,7900,1901010000,1901010000
4000,GBB,4010,INV,7901,1901010000,1901010000
4000,GBB,4010,INV,7920,1901010000,1901010000
4000,GBB,4010,INV,7921,1901010000,1901010000
4000,GBB,4010,INV,7923,1901010000,1901010000
4000,GBB,4010,INV,7925,1901010000,1901010000
4000,GBB,4010,VAX,3000,6402020000,6402020000
4000,GBB,4010,VAX,3040,6402020000,6402020000
4000,GBB,4010,VAX,3050,6402020000,6402020000
4000,GBB,4010,VAX,3400,6402020000,6402020000
4000,GBB,4010,VAX,7900,6402020000,6402020000
4000,GBB,4010,VAX,7920,6401000000,6401000000
4000,GBB,4010,VAX,7921,6401000000,6401000000
4000,GBB,4010,VAX,7922,6402070000,6402070000
4000,GBB,4010,VAX,7923,6402990000,6402990000
4000,GBB,4010,VAX,7925,6402990000,6402990000
4000,GBB,4010,VAY,3000,6402020000,6402020000
4000,GBB,4010,VAY,3040,6402020000,6402020000
4000,GBB,4010,VAY,3050,6402020000,6402020000
4000,GBB,4010,VAY,3400,6402020000,6402020000
4000,GBB,4010,VAY,7900,6402020000,6402020000
4000,GBB,4010,VAY,7920,6401000000,6401000000
4000,GBB,4010,VAY,7921,6401000000,6401000000
4000,GBB,4010,VAY,7922,6402070000,6402070000
4000,GBB,4010,VAY,7923,6402080000,6402080000
4000,GBB,4010,VAY,7925,6402020000,6402020000
4000,GBB,4010,VBO,3000,1408010000,1408010000
4000,GBB,4010,VBO,3040,1408010000,1408010000
4000,GBB,4010,VBR,3050,6601030000,6601030000
4000,GBB,4010,VBR,3400,5001020000,5001020000
4000,GBB,4010,VBR,3500,5001050000,5001050000
4000,GBB,4010,VBR,3600,6601020000,6601020000
4000,GBB,4010,VBR,7900,5001040000,5001040000
4000,GBB,4010,VBR,7901,5001040000,5001040000
4000,GBB,4010,VBR,7920,5001030000,5001030000
4000,GBB,4010,VBR,7921,5001030000,5001030000
4000,GBB,4010,VBR,7923,5001030000,5001030000
4000,GBB,4010,VBR,7925,5001030000,5001030000
4000,GBB,4010,VNG,3000,1901010000,1901010000
4000,GBB,4010,VNG,3040,1901010000,1901010000
4000,GBB,4010,VNG,3050,1901010000,1901010000
4000,GBB,4010,VNG,3400,1901010000,1901010000
4000,GBB,4010,VNG,3500,1901010000,1901010000
4000,GBB,4010,VNG,7900,1901010000,1901010000
4000,GBB,4010,VNG,7901,1901010000,1901010000
4000,GBB,4010,VNG,7920,1901010000,1901010000
4000,GBB,4010,VNG,7921,1901010000,1901010000
4000,GBB,4010,VNG,7922,1901010000,1901010000
4000,GBB,4010,VNG,7923,1901010000,1901010000
4000,GBB,4010,Z01,3040,6601060000,6601060000
4000,GBB,4010,Z01,3050,6601140101,6601140101
4000,GBB,4010,Z01,3400,6601140101,6601140101
4000,GBB,4010,Z01,7900,6601140106,6601140106
4000,GBB,4010,Z01,7920,6601140106,6601140106
4000,GBB,4010,Z01,7921,6601140106,6601140106
4000,GBB,4010,Z03,7900,6601250000,6601250000
4000,GBB,4010,Z03,7920,6601250000,6601250000
4000,GBB,4010,Z03,7921,6601250000,6601250000
4000,GBB,4010,Z05,3000,6601330000,6601330000
4000,GBB,4010,Z05,3040,6601330000,6601330000
4000,GBB,4010,Z05,3050,6601330000,6601330000
4000,GBB,4010,Z05,3500,6601330000,6601330000
4000,GBB,4010,Z05,7900,6601330000,6601330000
4000,GBB,4010,Z05,7920,6601330000,6601330000
4000,GBB,4010,Z05,7921,6601330000,6601330000
4000,GBB,4010,Z05,7923,6601330000,6601330000
4000,GBB,4010,Z05,7924,6601330000,6601330000
4000,GBB,4010,Z07,3000,6601340100,6601340100
4000,GBB,4010,Z07,3040,6601340100,6601340100
4000,GBB,4010,Z07,7900,6601340100,6601340100
4000,GBB,4010,Z07,7920,6601340100,6601340100
4000,GBB,4010,Z07,7921,6601340100,6601340100
4000,GBB,4010,Z09,7900,6601120000,6601120000
4000,GBB,4010,Z09,7920,6601120000,6601120000
4000,GBB,4010,Z09,7921,6601120000,6601120000
4000,GBB,4010,Z11,7900,6601140103,6601140103
4000,GBB,4010,Z11,7920,6601140103,6601140103
4000,GBB,4010,Z11,7921,6601140103,6601140103
4000,GBB,4010,Z13,3050,6601010200,6601010200
4000,GBB,4010,Z13,7900,6601010200,6601010200
4000,GBB,4010,Z13,7920,6601010200,6601010200
4000,GBB,4010,Z13,7921,6601010200,6601010200
4000,GBB,4010,Z15,3040,6601060000,6601060000
4000,GBB,4010,Z15,3050,6601140101,6601140101
4000,GBB,4010,Z15,3400,6601140101,6601140101
4000,GBB,4010,Z17,3400,6601100200,6601100200
4000,GBB,4010,Z19,3040,6601030000,6601030000
4000,GBB,4010,Z19,3050,6601030000,6601030000
4000,GBB,4010,Z19,3500,6601030000,6601030000
4000,GBB,4010,Z21,3050,6601230000,6601230000
4000,GBB,4010,Z21,3500,6601230000,6601230000
4000,GBB,4010,Z23,3040,6601060000,6601060000
4000,GBB,4010,Z23,3050,6601060000,6601060000
4000,GBB,4010,Z23,3400,6601060000,6601060000
4000,GBB,4010,Z23,3500,6601060000,6601060000
4000,GBB,4010,Z25,3050,6601410000,6601410000
4000,GBB,4010,Z27,3400,6711060000,6711060000
4000,GBB,4010,Z27,7920,6711060000,6711060000
4000,GBB,4010,Z27,7921,6711060000,6711060000
4000,GBB,4010,Z29,7920,6601140105,6601140105
4000,GBB,4010,Z29,7921,6601140105,6601140105
4000,GBB,4010,Z33,3000,6601060000,6601060000
4000,GBB,4010,Z33,3040,6601060000,6601060000
4000,GBB,4010,Z37,3000,6402020000,6402020000
4000,GBB,4010,Z37,3040,6402020000,6402020000
4000,GBB,4010,Z37,3050,6402020000,6402020000
4000,GBB,4010,Z37,3400,6402020000,6402020000
4000,GBB,4010,Z37,7900,6402020000,6402020000
4000,GBB,4010,Z39,7920,6601120000,6601120000
4000,GBB,4010,Z39,7921,6601120000,6601120000
4000,GBB,4010,Z41,7920,6601110000,6601110000
4000,GBB,4010,Z41,7921,6601110000,6601110000
4000,GBB,4010,Z41,7922,6601110000,6601110000
4000,GBB,4010,Z45,3050,6601080105,6601080105
4000,GBB,4010,Z47,3050,6601160500,6601160500
4000,GBB,4010,Z49,7920,6601140103,6601140103
4000,GBB,4010,Z49,7921,6601140103,6601140103
4000,GBB,4010,Z53,7920,6601140106,6601140106
4000,GBB,4010,Z53,7921,6601140106,6601140106
4000,GBB,4010,Z53,7922,6601140106,6601140106
4000,GBB,4010,Z93,7920,6711090000,6711090000
4000,GBB,4010,Z93,7921,6711090000,6711090000
4000,GBB,4010,Z95,3050,6601342500,6601342500
4000,GBB,4010,ZBR,3000,6601060000,6601060000
4000,GBB,4010,ZBR,3040,6601060000,6601060000
4000,GBB,4010,ZBR,3050,6601060000,6601060000
4000,GBB,4010,ZBR,3500,6601060000,6601060000
4000,GBB,4010,ZOB,3040,nan,nan
4000,GBB,4010,ZOB,7920,nan,nan
4000,GBB,4010,ZOB,7921,nan,nan
4000,GBB,4020,AUF,7900,5001040000,5001040000
4000,GBB,4020,AUF,7920,5001030000,5001030000
4000,GBB,4020,AUF,7921,5001030000,5001030000
4000,GBB,4020,AUF,7923,5001030000,5001030000
4000,GBB,4020,AUF,7925,5001030000,5001030000
4000,GBB,4020,AUF,7928,5001030000,5001030000
4000,GBB,4020,AUI,3000,5001010000,5001010000
4000,GBB,4020,AUI,3040,5001020000,5001020000
4000,GBB,4020,AUI,3050,5001060000,5001060000
4000,GBB,4020,AUI,3400,6601140101,6601140101
4000,GBB,4020,AUI,3500,5001050000,5001050000
4000,GBB,4020,AUI,3600,6601020000,6601020000
4000,GBB,4020,AUI,7900,5001040000,5001040000
4000,GBB,4020,AUI,7901,5001040000,5001040000
4000,GBB,4020,AUI,7920,5001030000,5001030000
4000,GBB,4020,AUI,7921,5001030000,5001030000
4000,GBB,4020,AUI,7923,5001030000,5001030000
4000,GBB,4020,BSA,3000,9999999999,9999999999
4000,GBB,4020,BSA,3040,9999999999,9999999999
4000,GBB,4020,BSA,3050,9999999999,9999999999
4000,GBB,4020,BSA,3400,9999999999,9999999999
4000,GBB,4020,BSA,3500,9999999999,9999999999
4000,GBB,4020,BSA,7900,9999999999,9999999999
4000,GBB,4020,BSA,7901,9999999999,9999999999
4000,GBB,4020,BSA,7920,9999999999,9999999999
4000,GBB,4020,BSA,7921,9999999999,9999999999
4000,GBB,4020,BSA,7924,9999999999,9999999999
4000,GBB,4020,BSA,7925,9999999999,9999999999
4000,GBB,4020,BSA,7928,9999999999,9999999999
4000,GBB,4020,INV,3000,1901010000,1901010000
4000,GBB,4020,INV,3040,1901010000,1901010000
4000,GBB,4020,INV,3050,1901010000,1901010000
4000,GBB,4020,INV,3051,1901010000,1901010000
4000,GBB,4020,INV,3400,1901010000,1901010000
4000,GBB,4020,INV,3500,1901010000,1901010000
4000,GBB,4020,INV,7900,1901010000,1901010000
4000,GBB,4020,INV,7901,1901010000,1901010000
4000,GBB,4020,INV,7920,1901010000,1901010000
4000,GBB,4020,INV,7921,1901010000,1901010000
4000,GBB,4020,INV,7923,1901010000,1901010000
4000,GBB,4020,INV,7924,1901010000,1901010000
4000,GBB,4020,INV,7925,1901010000,1901010000
4000,GBB,4020,INV,7927,1901010000,1901010000
4000,GBB,4020,INV,7928,1901010000,1901010000
4000,GBB,4020,VAX,3000,6402020000,6402020000
4000,GBB,4020,VAX,3040,6402020000,6402020000
4000,GBB,4020,VAX,3050,6402020000,6402020000
4000,GBB,4020,VAX,3400,6402020000,6402020000
4000,GBB,4020,VAX,7900,6402020000,6402020000
4000,GBB,4020,VAX,7920,6401000000,6401000000
4000,GBB,4020,VAX,7921,6401000000,6401000000
4000,GBB,4020,VAX,7922,6402070000,6402070000
4000,GBB,4020,VAX,7923,6402080000,6402080000
4000,GBB,4020,VAX,7924,6402090000,6402090000
4000,GBB,4020,VAX,7925,6402020000,6402020000
4000,GBB,4020,VAX,7927,6402020000,6402020000
4000,GBB,4020,VAX,7928,6402090000,6402090000
4000,GBB,4020,VAY,3000,6402020000,6402020000
4000,GBB,4020,VAY,3040,6402020000,6402020000
4000,GBB,4020,VAY,3050,6402020000,6402020000
4000,GBB,4020,VAY,3400,6402020000,6402020000
4000,GBB,4020,VAY,7900,6402020000,6402020000
4000,GBB,4020,VAY,7920,6401000000,6401000000
4000,GBB,4020,VAY,7921,6401000000,6401000000
4000,GBB,4020,VAY,7922,6402070000,6402070000
4000,GBB,4020,VAY,7923,6402080000,6402080000
4000,GBB,4020,VAY,7924,6402090000,6402090000
4000,GBB,4020,VAY,7925,6402020000,6402020000
4000,GBB,4020,VAY,7927,6402020000,6402020000
4000,GBB,4020,VAY,7928,6402090000,6402090000
4000,GBB,4020,VBO,3000,1408010000,1408010000
4000,GBB,4020,VBO,3040,1408010000,1408010000
4000,GBB,4020,VBR,3000,5001010000,5001010000
4000,GBB,4020,VBR,3040,5001020000,5001020000
4000,GBB,4020,VBR,3050,6601030000,6601030000
4000,GBB,4020,VBR,3400,5001020000,5001020000
4000,GBB,4020,VBR,3500,5001050000,5001050000
4000,GBB,4020,VBR,3600,6601020000,6601020000
4000,GBB,4020,VBR,7900,5001040000,5001040000
4000,GBB,4020,VBR,7901,5001040000,5001040000
4000,GBB,4020,VBR,7920,5001030000,5001030000
4000,GBB,4020,VBR,7921,5001030000,5001030000
4000,GBB,4020,VBR,7923,5001030000,5001030000
4000,GBB,4020,VBR,7924,5001030000,5001030000
4000,GBB,4020,VBR,7925,5001030000,5001030000
4000,GBB,4020,VBR,7927,5001010000,5001010000
4000,GBB,4020,VBR,7928,5001030000,5001030000
4000,GBB,4020,VNG,3000,1901010000,1901010000
4000,GBB,4020,VNG,3040,1901010000,1901010000
4000,GBB,4020,VNG,3050,1901010000,1901010000
4000,GBB,4020,VNG,3400,1901010000,1901010000
4000,GBB,4020,VNG,3500,1901010000,1901010000
4000,GBB,4020,VNG,7900,1901010000,1901010000
4000,GBB,4020,VNG,7901,1901010000,1901010000
4000,GBB,4020,VNG,7920,1901010000,1901010000
4000,GBB,4020,VNG,7921,1901010000,1901010000
4000,GBB,4020,VNG,7922,1901010000,1901010000
4000,GBB,4020,VNG,7923,1901010000,1901010000
4000,GBB,4020,VNG,7924,1901010000,1901010000
4000,GBB,4020,VNG,7927,1901010000,1901010000
4000,GBB,4020,VNG,7928,1901010000,1901010000
4000,GBB,4020,VQP,7927,6601330000,6601330000
4000,GBB,4020,VQP,7928,6601330000,6601330000
4000,GBB,4020,VQY,7927,6601330000,6601330000
4000,GBB,4020,VQY,7928,6601330000,6601330000
4000,GBB,4020,Z01,3040,6601060000,6601060000
4000,GBB,4020,Z01,3050,6601140101,6601140101
4000,GBB,4020,Z01,3400,6601140101,6601140101
4000,GBB,4020,Z01,7900,6601140106,6601140106
4000,GBB,4020,Z01,7920,6601140106,6601140106
4000,GBB,4020,Z01,7921,6601140106,6601140106
4000,GBB,4020,Z01,7928,6601140106,6601140106
4000,GBB,4020,Z03,7900,6601250000,6601250000
4000,GBB,4020,Z03,7920,6601250000,6601250000
4000,GBB,4020,Z03,7921,6601250000,6601250000
4000,GBB,4020,Z03,7928,6601250000,6601250000
4000,GBB,4020,Z05,3000,6601330000,6601330000
4000,GBB,4020,Z05,3040,6601330000,6601330000
4000,GBB,4020,Z05,3050,6601330000,6601330000
4000,GBB,4020,Z05,3500,6601330000,6601330000
4000,GBB,4020,Z05,7900,6601330000,6601330000
4000,GBB,4020,Z05,7920,6601330000,6601330000
4000,GBB,4020,Z05,7921,6601330000,6601330000
4000,GBB,4020,Z05,7923,6601330000,6601330000
4000,GBB,4020,Z05,7927,6601330000,6601330000
4000,GBB,4020,Z05,7928,6601330000,6601330000
4000,GBB,4020,Z07,3000,6601340100,6601340100
4000,GBB,4020,Z07,3040,6601340100,6601340100
4000,GBB,4020,Z07,7900,6601340100,6601340100
4000,GBB,4020,Z07,7920,6601340100,6601340100
4000,GBB,4020,Z07,7921,6601340100,6601340100
4000,GBB,4020,Z07,7928,6601340100,6601340100
4000,GBB,4020,Z09,7900,6601120000,6601120000
4000,GBB,4020,Z09,7920,6601120000,6601120000
4000,GBB,4020,Z09,7921,6601120000,6601120000
4000,GBB,4020,Z09,7924,6601120000,6601120000
4000,GBB,4020,Z09,7928,6601120000,6601120000
4000,GBB,4020,Z11,7900,6601140103,6601140103
4000,GBB,4020,Z11,7920,6601140103,6601140103
4000,GBB,4020,Z11,7921,6601140103,6601140103
4000,GBB,4020,Z11,7924,6601140103,6601140103
4000,GBB,4020,Z11,7928,6601140103,6601140103
4000,GBB,4020,Z13,3050,6601010200,6601010200
4000,GBB,4020,Z13,7900,6601010200,6601010200
4000,GBB,4020,Z13,7920,6601010200,6601010200
4000,GBB,4020,Z13,7921,6601010200,6601010200
4000,GBB,4020,Z13,7928,6601010200,6601010200
4000,GBB,4020,Z15,3040,6601060000,6601060000
4000,GBB,4020,Z15,3050,6601140101,6601140101
4000,GBB,4020,Z15,3400,6601140101,6601140101
4000,GBB,4020,Z17,3400,6601100200,6601100200
4000,GBB,4020,Z17,7921,6601100200,6601100200
4000,GBB,4020,Z17,7924,6601100200,6601100200
4000,GBB,4020,Z17,7928,6601100200,6601100200
4000,GBB,4020,Z19,3040,6601030000,6601030000
4000,GBB,4020,Z19,3050,6601030000,6601030000
4000,GBB,4020,Z19,3500,6601030000,6601030000
4000,GBB,4020,Z21,3050,6601230000,6601230000
4000,GBB,4020,Z21,3500,6601230000,6601230000
4000,GBB,4020,Z23,3040,6601060000,6601060000
4000,GBB,4020,Z23,3050,6601060000,6601060000
4000,GBB,4020,Z23,3400,6601060000,6601060000
4000,GBB,4020,Z23,3500,6601060000,6601060000
4000,GBB,4020,Z25,3050,6601410000,6601410000
4000,GBB,4020,Z27,3400,6711060000,6711060000
4000,GBB,4020,Z27,7920,6711060000,6711060000
4000,GBB,4020,Z27,7921,6711060000,6711060000
4000,GBB,4020,Z27,7928,6711060000,6711060000
4000,GBB,4020,Z29,7920,6601140105,6601140105
4000,GBB,4020,Z29,7921,6601140105,6601140105
4000,GBB,4020,Z29,7928,6601140105,6601140105
4000,GBB,4020,Z33,3000,6601060000,6601060000
4000,GBB,4020,Z33,3040,6601060000,6601060000
4000,GBB,4020,Z37,3000,6402020000,6402020000
4000,GBB,4020,Z37,3040,6402020000,6402020000
4000,GBB,4020,Z37,3050,6402020000,6402020000
4000,GBB,4020,Z37,3400,6402020000,6402020000
4000,GBB,4020,Z37,7900,6402020000,6402020000
4000,GBB,4020,Z39,7920,6601120000,6601120000
4000,GBB,4020,Z39,7921,6601120000,6601120000
4000,GBB,4020,Z39,7928,6601120000,6601120000
4000,GBB,4020,Z41,7920,6601110000,6601110000
4000,GBB,4020,Z41,7921,6601110000,6601110000
4000,GBB,4020,Z41,7922,6601110000,6601110000
4000,GBB,4020,Z41,7928,6601110000,6601110000
4000,GBB,4020,Z45,3050,6601080105,6601080105
4000,GBB,4020,Z47,3050,6601160500,6601160500
4000,GBB,4020,Z49,7920,6601140103,6601140103
4000,GBB,4020,Z49,7921,6601140103,6601140103
4000,GBB,4020,Z49,7928,6601140103,6601140103
4000,GBB,4020,Z53,7920,6601140106,6601140106
4000,GBB,4020,Z53,7921,6601140106,6601140106
4000,GBB,4020,Z53,7922,6601140106,6601140106
4000,GBB,4020,Z53,7928,6601140106,6601140106
4000,GBB,4020,Z65,7928,6402990000,6402990000
4000,GBB,4020,Z69,7928,6402990000,6402990000
4000,GBB,4020,Z71,3050,6601330000,6601330000
4000,GBB,4020,Z71,7928,6601330000,6601330000
4000,GBB,4020,Z73,3050,6601060000,6601060000
4000,GBB,4020,Z75,3050,6601060000,6601060000
4000,GBB,4020,Z77,3040,6601060000,6601060000
4000,GBB,4020,Z77,3050,6601060000,6601060000
4000,GBB,4020,Z79,3040,6601060000,6601060000
4000,GBB,4020,Z79,3050,6601060000,6601060000
4000,GBB,4020,Z81,3050,6601060000,6601060000
4000,GBB,4020,Z83,3050,6601030000,6601030000
4000,GBB,4020,Z85,3050,6601030000,6601030000
4000,GBB,4020,Z87,3050,6601030000,6601030000
4000,GBB,4020,Z89,3050,6601030000,6601030000
4000,GBB,4020,Z91,3050,6601030000,6601030000
4000,GBB,4020,Z93,7920,6711090000,6711090000
4000,GBB,4020,Z93,7921,6711090000,6711090000
4000,GBB,4020,Z93,7928,6711090000,6711090000
4000,GBB,4020,Z95,3050,6601342500,6601342500
4000,GBB,4020,ZBR,3000,6601060000,6601060000
4000,GBB,4020,ZBR,3040,6601060000,6601060000
4000,GBB,4020,ZBR,3050,6601060000,6601060000
4000,GBB,4020,ZBR,3500,6601060000,6601060000
4000,GBB,4020,ZOB,3000,nan,nan
4000,GBB,4020,ZOB,3040,nan,nan
4000,GBB,4020,ZOB,7920,nan,nan
4000,GBB,4020,ZOB,7921,nan,nan
4000,GBB,4030,AUF,7900,5001040000,5001040000
4000,GBB,4030,AUF,7920,5001030000,5001030000
4000,GBB,4030,AUF,7921,5001030000,5001030000
4000,GBB,4030,AUF,7925,5001030000,5001030000
4000,GBB,4030,AUF,7928,5001030000,5001030000
4000,GBB,4030,AUI,3000,5001010000,5001010000
4000,GBB,4030,AUI,3040,5001020000,5001020000
4000,GBB,4030,AUI,3050,5001060000,5001060000
4000,GBB,4030,AUI,3400,6601140101,6601140101
4000,GBB,4030,AUI,3500,5001050000,5001050000
4000,GBB,4030,AUI,3600,6601020000,6601020000
4000,GBB,4030,AUI,7900,5001040000,5001040000
4000,GBB,4030,AUI,7901,5001040000,5001040000
4000,GBB,4030,AUI,7920,5001030000,5001030000
4000,GBB,4030,AUI,7921,5001030000,5001030000
4000,GBB,4030,BSA,3000,9999999999,9999999999
4000,GBB,4030,BSA,3040,9999999999,9999999999
4000,GBB,4030,BSA,3050,9999999999,9999999999
4000,GBB,4030,BSA,3400,9999999999,9999999999
4000,GBB,4030,BSA,3500,9999999999,9999999999
4000,GBB,4030,BSA,7900,9999999999,9999999999
4000,GBB,4030,BSA,7920,9999999999,9999999999
4000,GBB,4030,BSA,7928,9999999999,9999999999
4000,GBB,4030,INV,3000,1901010000,1901010000
4000,GBB,4030,INV,3040,1901010000,1901010000
4000,GBB,4030,INV,3050,1901010000,1901010000
4000,GBB,4030,INV,3400,1901010000,1901010000
4000,GBB,4030,INV,3500,1901010000,1901010000
4000,GBB,4030,INV,7900,1901010000,1901010000
4000,GBB,4030,INV,7920,1901010000,1901010000
4000,GBB,4030,INV,7921,1901010000,1901010000
4000,GBB,4030,INV,7925,1901010000,1901010000
4000,GBB,4030,INV,7928,1901010000,1901010000
4000,GBB,4030,VAX,3000,6402020000,6402020000
4000,GBB,4030,VAX,3040,6402020000,6402020000
4000,GBB,4030,VAX,3050,6402020000,6402020000
4000,GBB,4030,VAX,3400,6402020000,6402020000
4000,GBB,4030,VAX,7900,6402020000,6402020000
4000,GBB,4030,VAX,7920,6401000000,6401000000
4000,GBB,4030,VAX,7921,6401000000,6401000000
4000,GBB,4030,VAX,7922,6402070000,6402070000
4000,GBB,4030,VAX,7925,6402020000,6402020000
4000,GBB,4030,VAX,7928,6402090000,6402090000
4000,GBB,4030,VAY,3000,6402020000,6402020000
4000,GBB,4030,VAY,3040,6402020000,6402020000
4000,GBB,4030,VAY,3050,6402020000,6402020000
4000,GBB,4030,VAY,3400,6402020000,6402020000
4000,GBB,4030,VAY,7900,6402020000,6402020000
4000,GBB,4030,VAY,7920,6401000000,6401000000
4000,GBB,4030,VAY,7921,6401000000,6401000000
4000,GBB,4030,VAY,7922,6402070000,6402070000
4000,GBB,4030,VAY,7925,6402020000,6402020000
4000,GBB,4030,VAY,7928,6402090000,6402090000
4000,GBB,4030,VBO,3000,1408010000,1408010000
4000,GBB,4030,VBO,3040,1408010000,1408010000
4000,GBB,4030,VBR,3000,5001010000,5001010000
4000,GBB,4030,VBR,3040,5001020000,5001020000
4000,GBB,4030,VBR,3050,5001060000,5001060000
4000,GBB,4030,VBR,3400,5001020000,5001020000
4000,GBB,4030,VBR,3500,5001050000,5001050000
4000,GBB,4030,VBR,3600,6601020000,6601020000
4000,GBB,4030,VBR,7900,5001040000,5001040000
4000,GBB,4030,VBR,7901,5001040000,5001040000
4000,GBB,4030,VBR,7920,5001030000,5001030000
4000,GBB,4030,VBR,7921,5001030000,5001030000
4000,GBB,4030,VBR,7922,5001030000,5001030000
4000,GBB,4030,VBR,7925,5001030000,5001030000
4000,GBB,4030,VBR,7928,5001030000,5001030000
4000,GBB,4030,VNG,3000,1901010000,1901010000
4000,GBB,4030,VNG,3040,1901010000,1901010000
4000,GBB,4030,VNG,3050,1901010000,1901010000
4000,GBB,4030,VNG,3400,1901010000,1901010000
4000,GBB,4030,VNG,3500,1901010000,1901010000
4000,GBB,4030,VNG,7900,1901010000,1901010000
4000,GBB,4030,VNG,7920,1901010000,1901010000
4000,GBB,4030,VNG,7921,1901010000,1901010000
4000,GBB,4030,VNG,7922,1901010000,1901010000
4000,GBB,4030,VNG,7928,1901010000,1901010000
4000,GBB,4030,VQP,7928,6601330000,6601330000
4000,GBB,4030,VQY,7920,6601330000,6601330000
4000,GBB,4030,VQY,7928,6601330000,6601330000
4000,GBB,4030,Z01,3040,6601060000,6601060000
4000,GBB,4030,Z01,3400,6601140101,6601140101
4000,GBB,4030,Z01,7920,6601140106,6601140106
4000,GBB,4030,Z01,7921,6601140106,6601140106
4000,GBB,4030,Z01,7928,6601140106,6601140106
4000,GBB,4030,Z03,7900,6601250000,6601250000
4000,GBB,4030,Z03,7920,6601250000,6601250000
4000,GBB,4030,Z03,7921,6601250000,6601250000
4000,GBB,4030,Z03,7928,6601250000,6601250000
4000,GBB,4030,Z05,3000,6601330000,6601330000
4000,GBB,4030,Z05,3040,6601330000,6601330000
4000,GBB,4030,Z05,3050,6601330000,6601330000
4000,GBB,4030,Z05,3500,6601330000,6601330000
4000,GBB,4030,Z05,7900,6601330000,6601330000
4000,GBB,4030,Z05,7920,6601330000,6601330000
4000,GBB,4030,Z05,7921,6601330000,6601330000
4000,GBB,4030,Z05,7928,6601330000,6601330000
4000,GBB,4030,Z07,3000,6601340100,6601340100
4000,GBB,4030,Z07,3040,6601340100,6601340100
4000,GBB,4030,Z07,7900,6601340100,6601340100
4000,GBB,4030,Z07,7920,6601340100,6601340100
4000,GBB,4030,Z07,7921,6601340100,6601340100
4000,GBB,4030,Z07,7928,6601340100,6601340100
4000,GBB,4030,Z09,7900,6601120000,6601120000
4000,GBB,4030,Z09,7920,6601120000,6601120000
4000,GBB,4030,Z09,7921,6601120000,6601120000
4000,GBB,4030,Z09,7928,6601120000,6601120000
4000,GBB,4030,Z11,7900,6601140103,6601140103
4000,GBB,4030,Z11,7920,6601140103,6601140103
4000,GBB,4030,Z11,7921,6601140103,6601140103
4000,GBB,4030,Z11,7928,6601140103,6601140103
4000,GBB,4030,Z13,3000,6601010200,6601010200
4000,GBB,4030,Z13,3050,6601010200,6601010200
4000,GBB,4030,Z13,3400,6601010200,6601010200
4000,GBB,4030,Z13,7900,6601010200,6601010200
4000,GBB,4030,Z13,7920,6601010200,6601010200
4000,GBB,4030,Z13,7921,6601010200,6601010200
4000,GBB,4030,Z13,7928,6601010200,6601010200
4000,GBB,4030,Z15,3040,6601060000,6601060000
4000,GBB,4030,Z15,3050,6601140101,6601140101
4000,GBB,4030,Z15,3400,6601140101,6601140101
4000,GBB,4030,Z17,3400,6601100200,6601100200
4000,GBB,4030,Z17,7928,6601100200,6601100200
4000,GBB,4030,Z19,3040,6601030000,6601030000
4000,GBB,4030,Z19,3050,6601030000,6601030000
4000,GBB,4030,Z19,3500,6601030000,6601030000
4000,GBB,4030,Z21,3050,6601230000,6601230000
4000,GBB,4030,Z21,3400,6601230000,6601230000
4000,GBB,4030,Z21,3500,6601230000,6601230000
4000,GBB,4030,Z23,3040,6601060000,6601060000
4000,GBB,4030,Z23,3050,6601060000,6601060000
4000,GBB,4030,Z23,3400,6601060000,6601060000
4000,GBB,4030,Z23,3500,6601060000,6601060000
4000,GBB,4030,Z25,3050,6601410000,6601410000
4000,GBB,4030,Z27,7920,6711060000,6711060000
4000,GBB,4030,Z27,7921,6711060000,6711060000
4000,GBB,4030,Z27,7928,6711060000,6711060000
4000,GBB,4030,Z29,7928,6601140105,6601140105
4000,GBB,4030,Z37,3000,6402020000,6402020000
4000,GBB,4030,Z37,3040,6402020000,6402020000
4000,GBB,4030,Z37,3050,6402020000,6402020000
4000,GBB,4030,Z37,3400,6402020000,6402020000
4000,GBB,4030,Z37,7900,6402020000,6402020000
4000,GBB,4030,Z39,7920,6601120000,6601120000
4000,GBB,4030,Z39,7921,6601120000,6601120000
4000,GBB,4030,Z39,7928,6601120000,6601120000
4000,GBB,4030,Z41,7920,6601110000,6601110000
4000,GBB,4030,Z41,7921,6601110000,6601110000
4000,GBB,4030,Z41,7922,6601110000,6601110000
4000,GBB,4030,Z41,7928,6601110000,6601110000
4000,GBB,4030,Z45,3050,6601080105,6601080105
4000,GBB,4030,Z47,3050,6601160500,6601160500
4000,GBB,4030,Z49,7920,6601140103,6601140103
4000,GBB,4030,Z49,7921,6601140103,6601140103
4000,GBB,4030,Z49,7928,6601140103,6601140103
4000,GBB,4030,Z51,7920,1406000000,1406000000
4000,GBB,4030,Z51,7921,1406000000,1406000000
4000,GBB,4030,Z51,7922,1406000000,1406000000
4000,GBB,4030,Z53,7921,6601140106,6601140106
4000,GBB,4030,Z53,7928,6601140106,6601140106
4000,GBB,4030,Z65,7928,6402990000,6402990000
4000,GBB,4030,Z69,7928,6402990000,6402990000
4000,GBB,4030,Z71,3050,6601330000,6601330000
4000,GBB,4030,Z71,7928,6601330000,6601330000
4000,GBB,4030,Z73,3050,6601060000,6601060000
4000,GBB,4030,Z75,3050,6601060000,6601060000
4000,GBB,4030,Z77,3040,6601060000,6601060000
4000,GBB,4030,Z77,3050,6601060000,6601060000
4000,GBB,4030,Z79,3040,6601060000,6601060000
4000,GBB,4030,Z79,3050,6601060000,6601060000
4000,GBB,4030,Z81,3050,6601060000,6601060000
4000,GBB,4030,Z83,3050,6601030000,6601030000
4000,GBB,4030,Z85,3050,6601030000,6601030000
4000,GBB,4030,Z87,3050,6601030000,6601030000
4000,GBB,4030,Z89,3050,6601030000,6601030000
4000,GBB,4030,Z91,3050,6601030000,6601030000
4000,GBB,4030,Z93,7920,6711090000,6711090000
4000,GBB,4030,Z93,7921,6711090000,6711090000
4000,GBB,4030,Z93,7928,6711090000,6711090000
4000,GBB,4030,Z95,3050,6601342500,6601342500
4000,GBB,4030,ZBR,3000,6601060000,6601060000
4000,GBB,4030,ZBR,3040,6601060000,6601060000
4000,GBB,4030,ZBR,3050,6601060000,6601060000
4000,GBB,4030,ZBR,3500,6601060000,6601060000
4000,GBB,4030,ZBR,7900,6601060000,6601060000
4000,GBB,4030,ZOB,3000,nan,nan
4000,GBB,4030,ZOB,3040,nan,nan
4000,GBB,4030,ZOB,7920,nan,nan
4000,GBB,4030,ZOB,7921,nan,nan
4000,GBB,4040,AUF,7920,5002030000,5002030000
4000,GBB,4040,AUF,7926,5002030000,5002030000
4000,GBB,4040,BSA,3000,9999999999,9999999999
4000,GBB,4040,BSA,3040,9999999999,9999999999
4000,GBB,4040,BSA,3050,9999999999,9999999999
4000,GBB,4040,BSA,3400,9999999999,9999999999
4000,GBB,4040,BSA,3500,9999999999,9999999999
4000,GBB,4040,BSA,7900,9999999999,9999999999
4000,GBB,4040,BSA,7920,9999999999,9999999999
4000,GBB,4040,INV,3000,1901010000,1901010000
4000,GBB,4040,INV,3040,1901010000,1901010000
4000,GBB,4040,INV,3050,1901010000,1901010000
4000,GBB,4040,INV,3400,1901010000,1901010000
4000,GBB,4040,INV,3500,1901010000,1901010000
4000,GBB,4040,INV,7900,1901010000,1901010000
4000,GBB,4040,INV,7920,1901010000,1901010000
4000,GBB,4040,INV,7926,1901010000,1901010000
4000,GBB,4040,VAX,3000,6402020000,6402020000
4000,GBB,4040,VAX,3040,6402020000,6402020000
4000,GBB,4040,VAX,3050,6402020000,6402020000
4000,GBB,4040,VAX,7900,6402020000,6402020000
4000,GBB,4040,VAX,7920,6401000000,6401000000
4000,GBB,4040,VAX,7921,6401000000,6401000000
4000,GBB,4040,VAX,7926,6402990000,6402990000
4000,GBB,4040,VAY,3000,6402020000,6402020000
4000,GBB,4040,VAY,3040,6402020000,6402020000
4000,GBB,4040,VAY,3050,6402020000,6402020000
4000,GBB,4040,VAY,7900,6402020000,6402020000
4000,GBB,4040,VAY,7920,6401000000,6401000000
4000,GBB,4040,VAY,7921,6401000000,6401000000
4000,GBB,4040,VAY,7926,6402990000,6402990000
4000,GBB,4040,VBR,3000,5002010000,5002010000
4000,GBB,4040,VBR,3050,6601030000,6601030000
4000,GBB,4040,VBR,3500,5002040000,5002040000
4000,GBB,4040,VBR,3600,6601020000,6601020000
4000,GBB,4040,VBR,7920,5002010000,5002010000
4000,GBB,4040,VBR,7926,5002010000,5002010000
4000,GBB,4040,VNG,3000,1901010000,1901010000
4000,GBB,4040,VNG,3040,1901010000,1901010000
4000,GBB,4040,VNG,3050,1901010000,1901010000
4000,GBB,4040,VNG,3400,1901010000,1901010000
4000,GBB,4040,VNG,3500,1901010000,1901010000
4000,GBB,4040,VNG,7900,1901010000,1901010000
4000,GBB,4040,VNG,7920,1901010000,1901010000
4000,GBB,4040,VNG,7926,1901010000,1901010000
4000,GBB,4040,Z07,3000,6601340100,6601340100
4000,GBB,4040,Z07,3050,6601341500,6601341500
4000,GBB,4040,Z07,7920,6601340100,6601340100
4000,GBB,4040,Z0R,3000,6601330000,6601330000
4000,GBB,4040,Z0R,3040,6601060000,6601060000
4000,GBB,4040,Z0R,3400,6601140101,6601140101
4000,GBB,4040,Z19,3000,6601030000,6601030000
4000,GBB,4040,Z19,3050,6601030000,6601030000
4000,GBB,4040,Z21,3050,6601230000,6601230000
4000,GBB,4040,Z23,3000,6601060000,6601060000
4000,GBB,4040,Z23,3050,6601060000,6601060000
4000,GBB,4040,Z25,3050,6601340200,6601340200
4000,GBB,4040,Z59,3050,6601230000,6601230000
4000,GBB,4040,Z63,3050,6601330000,6601330000
4000,GBB,4040,Z65,7920,6402990000,6402990000
4000,GBB,4040,Z67,3050,6601410000,6601410000
4000,GBB,4040,Z95,3050,6601342500,6601342500
4000,GBB,4040,ZBR,3000,5002010000,5002010000
4000,GBB,4040,ZBR,3050,6601060000,6601060000
4000,GBB,4040,ZBR,3500,5002040000,5002040000
4000,GBB,4040,ZBR,7920,5002010000,5002010000
4000,GBB,4040,ZBR,7926,5002010000,5002010000
4000,GBB,4040,ZOB,7920,nan,nan
4000,GBB,4050,BSA,3000,9999999999,9999999999
4000,GBB,4050,BSA,3040,9999999999,9999999999
4000,GBB,4050,BSA,3050,9999999999,9999999999
4000,GBB,4050,BSA,3400,9999999999,9999999999
4000,GBB,4050,BSA,3500,9999999999,9999999999
4000,GBB,4050,BSA,7901,9999999999,9999999999
4000,GBB,4050,BSA,7921,9999999999,9999999999
4000,GBB,4050,INV,3000,1901010000,1901010000
4000,GBB,4050,INV,3040,1901010000,1901010000
4000,GBB,4050,INV,3050,1901010000,1901010000
4000,GBB,4050,INV,3400,1901010000,1901010000
4000,GBB,4050,INV,3500,1901010000,1901010000
4000,GBB,4050,INV,7901,1901010000,1901010000
4000,GBB,4050,INV,7921,1901010000,1901010000
4000,GBB,4050,VAX,3000,6402020000,6402020000
4000,GBB,4050,VAX,3040,6402020000,6402020000
4000,GBB,4050,VAX,3050,6402020000,6402020000
4000,GBB,4050,VAX,3400,6402020000,6402020000
4000,GBB,4050,VAX,7901,6402020000,6402020000
4000,GBB,4050,VAX,7920,6401000000,6401000000
4000,GBB,4050,VAX,7921,6401000000,6401000000
4000,GBB,4050,VAY,3000,6402020000,6402020000
4000,GBB,4050,VAY,3040,6402020000,6402020000
4000,GBB,4050,VAY,3050,6402020000,6402020000
4000,GBB,4050,VAY,3400,6402020000,6402020000
4000,GBB,4050,VAY,7901,6402020000,6402020000
4000,GBB,4050,VAY,7920,6401000000,6401000000
4000,GBB,4050,VAY,7921,6401000000,6401000000
4000,GBB,4050,VBO,3000,1408000000,1408000000
4000,GBB,4050,VBO,3040,1408000000,1408000000
4000,GBB,4050,VBR,3000,5001010000,5001010000
4000,GBB,4050,VBR,3050,5001060000,5001060000
4000,GBB,4050,VBR,3400,6601140101,6601140101
4000,GBB,4050,VBR,3500,5001050000,5001050000
4000,GBB,4050,VNG,3000,1901010000,1901010000
4000,GBB,4050,VNG,3040,1901010000,1901010000
4000,GBB,4050,VNG,3050,1901010000,1901010000
4000,GBB,4050,VNG,3400,1901010000,1901010000
4000,GBB,4050,VNG,3500,1901010000,1901010000
4000,GBB,4050,VNG,7901,1901010000,1901010000
4000,GBB,4050,VNG,7921,1901010000,1901010000
4000,GBB,4050,Z01,3040,6601060000,6601060000
4000,GBB,4050,Z01,3400,6601140101,6601140101
4000,GBB,4050,Z01,7920,6601140106,6601140106
4000,GBB,4050,Z01,7921,6601140106,6601140106
4000,GBB,4050,Z03,7921,6601250000,6601250000
4000,GBB,4050,Z05,3000,6601330000,6601330000
4000,GBB,4050,Z05,7921,6601330000,6601330000
4000,GBB,4050,Z07,7921,6601340100,6601340100
4000,GBB,4050,Z09,3040,6601120000,6601120000
4000,GBB,4050,Z09,7921,6601120000,6601120000
4000,GBB,4050,Z0R,3000,5001010000,5001010000
4000,GBB,4050,Z0R,3040,6601060000,6601060000
4000,GBB,4050,Z0R,3050,5001060000,5001060000
4000,GBB,4050,Z0R,3400,6601140101,6601140101
4000,GBB,4050,Z0R,3500,5001050000,5001050000
4000,GBB,4050,Z11,7921,6601140103,6601140103
4000,GBB,4050,Z13,3050,6601010200,6601010200
4000,GBB,4050,Z13,7921,6601010200,6601010200
4000,GBB,4050,Z17,3400,6601140101,6601140101
4000,GBB,4050,Z23,3050,6601060000,6601060000
4000,GBB,4050,Z27,7921,6711060000,6711060000
4000,GBB,4050,Z95,3050,6601342500,6601342500
4000,GBB,4060,BSA,3100,9999999999,9999999999
4000,GBB,4060,INV,3100,1901010000,1901010000
4000,GBB,4060,VAX,3100,6401000000,6401000000
4000,GBB,4060,VAY,3100,6401000000,6401000000
4000,GBB,4060,VNG,3100,1901010000,1901010000
4000,GBB,4060,Z01,3040,6601060000,6601060000
4000,GBB,4060,Z01,3100,6601060000,6601060000
4000,GBB,4060,Z0R,3040,6601060000,6601060000
4000,GBB,4060,Z23,3040,6601060000,6601060000
4000,GBB,4060,Z43,3100,1402000000,1402000000
4000,GBB,4060,Z95,3050,6601342500,6601342500
4000,GBB,4070,BSA,3040,9999999999,9999999999
4000,GBB,4070,BSA,3400,9999999999,9999999999
4000,GBB,4070,BSA,3401,9999999999,9999999999
4000,GBB,4070,BSA,7921,9999999999,9999999999
4000,GBB,4070,BSA,7922,9999999999,9999999999
4000,GBB,4070,INV,3040,1901010000,1901010000
4000,GBB,4070,INV,3400,1901010000,1901010000
4000,GBB,4070,INV,3401,1901010000,1901010000
4000,GBB,4070,INV,7921,1901010000,1901010000
4000,GBB,4070,VAX,3400,6402020000,6402020000
4000,GBB,4070,VAX,7921,6401000000,6401000000
4000,GBB,4070,VAX,7922,6401000000,6401000000
4000,GBB,4070,VAY,3400,6402020000,6402020000
4000,GBB,4070,VAY,7921,6401000000,6401000000
4000,GBB,4070,VAY,7922,6401000000,6401000000
4000,GBB,4070,VBR,3600,6601020000,6601020000
4000,GBB,4070,VBR,7922,5001030000,5001030000
4000,GBB,4070,VNG,3040,1901010000,1901010000
4000,GBB,4070,VNG,3400,1901010000,1901010000
4000,GBB,4070,VNG,3401,1901010000,1901010000
4000,GBB,4070,VNG,7921,1901010000,1901010000
4000,GBB,4070,VNG,7922,1901010000,1901010000
4000,GBB,4070,Z01,3400,6601140101,6601140101
4000,GBB,4070,Z01,3401,6601100200,6601100200
4000,GBB,4070,Z01,7921,6601140106,6601140106
4000,GBB,4070,Z01,7922,6601140106,6601140106
4000,GBB,4070,Z03,7921,6601250000,6601250000
4000,GBB,4070,Z03,7922,6601250000,6601250000
4000,GBB,4070,Z04,7921,6601250000,6601250000
4000,GBB,4070,Z05,7921,6601330000,6601330000
4000,GBB,4070,Z05,7922,6601330000,6601330000
4000,GBB,4070,Z06,7921,6601330000,6601330000
4000,GBB,4070,Z09,7921,6601120000,6601120000
4000,GBB,4070,Z09,7922,6601120000,6601120000
4000,GBB,4070,Z10,7921,6601120000,6601120000
4000,GBB,4070,Z11,7921,6601140103,6601140103
4000,GBB,4070,Z11,7922,6601140103,6601140103
4000,GBB,4070,Z12,7921,6601140103,6601140103
4000,GBB,4070,Z13,3050,6601010200,6601010200
4000,GBB,4070,Z13,7921,6601010200,6601010200
4000,GBB,4070,Z13,7922,6601010200,6601010200
4000,GBB,4070,Z14,7921,6601010200,6601010200
4000,GBB,4070,Z15,3040,6601060000,6601060000
4000,GBB,4070,Z15,3050,6601140101,6601140101
4000,GBB,4070,Z15,3400,6601140101,6601140101
4000,GBB,4070,Z17,3400,6601100200,6601100200
4000,GBB,4070,Z17,3401,6601100200,6601100200
4000,GBB,4070,Z27,7921,6711060000,6711060000
4000,GBB,4070,Z27,7922,6711060000,6711060000
4000,GBB,4070,Z28,7921,6711060000,6711060000
4000,GBB,4070,Z39,7921,6601120000,6601120000
4000,GBB,4070,Z49,7921,6601140103,6601140103
4000,GBB,4070,Z53,7921,6601140106,6601140106
4000,GBB,4070,Z53,7922,6601140106,6601140106
4000,GBB,4070,Z95,3050,6601342500,6601342500
4000,GBB,4090,AUF,3000,5002030000,5002030000
4000,GBB,4090,AUF,7920,5002030000,5002030000
4000,GBB,4090,AUF,7926,5002030000,5002030000
4000,GBB,4090,BSA,3000,9999999999,9999999999
4000,GBB,4090,BSA,3050,9999999999,9999999999
4000,GBB,4090,BSA,3500,9999999999,9999999999
4000,GBB,4090,BSA,7920,9999999999,9999999999
4000,GBB,4090,INV,3000,1901010000,1901010000
4000,GBB,4090,INV,3050,1901010000,1901010000
4000,GBB,4090,INV,3500,1901010000,1901010000
4000,GBB,4090,INV,7920,1901010000,1901010000
4000,GBB,4090,INV,7926,1901010000,1901010000
4000,GBB,4090,VAX,3000,6402020000,6402020000
4000,GBB,4090,VAX,3050,6402020000,6402020000
4000,GBB,4090,VAX,7920,6401000000,6401000000
4000,GBB,4090,VAX,7926,6402990000,6402990000
4000,GBB,4090,VAY,3000,6402020000,6402020000
4000,GBB,4090,VAY,3050,6402020000,6402020000
4000,GBB,4090,VAY,7920,6401000000,6401000000
4000,GBB,4090,VAY,7926,6402990000,6402990000
4000,GBB,4090,VBR,3000,5002010000,5002010000
4000,GBB,4090,VBR,3050,6601030000,6601030000
4000,GBB,4090,VBR,3500,5002040000,5002040000
4000,GBB,4090,VBR,3600,6601020000,6601020000
4000,GBB,4090,VBR,7920,5002010000,5002010000
4000,GBB,4090,VBR,7926,5002010000,5002010000
4000,GBB,4090,VNG,3000,1901010000,1901010000
4000,GBB,4090,VNG,3050,1901010000,1901010000
4000,GBB,4090,VNG,3500,1901010000,1901010000
4000,GBB,4090,VNG,7920,1901010000,1901010000
4000,GBB,4090,VNG,7926,1901010000,1901010000
4000,GBB,4090,Z07,3000,6601340100,6601340100
4000,GBB,4090,Z07,3050,6601341500,6601341500
4000,GBB,4090,Z07,7920,6601340100,6601340100
4000,GBB,4090,Z0R,3000,6601330000,6601330000
4000,GBB,4090,Z0R,3040,6601060000,6601060000
4000,GBB,4090,Z19,3000,6601030000,6601030000
4000,GBB,4090,Z19,3050,6601030000,6601030000
4000,GBB,4090,Z21,3050,6601230000,6601230000
4000,GBB,4090,Z23,3000,6601060000,6601060000
4000,GBB,4090,Z23,3050,6601060000,6601060000
4000,GBB,4090,Z25,3050,6601340200,6601340200
4000,GBB,4090,Z59,3050,6601230000,6601230000
4000,GBB,4090,Z63,3050,6601330000,6601330000
4000,GBB,4090,Z65,7920,6402990000,6402990000
4000,GBB,4090,Z67,3050,6601410000,6601410000
4000,GBB,4090,Z95,3050,6601342500,6601342500
4000,GBB,4090,ZBR,3000,5002010000,5002010000
4000,GBB,4090,ZBR,3050,6601060000,6601060000
4000,GBB,4090,ZBR,3500,5002040000,5002040000
4000,GBB,4090,ZBR,7920,5002010000,5002010000
4000,GBB,4090,ZBR,7926,5002010000,5002010000
4000,GBB,4100,AUF,7900,5001040000,5001040000
4000,GBB,4100,AUF,7920,5001030000,5001030000
4000,GBB,4100,AUF,7921,5001030000,5001030000
4000,GBB,4100,AUF,7925,5001030000,5001030000
4000,GBB,4100,AUF,7927,5001010000,5001010000
4000,GBB,4100,AUF,7928,5001030000,5001030000
4000,GBB,4100,AUI,3000,5001010000,5001010000
4000,GBB,4100,AUI,3040,5001020000,5001020000
4000,GBB,4100,AUI,3050,5001060000,5001060000
4000,GBB,4100,AUI,3400,6601140101,6601140101
4000,GBB,4100,AUI,3500,5001050000,5001050000
4000,GBB,4100,AUI,3600,6601020000,6601020000
4000,GBB,4100,AUI,7900,5001040000,5001040000
4000,GBB,4100,AUI,7901,5001040000,5001040000
4000,GBB,4100,AUI,7920,5001030000,5001030000
4000,GBB,4100,AUI,7921,5001030000,5001030000
4000,GBB,4100,BSA,3000,9999999999,9999999999
4000,GBB,4100,BSA,3040,9999999999,9999999999
4000,GBB,4100,BSA,3050,9999999999,9999999999
4000,GBB,4100,BSA,3400,9999999999,9999999999
4000,GBB,4100,BSA,3500,9999999999,9999999999
4000,GBB,4100,BSA,7900,9999999999,9999999999
4000,GBB,4100,BSA,7901,9999999999,9999999999
4000,GBB,4100,BSA,7920,9999999999,9999999999
4000,GBB,4100,BSA,7921,9999999999,9999999999
4000,GBB,4100,BSA,7924,9999999999,9999999999
4000,GBB,4100,BSA,7927,9999999999,9999999999
4000,GBB,4100,BSA,7928,9999999999,9999999999
4000,GBB,4100,INV,3000,1901010000,1901010000
4000,GBB,4100,INV,3040,1901010000,1901010000
4000,GBB,4100,INV,3050,1901010000,1901010000
4000,GBB,4100,INV,3400,1901010000,1901010000
4000,GBB,4100,INV,3500,1901010000,1901010000
4000,GBB,4100,INV,7900,1901010000,1901010000
4000,GBB,4100,INV,7901,1901010000,1901010000
4000,GBB,4100,INV,7920,1901010000,1901010000
4000,GBB,4100,INV,7921,1901010000,1901010000
4000,GBB,4100,INV,7924,1901010000,1901010000
4000,GBB,4100,INV,7925,1901010000,1901010000
4000,GBB,4100,INV,7927,1901010000,1901010000
4000,GBB,4100,INV,7928,1901010000,1901010000
4000,GBB,4100,VAX,3000,6402020000,6402020000
4000,GBB,4100,VAX,3040,6402020000,6402020000
4000,GBB,4100,VAX,3050,6402020000,6402020000
4000,GBB,4100,VAX,3400,6402020000,6402020000
4000,GBB,4100,VAX,7900,6402020000,6402020000
4000,GBB,4100,VAX,7920,6401000000,6401000000
4000,GBB,4100,VAX,7921,6401000000,6401000000
4000,GBB,4100,VAX,7922,6402070000,6402070000
4000,GBB,4100,VAX,7924,6402090000,6402090000
4000,GBB,4100,VAX,7925,6402020000,6402020000
4000,GBB,4100,VAX,7927,6402020000,6402020000
4000,GBB,4100,VAX,7928,6402090000,6402090000
4000,GBB,4100,VAY,3000,6402020000,6402020000
4000,GBB,4100,VAY,3040,6402020000,6402020000
4000,GBB,4100,VAY,3050,6402020000,6402020000
4000,GBB,4100,VAY,3400,6402020000,6402020000
4000,GBB,4100,VAY,7900,6402020000,6402020000
4000,GBB,4100,VAY,7920,6401000000,6401000000
4000,GBB,4100,VAY,7921,6401000000,6401000000
4000,GBB,4100,VAY,7922,6402070000,6402070000
4000,GBB,4100,VAY,7924,6402090000,6402090000
4000,GBB,4100,VAY,7925,6402020000,6402020000
4000,GBB,4100,VAY,7927,6402020000,6402020000
4000,GBB,4100,VAY,7928,6402090000,6402090000
4000,GBB,4100,VBO,3000,1408010000,1408010000
4000,GBB,4100,VBO,3040,1408010000,1408010000
4000,GBB,4100,VBO,7900,1408010000,1408010000
4000,GBB,4100,VBR,3000,5001010000,5001010000
4000,GBB,4100,VBR,3040,5001020000,5001020000
4000,GBB,4100,VBR,3050,5001060000,5001060000
4000,GBB,4100,VBR,3400,5001020000,5001020000
4000,GBB,4100,VBR,3500,5001050000,5001050000
4000,GBB,4100,VBR,3600,6601020000,6601020000
4000,GBB,4100,VBR,7900,5001040000,5001040000
4000,GBB,4100,VBR,7901,5001040000,5001040000
4000,GBB,4100,VBR,7920,5001030000,5001030000
4000,GBB,4100,VBR,7921,5001030000,5001030000
4000,GBB,4100,VBR,7922,5001030000,5001030000
4000,GBB,4100,VBR,7923,5001030000,5001030000
4000,GBB,4100,VBR,7924,5001030000,5001030000
4000,GBB,4100,VBR,7925,5001030000,5001030000
4000,GBB,4100,VBR,7927,5001010000,5001010000
4000,GBB,4100,VBR,7928,5001030000,5001030000
4000,GBB,4100,VNG,3000,1901010000,1901010000
4000,GBB,4100,VNG,3040,1901010000,1901010000
4000,GBB,4100,VNG,3050,1901010000,1901010000
4000,GBB,4100,VNG,3400,1901010000,1901010000
4000,GBB,4100,VNG,3500,1901010000,1901010000
4000,GBB,4100,VNG,7900,1901010000,1901010000
4000,GBB,4100,VNG,7901,1901010000,1901010000
4000,GBB,4100,VNG,7920,1901010000,1901010000
4000,GBB,4100,VNG,7921,1901010000,1901010000
4000,GBB,4100,VNG,7922,1901010000,1901010000
4000,GBB,4100,VNG,7924,1901010000,1901010000
4000,GBB,4100,VNG,7927,1901010000,1901010000
4000,GBB,4100,VNG,7928,1901010000,1901010000
4000,GBB,4100,VQP,7920,6601330000,6601330000
4000,GBB,4100,VQP,7923,6601330000,6601330000
4000,GBB,4100,VQP,7927,6601330000,6601330000
4000,GBB,4100,VQP,7928,6601330000,6601330000
4000,GBB,4100,VQY,7920,6601330000,6601330000
4000,GBB,4100,VQY,7923,6601330000,6601330000
4000,GBB,4100,VQY,7927,6601330000,6601330000
4000,GBB,4100,VQY,7928,6601330000,6601330000
4000,GBB,4100,Z01,3000,6601140106,6601140106
4000,GBB,4100,Z01,3040,6601060000,6601060000
4000,GBB,4100,Z01,3050,6601140101,6601140101
4000,GBB,4100,Z01,3400,6601140101,6601140101
4000,GBB,4100,Z01,7900,6601140106,6601140106
4000,GBB,4100,Z01,7920,6601140106,6601140106
4000,GBB,4100,Z01,7921,6601140106,6601140106
4000,GBB,4100,Z01,7924,6601140106,6601140106
4000,GBB,4100,Z01,7927,6601140106,6601140106
4000,GBB,4100,Z01,7928,6601140106,6601140106
4000,GBB,4100,Z03,7900,6601250000,6601250000
4000,GBB,4100,Z03,7920,6601250000,6601250000
4000,GBB,4100,Z03,7921,6601250000,6601250000
4000,GBB,4100,Z03,7928,6601250000,6601250000
4000,GBB,4100,Z05,3000,6601330000,6601330000
4000,GBB,4100,Z05,3040,6601330000,6601330000
4000,GBB,4100,Z05,3050,6601330000,6601330000
4000,GBB,4100,Z05,3500,6601330000,6601330000
4000,GBB,4100,Z05,7900,6601330000,6601330000
4000,GBB,4100,Z05,7920,6601330000,6601330000
4000,GBB,4100,Z05,7921,6601330000,6601330000
4000,GBB,4100,Z05,7924,6601330000,6601330000
4000,GBB,4100,Z05,7927,6601330000,6601330000
4000,GBB,4100,Z05,7928,6601330000,6601330000
4000,GBB,4100,Z07,3000,6601340100,6601340100
4000,GBB,4100,Z07,3040,6601340100,6601340100
4000,GBB,4100,Z07,3050,6601341500,6601341500
4000,GBB,4100,Z07,3400,6601340100,6601340100
4000,GBB,4100,Z07,7900,6601340100,6601340100
4000,GBB,4100,Z07,7920,6601340100,6601340100
4000,GBB,4100,Z07,7921,6601340100,6601340100
4000,GBB,4100,Z07,7924,6601340100,6601340100
4000,GBB,4100,Z07,7928,6601340100,6601340100
4000,GBB,4100,Z09,7900,6601120000,6601120000
4000,GBB,4100,Z09,7920,6601120000,6601120000
4000,GBB,4100,Z09,7921,6601120000,6601120000
4000,GBB,4100,Z09,7924,6601120000,6601120000
4000,GBB,4100,Z09,7928,6601120000,6601120000
4000,GBB,4100,Z11,7900,6601140103,6601140103
4000,GBB,4100,Z11,7920,6601140103,6601140103
4000,GBB,4100,Z11,7921,6601140103,6601140103
4000,GBB,4100,Z11,7924,6601140103,6601140103
4000,GBB,4100,Z11,7928,6601140103,6601140103
4000,GBB,4100,Z13,3000,6601010200,6601010200
4000,GBB,4100,Z13,3050,6601010200,6601010200
4000,GBB,4100,Z13,7900,6601010200,6601010200
4000,GBB,4100,Z13,7920,6601010200,6601010200
4000,GBB,4100,Z13,7921,6601010200,6601010200
4000,GBB,4100,Z13,7924,6601010200,6601010200
4000,GBB,4100,Z13,7928,6601010200,6601010200
4000,GBB,4100,Z15,3040,6601060000,6601060000
4000,GBB,4100,Z15,3050,6601140101,6601140101
4000,GBB,4100,Z15,3400,6601140101,6601140101
4000,GBB,4100,Z15,7927,6601140101,6601140101
4000,GBB,4100,Z17,3400,6601100200,6601100200
4000,GBB,4100,Z17,7920,6601100200,6601100200
4000,GBB,4100,Z17,7921,6601100200,6601100200
4000,GBB,4100,Z17,7924,6601100200,6601100200
4000,GBB,4100,Z17,7928,6601100200,6601100200
4000,GBB,4100,Z19,3040,6601030000,6601030000
4000,GBB,4100,Z19,3050,6601030000,6601030000
4000,GBB,4100,Z19,3500,6601030000,6601030000
4000,GBB,4100,Z21,3050,6601230000,6601230000
4000,GBB,4100,Z21,3400,6601230000,6601230000
4000,GBB,4100,Z21,3500,6601230000,6601230000
4000,GBB,4100,Z23,3040,6601060000,6601060000
4000,GBB,4100,Z23,3050,6601060000,6601060000
4000,GBB,4100,Z23,3400,6601060000,6601060000
4000,GBB,4100,Z25,3050,6601410000,6601410000
4000,GBB,4100,Z27,7920,6711060000,6711060000
4000,GBB,4100,Z27,7921,6711060000,6711060000
4000,GBB,4100,Z27,7928,6711060000,6711060000
4000,GBB,4100,Z29,7920,6601140105,6601140105
4000,GBB,4100,Z29,7921,6601140105,6601140105
4000,GBB,4100,Z29,7924,6601140105,6601140105
4000,GBB,4100,Z29,7928,6601140105,6601140105
4000,GBB,4100,Z33,3000,6601060000,6601060000
4000,GBB,4100,Z33,3040,6601060000,6601060000
4000,GBB,4100,Z35,3050,6601080101,6601080101
4000,GBB,4100,Z37,3000,6402020000,6402020000
4000,GBB,4100,Z37,3040,6402020000,6402020000
4000,GBB,4100,Z37,3050,6402020000,6402020000
4000,GBB,4100,Z37,3400,6402020000,6402020000
4000,GBB,4100,Z37,3500,6402020000,6402020000
4000,GBB,4100,Z37,7900,6402020000,6402020000
4000,GBB,4100,Z37,7920,6402020000,6402020000
4000,GBB,4100,Z39,7920,6601120000,6601120000
4000,GBB,4100,Z39,7921,6601120000,6601120000
4000,GBB,4100,Z39,7924,6601120000,6601120000
4000,GBB,4100,Z39,7928,6601120000,6601120000
4000,GBB,4100,Z41,7920,6601110000,6601110000
4000,GBB,4100,Z41,7921,6601110000,6601110000
4000,GBB,4100,Z41,7922,6601110000,6601110000
4000,GBB,4100,Z41,7924,6601110000,6601110000
4000,GBB,4100,Z41,7928,6601110000,6601110000
4000,GBB,4100,Z45,3050,6601080105,6601080105
4000,GBB,4100,Z47,3050,6601160500,6601160500
4000,GBB,4100,Z49,7920,6601140103,6601140103
4000,GBB,4100,Z49,7921,6601140103,6601140103
4000,GBB,4100,Z49,7924,6601140103,6601140103
4000,GBB,4100,Z49,7928,6601140103,6601140103
4000,GBB,4100,Z51,7920,1406000000,1406000000
4000,GBB,4100,Z51,7921,1406000000,1406000000
4000,GBB,4100,Z51,7922,1406000000,1406000000
4000,GBB,4100,Z53,7920,6601140106,6601140106
4000,GBB,4100,Z53,7921,6601140106,6601140106
4000,GBB,4100,Z53,7922,6601140106,6601140106
4000,GBB,4100,Z53,7924,6601140106,6601140106
4000,GBB,4100,Z53,7928,6601140106,6601140106
4000,GBB,4100,Z55,3050,6601160100,6601160100
4000,GBB,4100,Z65,7928,6402990000,6402990000
4000,GBB,4100,Z69,3000,6402990000,6402990000
4000,GBB,4100,Z69,3040,6402990000,6402990000
4000,GBB,4100,Z69,3050,6402990000,6402990000
4000,GBB,4100,Z69,3400,6402990000,6402990000
4000,GBB,4100,Z69,7920,6402990000,6402990000
4000,GBB,4100,Z69,7924,6402990000,6402990000
4000,GBB,4100,Z69,7928,6402990000,6402990000
4000,GBB,4100,Z71,3040,6601330000,6601330000
4000,GBB,4100,Z71,3050,6601330000,6601330000
4000,GBB,4100,Z71,7928,6601330000,6601330000
4000,GBB,4100,Z73,3050,6601060000,6601060000
4000,GBB,4100,Z75,3050,6601060000,6601060000
4000,GBB,4100,Z77,3040,6601060000,6601060000
4000,GBB,4100,Z77,3050,6601060000,6601060000
4000,GBB,4100,Z79,3040,6601060000,6601060000
4000,GBB,4100,Z79,3050,6601060000,6601060000
4000,GBB,4100,Z81,3050,6601060000,6601060000
4000,GBB,4100,Z83,3050,6601030000,6601030000
4000,GBB,4100,Z85,3050,6601030000,6601030000
4000,GBB,4100,Z87,3050,6601030000,6601030000
4000,GBB,4100,Z89,3050,6601030000,6601030000
4000,GBB,4100,Z91,3050,6601030000,6601030000
4000,GBB,4100,Z93,7920,6711090000,6711090000
4000,GBB,4100,Z93,7921,6711090000,6711090000
4000,GBB,4100,Z93,7928,6711090000,6711090000
4000,GBB,4100,Z95,3050,6601342500,6601342500
4000,GBB,4100,Z95,7920,6601342500,6601342500
4000,GBB,4100,Z95,7921,6601342500,6601342500
4000,GBB,4100,Z95,7924,6601342500,6601342500
4000,GBB,4100,ZBR,3000,6601060000,6601060000
4000,GBB,4100,ZBR,3040,6601060000,6601060000
4000,GBB,4100,ZBR,3050,6601060000,6601060000
4000,GBB,4100,ZBR,3500,6601060000,6601060000
4000,GBB,4110,AUF,7900,5001040000,5001040000
4000,GBB,4110,AUF,7920,5001030000,5001030000
4000,GBB,4110,AUF,7921,5001030000,5001030000
4000,GBB,4110,AUF,7923,5001030000,5001030000
4000,GBB,4110,AUF,7925,5001030000,5001030000
4000,GBB,4110,AUF,7927,5001010000,5001010000
4000,GBB,4110,AUF,7928,5001030000,5001030000
4000,GBB,4110,AUI,3000,5001010000,5001010000
4000,GBB,4110,AUI,3040,5001020000,5001020000
4000,GBB,4110,AUI,3050,5001060000,5001060000
4000,GBB,4110,AUI,3400,6601140101,6601140101
4000,GBB,4110,AUI,3500,5001050000,5001050000
4000,GBB,4110,AUI,3600,6601020000,6601020000
4000,GBB,4110,AUI,7900,5001040000,5001040000
4000,GBB,4110,AUI,7901,5001040000,5001040000
4000,GBB,4110,AUI,7920,5001030000,5001030000
4000,GBB,4110,AUI,7921,5001030000,5001030000
4000,GBB,4110,AUI,7923,5001030000,5001030000
4000,GBB,4110,BSA,3000,9999999999,9999999999
4000,GBB,4110,BSA,3040,9999999999,9999999999
4000,GBB,4110,BSA,3050,9999999999,9999999999
4000,GBB,4110,BSA,3400,9999999999,9999999999
4000,GBB,4110,BSA,3500,9999999999,9999999999
4000,GBB,4110,BSA,7900,9999999999,9999999999
4000,GBB,4110,BSA,7901,9999999999,9999999999
4000,GBB,4110,BSA,7920,9999999999,9999999999
4000,GBB,4110,BSA,7921,9999999999,9999999999
4000,GBB,4110,BSA,7922,9999999999,9999999999
4000,GBB,4110,BSA,7923,9999999999,9999999999
4000,GBB,4110,BSA,7924,9999999999,9999999999
4000,GBB,4110,BSA,7927,9999999999,9999999999
4000,GBB,4110,BSA,7928,9999999999,9999999999
4000,GBB,4110,INV,3000,1901010000,1901010000
4000,GBB,4110,INV,3040,1901010000,1901010000
4000,GBB,4110,INV,3050,1901010000,1901010000
4000,GBB,4110,INV,3400,1901010000,1901010000
4000,GBB,4110,INV,3500,1901010000,1901010000
4000,GBB,4110,INV,7900,1901010000,1901010000
4000,GBB,4110,INV,7901,1901010000,1901010000
4000,GBB,4110,INV,7920,1901010000,1901010000
4000,GBB,4110,INV,7921,1901010000,1901010000
4000,GBB,4110,INV,7923,1901010000,1901010000
4000,GBB,4110,INV,7924,1901010000,1901010000
4000,GBB,4110,INV,7925,1901010000,1901010000
4000,GBB,4110,INV,7927,1901010000,1901010000
4000,GBB,4110,INV,7928,1901010000,1901010000
4000,GBB,4110,VAX,3000,6402020000,6402020000
4000,GBB,4110,VAX,3040,6402020000,6402020000
4000,GBB,4110,VAX,3050,6402020000,6402020000
4000,GBB,4110,VAX,3400,6402020000,6402020000
4000,GBB,4110,VAX,7900,6402020000,6402020000
4000,GBB,4110,VAX,7901,6402020000,6402020000
4000,GBB,4110,VAX,7920,6401000000,6401000000
4000,GBB,4110,VAX,7921,6401000000,6401000000
4000,GBB,4110,VAX,7922,6402070000,6402070000
4000,GBB,4110,VAX,7923,6402080000,6402080000
4000,GBB,4110,VAX,7924,6402090000,6402090000
4000,GBB,4110,VAX,7925,6402020000,6402020000
4000,GBB,4110,VAX,7927,6402020000,6402020000
4000,GBB,4110,VAX,7928,6402090000,6402090000
4000,GBB,4110,VAY,3000,6402020000,6402020000
4000,GBB,4110,VAY,3040,6402020000,6402020000
4000,GBB,4110,VAY,3050,6402020000,6402020000
4000,GBB,4110,VAY,3400,6402020000,6402020000
4000,GBB,4110,VAY,7900,6402020000,6402020000
4000,GBB,4110,VAY,7901,6402020000,6402020000
4000,GBB,4110,VAY,7920,6401000000,6401000000
4000,GBB,4110,VAY,7921,6401000000,6401000000
4000,GBB,4110,VAY,7922,6402070000,6402070000
4000,GBB,4110,VAY,7923,6402080000,6402080000
4000,GBB,4110,VAY,7924,6402090000,6402090000
4000,GBB,4110,VAY,7925,6402020000,6402020000
4000,GBB,4110,VAY,7927,6402020000,6402020000
4000,GBB,4110,VAY,7928,6402090000,6402090000
4000,GBB,4110,VBO,3000,1408010000,1408010000
4000,GBB,4110,VBO,3040,1408010000,1408010000
4000,GBB,4110,VBR,3000,5001010000,5001010000
4000,GBB,4110,VBR,3040,5001020000,5001020000
4000,GBB,4110,VBR,3050,5001060000,5001060000
4000,GBB,4110,VBR,3400,5001020000,5001020000
4000,GBB,4110,VBR,3500,5001050000,5001050000
4000,GBB,4110,VBR,3600,6601020000,6601020000
4000,GBB,4110,VBR,7900,5001040000,5001040000
4000,GBB,4110,VBR,7901,5001040000,5001040000
4000,GBB,4110,VBR,7920,5001030000,5001030000
4000,GBB,4110,VBR,7921,5001030000,5001030000
4000,GBB,4110,VBR,7922,5001030000,5001030000
4000,GBB,4110,VBR,7923,5001030000,5001030000
4000,GBB,4110,VBR,7924,5001030000,5001030000
4000,GBB,4110,VBR,7925,5001030000,5001030000
4000,GBB,4110,VBR,7927,5001010000,5001010000
4000,GBB,4110,VBR,7928,5001030000,5001030000
4000,GBB,4110,VNG,3000,1901010000,1901010000
4000,GBB,4110,VNG,3040,1901010000,1901010000
4000,GBB,4110,VNG,3050,1901010000,1901010000
4000,GBB,4110,VNG,3400,1901010000,1901010000
4000,GBB,4110,VNG,3500,1901010000,1901010000
4000,GBB,4110,VNG,7900,1901010000,1901010000
4000,GBB,4110,VNG,7901,1901010000,1901010000
4000,GBB,4110,VNG,7920,1901010000,1901010000
4000,GBB,4110,VNG,7921,1901010000,1901010000
4000,GBB,4110,VNG,7922,1901010000,1901010000
4000,GBB,4110,VNG,7923,1901010000,1901010000
4000,GBB,4110,VNG,7925,1901010000,1901010000
4000,GBB,4110,VNG,7927,1901010000,1901010000
4000,GBB,4110,VNG,7928,1901010000,1901010000
4000,GBB,4110,VQP,7920,6601330000,6601330000
4000,GBB,4110,VQP,7923,6601330000,6601330000
4000,GBB,4110,VQP,7927,6601330000,6601330000
4000,GBB,4110,VQP,7928,6601330000,6601330000
4000,GBB,4110,VQY,7920,6601330000,6601330000
4000,GBB,4110,VQY,7923,6601330000,6601330000
4000,GBB,4110,VQY,7927,6601330000,6601330000
4000,GBB,4110,VQY,7928,6601330000,6601330000
4000,GBB,4110,Z01,3000,6601140106,6601140106
4000,GBB,4110,Z01,3040,6601060000,6601060000
4000,GBB,4110,Z01,3050,6601140101,6601140101
4000,GBB,4110,Z01,3400,6601140101,6601140101
4000,GBB,4110,Z01,7900,6601140106,6601140106
4000,GBB,4110,Z01,7901,6601140106,6601140106
4000,GBB,4110,Z01,7920,6601140106,6601140106
4000,GBB,4110,Z01,7921,6601140106,6601140106
4000,GBB,4110,Z01,7924,6601140106,6601140106
4000,GBB,4110,Z01,7925,6601140106,6601140106
4000,GBB,4110,Z01,7928,6601140106,6601140106
4000,GBB,4110,Z03,7900,6601250000,6601250000
4000,GBB,4110,Z03,7920,6601250000,6601250000
4000,GBB,4110,Z03,7921,6601250000,6601250000
4000,GBB,4110,Z03,7928,6601250000,6601250000
4000,GBB,4110,Z05,3000,6601330000,6601330000
4000,GBB,4110,Z05,3040,6601330000,6601330000
4000,GBB,4110,Z05,3050,6601330000,6601330000
4000,GBB,4110,Z05,3500,6601330000,6601330000
4000,GBB,4110,Z05,7900,6601330000,6601330000
4000,GBB,4110,Z05,7920,6601330000,6601330000
4000,GBB,4110,Z05,7921,6601330000,6601330000
4000,GBB,4110,Z05,7923,6601330000,6601330000
4000,GBB,4110,Z05,7924,6601330000,6601330000
4000,GBB,4110,Z05,7927,6601330000,6601330000
4000,GBB,4110,Z05,7928,6601330000,6601330000
4000,GBB,4110,Z07,3000,6601340100,6601340100
4000,GBB,4110,Z07,3040,6601340100,6601340100
4000,GBB,4110,Z07,3050,6601341500,6601341500
4000,GBB,4110,Z07,7900,6601340100,6601340100
4000,GBB,4110,Z07,7920,6601340100,6601340100
4000,GBB,4110,Z07,7921,6601340100,6601340100
4000,GBB,4110,Z07,7924,6601340100,6601340100
4000,GBB,4110,Z07,7928,6601340100,6601340100
4000,GBB,4110,Z09,7900,6601120000,6601120000
4000,GBB,4110,Z09,7920,6601120000,6601120000
4000,GBB,4110,Z09,7921,6601120000,6601120000
4000,GBB,4110,Z09,7924,6601120000,6601120000
4000,GBB,4110,Z09,7928,6601120000,6601120000
4000,GBB,4110,Z11,7900,6601140103,6601140103
4000,GBB,4110,Z11,7920,6601140103,6601140103
4000,GBB,4110,Z11,7921,6601140103,6601140103
4000,GBB,4110,Z11,7924,6601140103,6601140103
4000,GBB,4110,Z11,7925,6601140103,6601140103
4000,GBB,4110,Z11,7928,6601140103,6601140103
4000,GBB,4110,Z13,3000,6601010200,6601010200
4000,GBB,4110,Z13,3050,6601010200,6601010200
4000,GBB,4110,Z13,7900,6601010200,6601010200
4000,GBB,4110,Z13,7920,6601010200,6601010200
4000,GBB,4110,Z13,7921,6601010200,6601010200
4000,GBB,4110,Z13,7924,6601010200,6601010200
4000,GBB,4110,Z13,7928,6601010200,6601010200
4000,GBB,4110,Z15,3040,6601060000,6601060000
4000,GBB,4110,Z15,3050,6601140101,6601140101
4000,GBB,4110,Z15,3400,6601140101,6601140101
4000,GBB,4110,Z17,3000,6601100200,6601100200
4000,GBB,4110,Z17,3400,6601100200,6601100200
4000,GBB,4110,Z17,7920,6601100200,6601100200
4000,GBB,4110,Z17,7921,6601100200,6601100200
4000,GBB,4110,Z17,7924,6601100200,6601100200
4000,GBB,4110,Z17,7927,6601100200,6601100200
4000,GBB,4110,Z17,7928,6601100200,6601100200
4000,GBB,4110,Z19,3040,6601030000,6601030000
4000,GBB,4110,Z19,3050,6601030000,6601030000
4000,GBB,4110,Z19,3500,6601030000,6601030000
4000,GBB,4110,Z21,3050,6601230000,6601230000
4000,GBB,4110,Z21,3500,6601230000,6601230000
4000,GBB,4110,Z23,3040,6601060000,6601060000
4000,GBB,4110,Z23,3050,6601060000,6601060000
4000,GBB,4110,Z23,3400,6601060000,6601060000
4000,GBB,4110,Z25,3050,6601410000,6601410000
4000,GBB,4110,Z27,7920,6711060000,6711060000
4000,GBB,4110,Z27,7921,6711060000,6711060000
4000,GBB,4110,Z27,7928,6711060000,6711060000
4000,GBB,4110,Z29,7920,6601140105,6601140105
4000,GBB,4110,Z29,7921,6601140105,6601140105
4000,GBB,4110,Z29,7924,6601140105,6601140105
4000,GBB,4110,Z29,7928,6601140105,6601140105
4000,GBB,4110,Z33,3000,6601060000,6601060000
4000,GBB,4110,Z33,3040,6601060000,6601060000
4000,GBB,4110,Z35,3050,6601080101,6601080101
4000,GBB,4110,Z37,3040,6402020000,6402020000
4000,GBB,4110,Z37,3050,6402020000,6402020000
4000,GBB,4110,Z39,7920,6601120000,6601120000
4000,GBB,4110,Z39,7921,6601120000,6601120000
4000,GBB,4110,Z39,7924,6601120000,6601120000
4000,GBB,4110,Z39,7928,6601120000,6601120000
4000,GBB,4110,Z41,7920,6601110000,6601110000
4000,GBB,4110,Z41,7921,6601110000,6601110000
4000,GBB,4110,Z41,7922,6601110000,6601110000
4000,GBB,4110,Z41,7924,6601110000,6601110000
4000,GBB,4110,Z41,7928,6601110000,6601110000
4000,GBB,4110,Z45,3050,6601080105,6601080105
4000,GBB,4110,Z47,3050,6601160500,6601160500
4000,GBB,4110,Z49,7920,6601140103,6601140103
4000,GBB,4110,Z49,7921,6601140103,6601140103
4000,GBB,4110,Z49,7928,6601140103,6601140103
4000,GBB,4110,Z51,7920,1406000000,1406000000
4000,GBB,4110,Z51,7921,1406000000,1406000000
4000,GBB,4110,Z51,7922,1406000000,1406000000
4000,GBB,4110,Z53,7920,6601140106,6601140106
4000,GBB,4110,Z53,7921,6601140106,6601140106
4000,GBB,4110,Z53,7922,6601140106,6601140106
4000,GBB,4110,Z53,7924,6601140106,6601140106
4000,GBB,4110,Z53,7928,6601140106,6601140106
4000,GBB,4110,Z65,7928,6402990000,6402990000
4000,GBB,4110,Z69,7924,6402990000,6402990000
4000,GBB,4110,Z69,7928,6402990000,6402990000
4000,GBB,4110,Z71,3050,6601330000,6601330000
4000,GBB,4110,Z71,7928,6601330000,6601330000
4000,GBB,4110,Z73,3050,6601060000,6601060000
4000,GBB,4110,Z75,3050,6601060000,6601060000
4000,GBB,4110,Z77,3040,6601060000,6601060000
4000,GBB,4110,Z77,3050,6601060000,6601060000
4000,GBB,4110,Z79,3040,6601060000,6601060000
4000,GBB,4110,Z79,3050,6601060000,6601060000
4000,GBB,4110,Z81,3050,6601060000,6601060000
4000,GBB,4110,Z83,3050,6601030000,6601030000
4000,GBB,4110,Z85,3050,6601030000,6601030000
4000,GBB,4110,Z87,3050,6601030000,6601030000
4000,GBB,4110,Z89,3050,6601030000,6601030000
4000,GBB,4110,Z91,3050,6601030000,6601030000
4000,GBB,4110,Z93,7920,6711090000,6711090000
4000,GBB,4110,Z93,7921,6711090000,6711090000
4000,GBB,4110,Z93,7928,6711090000,6711090000
4000,GBB,4110,Z95,3050,6601342500,6601342500
4000,GBB,4110,ZBR,3000,6601060000,6601060000
4000,GBB,4110,ZBR,3040,6601060000,6601060000
4000,GBB,4110,ZBR,3050,6601060000,6601060000
4000,GBB,4110,ZBR,3500,6601060000,6601060000
4000,GBB,4120,AUF,7900,5001040000,5001040000
4000,GBB,4120,AUF,7920,5001030000,5001030000
4000,GBB,4120,AUF,7921,5001030000,5001030000
4000,GBB,4120,AUF,7923,5001030000,5001030000
4000,GBB,4120,AUF,7925,5001030000,5001030000
4000,GBB,4120,AUF,7927,5001010000,5001010000
4000,GBB,4120,AUF,7928,5001030000,5001030000
4000,GBB,4120,AUI,3000,5001010000,5001010000
4000,GBB,4120,AUI,3040,5001020000,5001020000
4000,GBB,4120,AUI,3050,5001060000,5001060000
4000,GBB,4120,AUI,3400,6601140101,6601140101
4000,GBB,4120,AUI,3500,5001050000,5001050000
4000,GBB,4120,AUI,3600,6601020000,6601020000
4000,GBB,4120,AUI,7900,5001040000,5001040000
4000,GBB,4120,AUI,7901,5001040000,5001040000
4000,GBB,4120,AUI,7920,5001030000,5001030000
4000,GBB,4120,AUI,7921,5001030000,5001030000
4000,GBB,4120,BSA,3000,9999999999,9999999999
4000,GBB,4120,BSA,3040,9999999999,9999999999
4000,GBB,4120,BSA,3050,9999999999,9999999999
4000,GBB,4120,BSA,3400,9999999999,9999999999
4000,GBB,4120,BSA,3500,9999999999,9999999999
4000,GBB,4120,BSA,7900,9999999999,9999999999
4000,GBB,4120,BSA,7901,9999999999,9999999999
4000,GBB,4120,BSA,7920,9999999999,9999999999
4000,GBB,4120,BSA,7921,9999999999,9999999999
4000,GBB,4120,BSA,7923,9999999999,9999999999
4000,GBB,4120,BSA,7924,9999999999,9999999999
4000,GBB,4120,BSA,7928,9999999999,9999999999
4000,GBB,4120,INV,3000,1901010000,1901010000
4000,GBB,4120,INV,3040,1901010000,1901010000
4000,GBB,4120,INV,3050,1901010000,1901010000
4000,GBB,4120,INV,3400,1901010000,1901010000
4000,GBB,4120,INV,3500,1901010000,1901010000
4000,GBB,4120,INV,7900,1901010000,1901010000
4000,GBB,4120,INV,7901,1901010000,1901010000
4000,GBB,4120,INV,7920,1901010000,1901010000
4000,GBB,4120,INV,7921,1901010000,1901010000
4000,GBB,4120,INV,7923,1901010000,1901010000
4000,GBB,4120,INV,7924,1901010000,1901010000
4000,GBB,4120,INV,7925,1901010000,1901010000
4000,GBB,4120,INV,7927,1901010000,1901010000
4000,GBB,4120,INV,7928,1901010000,1901010000
4000,GBB,4120,VAX,3000,6402020000,6402020000
4000,GBB,4120,VAX,3040,6402020000,6402020000
4000,GBB,4120,VAX,3050,6402020000,6402020000
4000,GBB,4120,VAX,3400,6402020000,6402020000
4000,GBB,4120,VAX,7900,6402020000,6402020000
4000,GBB,4120,VAX,7920,6401000000,6401000000
4000,GBB,4120,VAX,7921,6401000000,6401000000
4000,GBB,4120,VAX,7922,6402070000,6402070000
4000,GBB,4120,VAX,7923,6402080000,6402080000
4000,GBB,4120,VAX,7924,6402090000,6402090000
4000,GBB,4120,VAX,7925,6402020000,6402020000
4000,GBB,4120,VAX,7927,6402020000,6402020000
4000,GBB,4120,VAX,7928,6402090000,6402090000
4000,GBB,4120,VAY,3000,6402020000,6402020000
4000,GBB,4120,VAY,3040,6402020000,6402020000
4000,GBB,4120,VAY,3050,6402020000,6402020000
4000,GBB,4120,VAY,3400,6402020000,6402020000
4000,GBB,4120,VAY,7900,6402020000,6402020000
4000,GBB,4120,VAY,7920,6401000000,6401000000
4000,GBB,4120,VAY,7921,6401000000,6401000000
4000,GBB,4120,VAY,7922,6402070000,6402070000
4000,GBB,4120,VAY,7923,6402080000,6402080000
4000,GBB,4120,VAY,7924,6402090000,6402090000
4000,GBB,4120,VAY,7925,6402020000,6402020000
4000,GBB,4120,VAY,7927,6402020000,6402020000
4000,GBB,4120,VAY,7928,6402090000,6402090000
4000,GBB,4120,VBO,3000,1408010000,1408010000
4000,GBB,4120,VBO,3040,1408010000,1408010000
4000,GBB,4120,VBO,7921,1408010000,1408010000
4000,GBB,4120,VBR,3000,5001010000,5001010000
4000,GBB,4120,VBR,3040,5001020000,5001020000
4000,GBB,4120,VBR,3050,5001060000,5001060000
4000,GBB,4120,VBR,3400,5001020000,5001020000
4000,GBB,4120,VBR,3500,5001050000,5001050000
4000,GBB,4120,VBR,3600,6601020000,6601020000
4000,GBB,4120,VBR,7900,5001040000,5001040000
4000,GBB,4120,VBR,7901,5001040000,5001040000
4000,GBB,4120,VBR,7920,5001030000,5001030000
4000,GBB,4120,VBR,7921,5001030000,5001030000
4000,GBB,4120,VBR,7922,5001030000,5001030000
4000,GBB,4120,VBR,7923,5001030000,5001030000
4000,GBB,4120,VBR,7925,5001030000,5001030000
4000,GBB,4120,VBR,7927,5001010000,5001010000
4000,GBB,4120,VBR,7928,5001030000,5001030000
4000,GBB,4120,VNG,3000,1901010000,1901010000
4000,GBB,4120,VNG,3040,1901010000,1901010000
4000,GBB,4120,VNG,3050,1901010000,1901010000
4000,GBB,4120,VNG,3400,1901010000,1901010000
4000,GBB,4120,VNG,3500,1901010000,1901010000
4000,GBB,4120,VNG,7900,1901010000,1901010000
4000,GBB,4120,VNG,7901,1901010000,1901010000
4000,GBB,4120,VNG,7920,1901010000,1901010000
4000,GBB,4120,VNG,7921,1901010000,1901010000
4000,GBB,4120,VNG,7922,1901010000,1901010000
4000,GBB,4120,VNG,7924,1901010000,1901010000
4000,GBB,4120,VNG,7927,1901010000,1901010000
4000,GBB,4120,VNG,7928,1901010000,1901010000
4000,GBB,4120,VQP,7923,6601330000,6601330000
4000,GBB,4120,VQP,7927,6601330000,6601330000
4000,GBB,4120,VQP,7928,6601330000,6601330000
4000,GBB,4120,VQY,7920,6601330000,6601330000
4000,GBB,4120,VQY,7923,6601330000,6601330000
4000,GBB,4120,VQY,7927,6601330000,6601330000
4000,GBB,4120,VQY,7928,6601330000,6601330000
4000,GBB,4120,Z01,3040,6601060000,6601060000
4000,GBB,4120,Z01,3050,6601140101,6601140101
4000,GBB,4120,Z01,3400,6601140101,6601140101
4000,GBB,4120,Z01,7900,6601140106,6601140106
4000,GBB,4120,Z01,7920,6601140106,6601140106
4000,GBB,4120,Z01,7921,6601140106,6601140106
4000,GBB,4120,Z01,7923,6601140106,6601140106
4000,GBB,4120,Z01,7924,6601140106,6601140106
4000,GBB,4120,Z01,7928,6601140106,6601140106
4000,GBB,4120,Z03,7900,6601250000,6601250000
4000,GBB,4120,Z03,7920,6601250000,6601250000
4000,GBB,4120,Z03,7921,6601250000,6601250000
4000,GBB,4120,Z03,7923,6601250000,6601250000
4000,GBB,4120,Z03,7924,6601250000,6601250000
4000,GBB,4120,Z03,7928,6601250000,6601250000
4000,GBB,4120,Z05,3000,6601330000,6601330000
4000,GBB,4120,Z05,3040,6601330000,6601330000
4000,GBB,4120,Z05,3050,6601330000,6601330000
4000,GBB,4120,Z05,3500,6601330000,6601330000
4000,GBB,4120,Z05,7900,6601330000,6601330000
4000,GBB,4120,Z05,7920,6601330000,6601330000
4000,GBB,4120,Z05,7921,6601330000,6601330000
4000,GBB,4120,Z05,7923,6601330000,6601330000
4000,GBB,4120,Z05,7924,6601330000,6601330000
4000,GBB,4120,Z05,7927,6601330000,6601330000
4000,GBB,4120,Z05,7928,6601330000,6601330000
4000,GBB,4120,Z07,3000,6601340100,6601340100
4000,GBB,4120,Z07,3040,6601340100,6601340100
4000,GBB,4120,Z07,3050,6601341500,6601341500
4000,GBB,4120,Z07,7900,6601340100,6601340100
4000,GBB,4120,Z07,7920,6601340100,6601340100
4000,GBB,4120,Z07,7921,6601340100,6601340100
4000,GBB,4120,Z07,7923,6601340100,6601340100
4000,GBB,4120,Z07,7928,6601340100,6601340100
4000,GBB,4120,Z09,7900,6601120000,6601120000
4000,GBB,4120,Z09,7920,6601120000,6601120000
4000,GBB,4120,Z09,7921,6601120000,6601120000
4000,GBB,4120,Z09,7928,6601120000,6601120000
4000,GBB,4120,Z11,7900,6601140103,6601140103
4000,GBB,4120,Z11,7920,6601140103,6601140103
4000,GBB,4120,Z11,7921,6601140103,6601140103
4000,GBB,4120,Z11,7924,6601140103,6601140103
4000,GBB,4120,Z11,7928,6601140103,6601140103
4000,GBB,4120,Z13,3000,6601010200,6601010200
4000,GBB,4120,Z13,3050,6601010200,6601010200
4000,GBB,4120,Z13,7900,6601010200,6601010200
4000,GBB,4120,Z13,7920,6601010200,6601010200
4000,GBB,4120,Z13,7921,6601010200,6601010200
4000,GBB,4120,Z13,7924,6601010200,6601010200
4000,GBB,4120,Z13,7928,6601010200,6601010200
4000,GBB,4120,Z15,3040,6601060000,6601060000
4000,GBB,4120,Z15,3050,6601140101,6601140101
4000,GBB,4120,Z15,3400,6601140101,6601140101
4000,GBB,4120,Z17,3400,6601100200,6601100200
4000,GBB,4120,Z17,7920,6601100200,6601100200
4000,GBB,4120,Z17,7921,6601100200,6601100200
4000,GBB,4120,Z17,7924,6601100200,6601100200
4000,GBB,4120,Z17,7928,6601100200,6601100200
4000,GBB,4120,Z19,3040,6601030000,6601030000
4000,GBB,4120,Z19,3050,6601030000,6601030000
4000,GBB,4120,Z19,3500,6601030000,6601030000
4000,GBB,4120,Z21,3050,6601230000,6601230000
4000,GBB,4120,Z21,3500,6601230000,6601230000
4000,GBB,4120,Z23,3040,6601060000,6601060000
4000,GBB,4120,Z23,3050,6601060000,6601060000
4000,GBB,4120,Z23,3400,6601060000,6601060000
4000,GBB,4120,Z25,3050,6601410000,6601410000
4000,GBB,4120,Z27,3050,6711060000,6711060000
4000,GBB,4120,Z27,7920,6711060000,6711060000
4000,GBB,4120,Z27,7921,6711060000,6711060000
4000,GBB,4120,Z27,7928,6711060000,6711060000
4000,GBB,4120,Z29,7920,6601140105,6601140105
4000,GBB,4120,Z29,7921,6601140105,6601140105
4000,GBB,4120,Z29,7928,6601140105,6601140105
4000,GBB,4120,Z33,3000,6601060000,6601060000
4000,GBB,4120,Z33,3040,6601060000,6601060000
4000,GBB,4120,Z35,3050,6601080101,6601080101
4000,GBB,4120,Z37,3000,6402020000,6402020000
4000,GBB,4120,Z37,3040,6402020000,6402020000
4000,GBB,4120,Z37,3050,6402020000,6402020000
4000,GBB,4120,Z37,3400,6402020000,6402020000
4000,GBB,4120,Z37,3500,6402020000,6402020000
4000,GBB,4120,Z37,7900,6402020000,6402020000
4000,GBB,4120,Z39,7928,6601120000,6601120000
4000,GBB,4120,Z41,7920,6601110000,6601110000
4000,GBB,4120,Z41,7921,6601110000,6601110000
4000,GBB,4120,Z41,7922,6601110000,6601110000
4000,GBB,4120,Z41,7924,6601110000,6601110000
4000,GBB,4120,Z41,7928,6601110000,6601110000
4000,GBB,4120,Z45,3050,6601080105,6601080105
4000,GBB,4120,Z47,3050,6601160500,6601160500
4000,GBB,4120,Z49,7920,6601140103,6601140103
4000,GBB,4120,Z49,7921,6601140103,6601140103
4000,GBB,4120,Z49,7928,6601140103,6601140103
4000,GBB,4120,Z51,7920,1406000000,1406000000
4000,GBB,4120,Z51,7921,1406000000,1406000000
4000,GBB,4120,Z51,7922,1406000000,1406000000
4000,GBB,4120,Z53,7920,6601140106,6601140106
4000,GBB,4120,Z53,7921,6601140106,6601140106
4000,GBB,4120,Z53,7922,6601140106,6601140106
4000,GBB,4120,Z53,7928,6601140106,6601140106
4000,GBB,4120,Z65,7928,6402990000,6402990000
4000,GBB,4120,Z69,7928,6402990000,6402990000
4000,GBB,4120,Z71,3050,6601330000,6601330000
4000,GBB,4120,Z71,7928,6601330000,6601330000
4000,GBB,4120,Z73,3050,6601060000,6601060000
4000,GBB,4120,Z75,3050,6601060000,6601060000
4000,GBB,4120,Z77,3040,6601060000,6601060000
4000,GBB,4120,Z77,3050,6601060000,6601060000
4000,GBB,4120,Z79,3040,6601060000,6601060000
4000,GBB,4120,Z79,3050,6601060000,6601060000
4000,GBB,4120,Z81,3050,6601060000,6601060000
4000,GBB,4120,Z83,3050,6601030000,6601030000
4000,GBB,4120,Z85,3050,6601030000,6601030000
4000,GBB,4120,Z87,3050,6601030000,6601030000
4000,GBB,4120,Z89,3050,6601030000,6601030000
4000,GBB,4120,Z91,3050,6601030000,6601030000
4000,GBB,4120,Z93,7920,6711090000,6711090000
4000,GBB,4120,Z93,7921,6711090000,6711090000
4000,GBB,4120,Z93,7928,6711090000,6711090000
4000,GBB,4120,Z95,3050,6601342500,6601342500
4000,GBB,4120,ZBR,3000,6601060000,6601060000
4000,GBB,4120,ZBR,3040,6601060000,6601060000
4000,GBB,4120,ZBR,3050,6601060000,6601060000
4000,GBB,4120,ZBR,3500,6601060000,6601060000
4000,GBB,4130,AUF,7900,5001040000,5001040000
4000,GBB,4130,AUF,7920,5001030000,5001030000
4000,GBB,4130,AUF,7921,5001030000,5001030000
4000,GBB,4130,AUF,7923,5001030000,5001030000
4000,GBB,4130,AUF,7925,5001030000,5001030000
4000,GBB,4130,AUF,7927,5001010000,5001010000
4000,GBB,4130,AUF,7928,5001030000,5001030000
4000,GBB,4130,AUI,3000,5001010000,5001010000
4000,GBB,4130,AUI,3040,5001020000,5001020000
4000,GBB,4130,AUI,3050,5001060000,5001060000
4000,GBB,4130,AUI,3400,6601140101,6601140101
4000,GBB,4130,AUI,3500,5001050000,5001050000
4000,GBB,4130,AUI,3600,6601020000,6601020000
4000,GBB,4130,AUI,7900,5001040000,5001040000
4000,GBB,4130,AUI,7901,5001040000,5001040000
4000,GBB,4130,AUI,7920,5001030000,5001030000
4000,GBB,4130,AUI,7921,5001030000,5001030000
4000,GBB,4130,AUI,7923,5001030000,5001030000
4000,GBB,4130,BSA,3000,9999999999,9999999999
4000,GBB,4130,BSA,3040,9999999999,9999999999
4000,GBB,4130,BSA,3050,9999999999,9999999999
4000,GBB,4130,BSA,3400,9999999999,9999999999
4000,GBB,4130,BSA,3500,9999999999,9999999999
4000,GBB,4130,BSA,7900,9999999999,9999999999
4000,GBB,4130,BSA,7901,9999999999,9999999999
4000,GBB,4130,BSA,7920,9999999999,9999999999
4000,GBB,4130,BSA,7921,9999999999,9999999999
4000,GBB,4130,BSA,7922,9999999999,9999999999
4000,GBB,4130,BSA,7924,9999999999,9999999999
4000,GBB,4130,BSA,7927,9999999999,9999999999
4000,GBB,4130,BSA,7928,9999999999,9999999999
4000,GBB,4130,INV,3000,1901010000,1901010000
4000,GBB,4130,INV,3040,1901010000,1901010000
4000,GBB,4130,INV,3050,1901010000,1901010000
4000,GBB,4130,INV,3400,1901010000,1901010000
4000,GBB,4130,INV,3500,1901010000,1901010000
4000,GBB,4130,INV,7900,1901010000,1901010000
4000,GBB,4130,INV,7901,1901010000,1901010000
4000,GBB,4130,INV,7920,1901010000,1901010000
4000,GBB,4130,INV,7921,1901010000,1901010000
4000,GBB,4130,INV,7923,1901010000,1901010000
4000,GBB,4130,INV,7924,1901010000,1901010000
4000,GBB,4130,INV,7925,1901010000,1901010000
4000,GBB,4130,INV,7927,1901010000,1901010000
4000,GBB,4130,INV,7928,1901010000,1901010000
4000,GBB,4130,VAX,3000,6402020000,6402020000
4000,GBB,4130,VAX,3040,6402020000,6402020000
4000,GBB,4130,VAX,3050,6402020000,6402020000
4000,GBB,4130,VAX,3400,6402020000,6402020000
4000,GBB,4130,VAX,7900,6402020000,6402020000
4000,GBB,4130,VAX,7920,6401000000,6401000000
4000,GBB,4130,VAX,7921,6401000000,6401000000
4000,GBB,4130,VAX,7922,6402070000,6402070000
4000,GBB,4130,VAX,7923,6402080000,6402080000
4000,GBB,4130,VAX,7924,6402090000,6402090000
4000,GBB,4130,VAX,7925,6402020000,6402020000
4000,GBB,4130,VAX,7927,6402020000,6402020000
4000,GBB,4130,VAX,7928,6402090000,6402090000
4000,GBB,4130,VAY,3000,6402020000,6402020000
4000,GBB,4130,VAY,3040,6402020000,6402020000
4000,GBB,4130,VAY,3050,6402020000,6402020000
4000,GBB,4130,VAY,3400,6402020000,6402020000
4000,GBB,4130,VAY,7900,6402020000,6402020000
4000,GBB,4130,VAY,7920,6401000000,6401000000
4000,GBB,4130,VAY,7921,6401000000,6401000000
4000,GBB,4130,VAY,7922,6402070000,6402070000
4000,GBB,4130,VAY,7923,6402080000,6402080000
4000,GBB,4130,VAY,7924,6402090000,6402090000
4000,GBB,4130,VAY,7925,6402020000,6402020000
4000,GBB,4130,VAY,7927,6402020000,6402020000
4000,GBB,4130,VAY,7928,6402090000,6402090000
4000,GBB,4130,VBO,3000,1408010000,1408010000
4000,GBB,4130,VBO,3040,1408010000,1408010000
4000,GBB,4130,VBR,3000,5001010000,5001010000
4000,GBB,4130,VBR,3040,5001020000,5001020000
4000,GBB,4130,VBR,3050,5001060000,5001060000
4000,GBB,4130,VBR,3400,5001020000,5001020000
4000,GBB,4130,VBR,3500,5001050000,5001050000
4000,GBB,4130,VBR,3600,6601020000,6601020000
4000,GBB,4130,VBR,7900,5001040000,5001040000
4000,GBB,4130,VBR,7901,5001040000,5001040000
4000,GBB,4130,VBR,7920,5001030000,5001030000
4000,GBB,4130,VBR,7921,5001030000,5001030000
4000,GBB,4130,VBR,7922,5001030000,5001030000
4000,GBB,4130,VBR,7923,5001030000,5001030000
4000,GBB,4130,VBR,7924,5001030000,5001030000
4000,GBB,4130,VBR,7925,5001030000,5001030000
4000,GBB,4130,VBR,7927,5001010000,5001010000
4000,GBB,4130,VBR,7928,5001030000,5001030000
4000,GBB,4130,VNG,3000,1901010000,1901010000
4000,GBB,4130,VNG,3040,1901010000,1901010000
4000,GBB,4130,VNG,3050,1901010000,1901010000
4000,GBB,4130,VNG,3400,1901010000,1901010000
4000,GBB,4130,VNG,3500,1901010000,1901010000
4000,GBB,4130,VNG,7900,1901010000,1901010000
4000,GBB,4130,VNG,7901,1901010000,1901010000
4000,GBB,4130,VNG,7920,1901010000,1901010000
4000,GBB,4130,VNG,7921,1901010000,1901010000
4000,GBB,4130,VNG,7922,1901010000,1901010000
4000,GBB,4130,VNG,7923,1901010000,1901010000
4000,GBB,4130,VNG,7924,1901010000,1901010000
4000,GBB,4130,VNG,7925,1901010000,1901010000
4000,GBB,4130,VNG,7927,1901010000,1901010000
4000,GBB,4130,VNG,7928,1901010000,1901010000
4000,GBB,4130,VQP,7920,6601330000,6601330000
4000,GBB,4130,VQP,7921,6601330000,6601330000
4000,GBB,4130,VQP,7923,6601330000,6601330000
4000,GBB,4130,VQP,7925,6601330000,6601330000
4000,GBB,4130,VQP,7927,6601330000,6601330000
4000,GBB,4130,VQP,7928,6601330000,6601330000
4000,GBB,4130,VQY,7920,6601330000,6601330000
4000,GBB,4130,VQY,7921,6601330000,6601330000
4000,GBB,4130,VQY,7923,6601330000,6601330000
4000,GBB,4130,VQY,7925,6601330000,6601330000
4000,GBB,4130,VQY,7927,6601330000,6601330000
4000,GBB,4130,VQY,7928,6601330000,6601330000
4000,GBB,4130,Z01,3000,6601140106,6601140106
4000,GBB,4130,Z01,3040,6601060000,6601060000
4000,GBB,4130,Z01,3050,6601140101,6601140101
4000,GBB,4130,Z01,3400,6601140101,6601140101
4000,GBB,4130,Z01,7900,6601140106,6601140106
4000,GBB,4130,Z01,7920,6601140106,6601140106
4000,GBB,4130,Z01,7921,6601140106,6601140106
4000,GBB,4130,Z01,7924,6601140106,6601140106
4000,GBB,4130,Z01,7927,6601140106,6601140106
4000,GBB,4130,Z01,7928,6601140106,6601140106
4000,GBB,4130,Z03,7900,6601250000,6601250000
4000,GBB,4130,Z03,7920,6601250000,6601250000
4000,GBB,4130,Z03,7921,6601250000,6601250000
4000,GBB,4130,Z03,7924,6601250000,6601250000
4000,GBB,4130,Z03,7928,6601250000,6601250000
4000,GBB,4130,Z05,3000,6601330000,6601330000
4000,GBB,4130,Z05,3040,6601330000,6601330000
4000,GBB,4130,Z05,3050,6601330000,6601330000
4000,GBB,4130,Z05,3500,6601330000,6601330000
4000,GBB,4130,Z05,7900,6601330000,6601330000
4000,GBB,4130,Z05,7920,6601330000,6601330000
4000,GBB,4130,Z05,7921,6601330000,6601330000
4000,GBB,4130,Z05,7923,6601330000,6601330000
4000,GBB,4130,Z05,7925,6601330000,6601330000
4000,GBB,4130,Z05,7927,6601330000,6601330000
4000,GBB,4130,Z05,7928,6601330000,6601330000
4000,GBB,4130,Z07,3000,6601340100,6601340100
4000,GBB,4130,Z07,3040,6601340100,6601340100
4000,GBB,4130,Z07,3050,6601341500,6601341500
4000,GBB,4130,Z07,7900,6601340100,6601340100
4000,GBB,4130,Z07,7920,6601340100,6601340100
4000,GBB,4130,Z07,7921,6601340100,6601340100
4000,GBB,4130,Z07,7928,6601340100,6601340100
4000,GBB,4130,Z09,7900,6601120000,6601120000
4000,GBB,4130,Z09,7920,6601120000,6601120000
4000,GBB,4130,Z09,7921,6601120000,6601120000
4000,GBB,4130,Z09,7928,6601120000,6601120000
4000,GBB,4130,Z11,7900,6601140103,6601140103
4000,GBB,4130,Z11,7920,6601140103,6601140103
4000,GBB,4130,Z11,7921,6601140103,6601140103
4000,GBB,4130,Z11,7924,6601140103,6601140103
4000,GBB,4130,Z11,7928,6601140103,6601140103
4000,GBB,4130,Z13,3000,6601010200,6601010200
4000,GBB,4130,Z13,3050,6601010200,6601010200
4000,GBB,4130,Z13,7900,6601010200,6601010200
4000,GBB,4130,Z13,7920,6601010200,6601010200
4000,GBB,4130,Z13,7921,6601010200,6601010200
4000,GBB,4130,Z13,7923,6601010200,6601010200
4000,GBB,4130,Z13,7927,6601010200,6601010200
4000,GBB,4130,Z13,7928,6601010200,6601010200
4000,GBB,4130,Z15,3000,6601140101,6601140101
4000,GBB,4130,Z15,3040,6601060000,6601060000
4000,GBB,4130,Z15,3050,6601140101,6601140101
4000,GBB,4130,Z15,3400,6601140101,6601140101
4000,GBB,4130,Z15,7924,6601140101,6601140101
4000,GBB,4130,Z17,3400,6601100200,6601100200
4000,GBB,4130,Z17,7920,6601100200,6601100200
4000,GBB,4130,Z17,7921,6601100200,6601100200
4000,GBB,4130,Z17,7924,6601100200,6601100200
4000,GBB,4130,Z17,7927,6601100200,6601100200
4000,GBB,4130,Z17,7928,6601100200,6601100200
4000,GBB,4130,Z19,3040,6601030000,6601030000
4000,GBB,4130,Z19,3050,6601030000,6601030000
4000,GBB,4130,Z19,3500,6601030000,6601030000
4000,GBB,4130,Z21,3050,6601230000,6601230000
4000,GBB,4130,Z21,3500,6601230000,6601230000
4000,GBB,4130,Z23,3000,6601060000,6601060000
4000,GBB,4130,Z23,3040,6601060000,6601060000
4000,GBB,4130,Z23,3050,6601060000,6601060000
4000,GBB,4130,Z23,3400,6601060000,6601060000
4000,GBB,4130,Z25,3050,6601410000,6601410000
4000,GBB,4130,Z27,7920,6711060000,6711060000
4000,GBB,4130,Z27,7921,6711060000,6711060000
4000,GBB,4130,Z27,7928,6711060000,6711060000
4000,GBB,4130,Z29,7920,6601140105,6601140105
4000,GBB,4130,Z29,7921,6601140105,6601140105
4000,GBB,4130,Z29,7928,6601140105,6601140105
4000,GBB,4130,Z33,3000,6601060000,6601060000
4000,GBB,4130,Z33,3040,6601060000,6601060000
4000,GBB,4130,Z35,3050,6601080101,6601080101
4000,GBB,4130,Z37,3040,6402020000,6402020000
4000,GBB,4130,Z37,3050,6402020000,6402020000
4000,GBB,4130,Z39,7920,6601120000,6601120000
4000,GBB,4130,Z39,7921,6601120000,6601120000
4000,GBB,4130,Z39,7924,6601120000,6601120000
4000,GBB,4130,Z39,7927,6601120000,6601120000
4000,GBB,4130,Z39,7928,6601120000,6601120000
4000,GBB,4130,Z41,7920,6601110000,6601110000
4000,GBB,4130,Z41,7921,6601110000,6601110000
4000,GBB,4130,Z41,7922,6601110000,6601110000
4000,GBB,4130,Z41,7928,6601110000,6601110000
4000,GBB,4130,Z45,3050,6601080105,6601080105
4000,GBB,4130,Z47,3050,6601160500,6601160500
4000,GBB,4130,Z49,7920,6601140103,6601140103
4000,GBB,4130,Z49,7921,6601140103,6601140103
4000,GBB,4130,Z49,7928,6601140103,6601140103
4000,GBB,4130,Z51,7920,1406000000,1406000000
4000,GBB,4130,Z51,7921,1406000000,1406000000
4000,GBB,4130,Z51,7922,1406000000,1406000000
4000,GBB,4130,Z53,7920,6601140106,6601140106
4000,GBB,4130,Z53,7921,6601140106,6601140106
4000,GBB,4130,Z53,7922,6601140106,6601140106
4000,GBB,4130,Z53,7928,6601140106,6601140106
4000,GBB,4130,Z65,7928,6402990000,6402990000
4000,GBB,4130,Z69,7928,6402990000,6402990000
4000,GBB,4130,Z71,3050,6601330000,6601330000
4000,GBB,4130,Z71,7928,6601330000,6601330000
4000,GBB,4130,Z73,3050,6601060000,6601060000
4000,GBB,4130,Z75,3050,6601060000,6601060000
4000,GBB,4130,Z77,3040,6601060000,6601060000
4000,GBB,4130,Z77,3050,6601060000,6601060000
4000,GBB,4130,Z79,3040,6601060000,6601060000
4000,GBB,4130,Z79,3050,6601060000,6601060000
4000,GBB,4130,Z81,3050,6601060000,6601060000
4000,GBB,4130,Z83,3050,6601030000,6601030000
4000,GBB,4130,Z85,3050,6601030000,6601030000
4000,GBB,4130,Z87,3050,6601030000,6601030000
4000,GBB,4130,Z89,3050,6601030000,6601030000
4000,GBB,4130,Z91,3050,6601030000,6601030000
4000,GBB,4130,Z93,7920,6711090000,6711090000
4000,GBB,4130,Z93,7921,6711090000,6711090000
4000,GBB,4130,Z93,7928,6711090000,6711090000
4000,GBB,4130,Z95,3050,6601342500,6601342500
4000,GBB,4130,ZBR,3000,6601060000,6601060000
4000,GBB,4130,ZBR,3040,6601060000,6601060000
4000,GBB,4130,ZBR,3050,6601060000,6601060000
4000,GBB,4130,ZBR,3500,6601060000,6601060000
4000,GBB,4140,AUF,7900,5001040000,5001040000
4000,GBB,4140,AUF,7920,5001030000,5001030000
4000,GBB,4140,AUF,7921,5001030000,5001030000
4000,GBB,4140,AUF,7928,5001030000,5001030000
4000,GBB,4140,AUI,3000,5001010000,5001010000
4000,GBB,4140,AUI,3040,5001020000,5001020000
4000,GBB,4140,AUI,3050,5001060000,5001060000
4000,GBB,4140,AUI,3400,6601140101,6601140101
4000,GBB,4140,AUI,3500,5001050000,5001050000
4000,GBB,4140,AUI,3600,6601020000,6601020000
4000,GBB,4140,AUI,7900,5001040000,5001040000
4000,GBB,4140,AUI,7901,5001040000,5001040000
4000,GBB,4140,AUI,7920,5001030000,5001030000
4000,GBB,4140,AUI,7921,5001030000,5001030000
4000,GBB,4140,BSA,3000,9999999999,9999999999
4000,GBB,4140,BSA,3040,9999999999,9999999999
4000,GBB,4140,BSA,3050,9999999999,9999999999
4000,GBB,4140,BSA,3400,9999999999,9999999999
4000,GBB,4140,BSA,3500,9999999999,9999999999
4000,GBB,4140,BSA,7900,9999999999,9999999999
4000,GBB,4140,BSA,7901,9999999999,9999999999
4000,GBB,4140,BSA,7920,9999999999,9999999999
4000,GBB,4140,BSA,7921,9999999999,9999999999
4000,GBB,4140,BSA,7928,9999999999,9999999999
4000,GBB,4140,INV,3000,1901010000,1901010000
4000,GBB,4140,INV,3040,1901010000,1901010000
4000,GBB,4140,INV,3050,1901010000,1901010000
4000,GBB,4140,INV,3400,1901010000,1901010000
4000,GBB,4140,INV,3500,1901010000,1901010000
4000,GBB,4140,INV,7900,1901010000,1901010000
4000,GBB,4140,INV,7901,1901010000,1901010000
4000,GBB,4140,INV,7920,1901010000,1901010000
4000,GBB,4140,INV,7921,1901010000,1901010000
4000,GBB,4140,INV,7928,1901010000,1901010000
4000,GBB,4140,VAX,3000,6402020000,6402020000
4000,GBB,4140,VAX,3040,6402020000,6402020000
4000,GBB,4140,VAX,3050,6402020000,6402020000
4000,GBB,4140,VAX,3400,6402020000,6402020000
4000,GBB,4140,VAX,7900,6402020000,6402020000
4000,GBB,4140,VAX,7901,6402020000,6402020000
4000,GBB,4140,VAX,7920,6401000000,6401000000
4000,GBB,4140,VAX,7921,6401000000,6401000000
4000,GBB,4140,VAX,7928,6402090000,6402090000
4000,GBB,4140,VAY,3000,6402020000,6402020000
4000,GBB,4140,VAY,3040,6402020000,6402020000
4000,GBB,4140,VAY,3050,6402020000,6402020000
4000,GBB,4140,VAY,3400,6402020000,6402020000
4000,GBB,4140,VAY,7900,6402020000,6402020000
4000,GBB,4140,VAY,7920,6401000000,6401000000
4000,GBB,4140,VAY,7921,6401000000,6401000000
4000,GBB,4140,VAY,7928,6402090000,6402090000
4000,GBB,4140,VBO,3000,1408010000,1408010000
4000,GBB,4140,VBO,3040,1408010000,1408010000
4000,GBB,4140,VBR,3000,5001010000,5001010000
4000,GBB,4140,VBR,3040,5001020000,5001020000
4000,GBB,4140,VBR,3050,5001060000,5001060000
4000,GBB,4140,VBR,3400,5001020000,5001020000
4000,GBB,4140,VBR,3500,5001050000,5001050000
4000,GBB,4140,VBR,3600,6601020000,6601020000
4000,GBB,4140,VBR,7900,5001040000,5001040000
4000,GBB,4140,VBR,7901,5001040000,5001040000
4000,GBB,4140,VBR,7920,5001030000,5001030000
4000,GBB,4140,VBR,7921,5001030000,5001030000
4000,GBB,4140,VBR,7928,5001030000,5001030000
4000,GBB,4140,VNG,3000,1901010000,1901010000
4000,GBB,4140,VNG,3040,1901010000,1901010000
4000,GBB,4140,VNG,3050,1901010000,1901010000
4000,GBB,4140,VNG,3400,1901010000,1901010000
4000,GBB,4140,VNG,3500,1901010000,1901010000
4000,GBB,4140,VNG,7900,1901010000,1901010000
4000,GBB,4140,VNG,7901,1901010000,1901010000
4000,GBB,4140,VNG,7920,1901010000,1901010000
4000,GBB,4140,VNG,7921,1901010000,1901010000
4000,GBB,4140,VNG,7922,1901010000,1901010000
4000,GBB,4140,VNG,7928,1901010000,1901010000
4000,GBB,4140,VQP,7920,6601330000,6601330000
4000,GBB,4140,VQP,7923,6601330000,6601330000
4000,GBB,4140,VQP,7928,6601330000,6601330000
4000,GBB,4140,VQY,7920,6601330000,6601330000
4000,GBB,4140,VQY,7923,6601330000,6601330000
4000,GBB,4140,VQY,7928,6601330000,6601330000
4000,GBB,4140,Z01,3040,6601060000,6601060000
4000,GBB,4140,Z01,3050,6601140101,6601140101
4000,GBB,4140,Z01,3400,6601140101,6601140101
4000,GBB,4140,Z01,7900,6601140106,6601140106
4000,GBB,4140,Z01,7920,6601140106,6601140106
4000,GBB,4140,Z01,7921,6601140106,6601140106
4000,GBB,4140,Z01,7928,6601140106,6601140106
4000,GBB,4140,Z03,7900,6601250000,6601250000
4000,GBB,4140,Z03,7920,6601250000,6601250000
4000,GBB,4140,Z03,7921,6601250000,6601250000
4000,GBB,4140,Z03,7928,6601250000,6601250000
4000,GBB,4140,Z05,3000,6601330000,6601330000
4000,GBB,4140,Z05,3040,6601330000,6601330000
4000,GBB,4140,Z05,3050,6601330000,6601330000
4000,GBB,4140,Z05,3500,6601330000,6601330000
4000,GBB,4140,Z05,7900,6601330000,6601330000
4000,GBB,4140,Z05,7920,6601330000,6601330000
4000,GBB,4140,Z05,7921,6601330000,6601330000
4000,GBB,4140,Z05,7928,6601330000,6601330000
4000,GBB,4140,Z07,3000,6601340100,6601340100
4000,GBB,4140,Z07,3040,6601340100,6601340100
4000,GBB,4140,Z07,7900,6601340100,6601340100
4000,GBB,4140,Z07,7920,6601340100,6601340100
4000,GBB,4140,Z07,7921,6601340100,6601340100
4000,GBB,4140,Z07,7928,6601340100,6601340100
4000,GBB,4140,Z09,7900,6601120000,6601120000
4000,GBB,4140,Z09,7920,6601120000,6601120000
4000,GBB,4140,Z09,7921,6601120000,6601120000
4000,GBB,4140,Z09,7928,6601120000,6601120000
4000,GBB,4140,Z11,7900,6601140103,6601140103
4000,GBB,4140,Z11,7920,6601140103,6601140103
4000,GBB,4140,Z11,7921,6601140103,6601140103
4000,GBB,4140,Z11,7928,6601140103,6601140103
4000,GBB,4140,Z13,3000,6601010200,6601010200
4000,GBB,4140,Z13,3050,6601010200,6601010200
4000,GBB,4140,Z13,7900,6601010200,6601010200
4000,GBB,4140,Z13,7920,6601010200,6601010200
4000,GBB,4140,Z13,7921,6601010200,6601010200
4000,GBB,4140,Z13,7928,6601010200,6601010200
4000,GBB,4140,Z15,3040,6601140101,6601140101
4000,GBB,4140,Z15,3050,6601140101,6601140101
4000,GBB,4140,Z15,3400,6601140101,6601140101
4000,GBB,4140,Z17,3400,6601100200,6601100200
4000,GBB,4140,Z17,7928,6601100200,6601100200
4000,GBB,4140,Z19,3040,6601030000,6601030000
4000,GBB,4140,Z19,3050,6601030000,6601030000
4000,GBB,4140,Z19,3500,6601030000,6601030000
4000,GBB,4140,Z21,3050,6601230000,6601230000
4000,GBB,4140,Z21,3400,6601230000,6601230000
4000,GBB,4140,Z21,3500,6601230000,6601230000
4000,GBB,4140,Z23,3040,6601060000,6601060000
4000,GBB,4140,Z23,3050,6601060000,6601060000
4000,GBB,4140,Z23,3400,6601060000,6601060000
4000,GBB,4140,Z25,3050,6601410000,6601410000
4000,GBB,4140,Z27,7920,6711060000,6711060000
4000,GBB,4140,Z27,7921,6711060000,6711060000
4000,GBB,4140,Z27,7928,6711060000,6711060000
4000,GBB,4140,Z29,7920,6601140105,6601140105
4000,GBB,4140,Z29,7921,6601140105,6601140105
4000,GBB,4140,Z29,7928,6601140105,6601140105
4000,GBB,4140,Z33,3000,6601060000,6601060000
4000,GBB,4140,Z33,3040,6601060000,6601060000
4000,GBB,4140,Z35,3050,6601080101,6601080101
4000,GBB,4140,Z37,3000,6402020000,6402020000
4000,GBB,4140,Z37,3040,6402020000,6402020000
4000,GBB,4140,Z37,3050,6402020000,6402020000
4000,GBB,4140,Z37,3400,6402020000,6402020000
4000,GBB,4140,Z37,3500,6402020000,6402020000
4000,GBB,4140,Z37,7900,6402020000,6402020000
4000,GBB,4140,Z39,7928,6601120000,6601120000
4000,GBB,4140,Z41,7920,6601110000,6601110000
4000,GBB,4140,Z41,7921,6601110000,6601110000
4000,GBB,4140,Z41,7922,6601110000,6601110000
4000,GBB,4140,Z41,7928,6601110000,6601110000
4000,GBB,4140,Z45,3050,6601080105,6601080105
4000,GBB,4140,Z47,3050,6601160500,6601160500
4000,GBB,4140,Z49,7928,6601140103,6601140103
4000,GBB,4140,Z53,7928,6601140106,6601140106
4000,GBB,4140,Z65,7928,6402990000,6402990000
4000,GBB,4140,Z69,7928,6402990000,6402990000
4000,GBB,4140,Z71,3050,6601330000,6601330000
4000,GBB,4140,Z71,7928,6601330000,6601330000
4000,GBB,4140,Z73,3050,6601060000,6601060000
4000,GBB,4140,Z75,3050,6601060000,6601060000
4000,GBB,4140,Z77,3040,6601060000,6601060000
4000,GBB,4140,Z77,3050,6601060000,6601060000
4000,GBB,4140,Z79,3040,6601060000,6601060000
4000,GBB,4140,Z79,3050,6601060000,6601060000
4000,GBB,4140,Z81,3050,6601060000,6601060000
4000,GBB,4140,Z83,3050,6601030000,6601030000
4000,GBB,4140,Z85,3050,6601030000,6601030000
4000,GBB,4140,Z87,3050,6601030000,6601030000
4000,GBB,4140,Z89,3050,6601030000,6601030000
4000,GBB,4140,Z91,3050,6601030000,6601030000
4000,GBB,4140,Z93,7920,6711090000,6711090000
4000,GBB,4140,Z93,7921,6711090000,6711090000
4000,GBB,4140,Z93,7928,6711090000,6711090000
4000,GBB,4140,Z95,3050,6601342500,6601342500
4000,GBB,4140,ZBR,3000,6601060000,6601060000
4000,GBB,4140,ZBR,3040,6601060000,6601060000
4000,GBB,4140,ZBR,3050,6601060000,6601060000
4000,GBB,4140,ZBR,3500,6601060000,6601060000
4000,GBB,4150,AUF,7900,5001040000,5001040000
4000,GBB,4150,AUF,7920,5001030000,5001030000
4000,GBB,4150,AUF,7921,5001030000,5001030000
4000,GBB,4150,AUF,7923,5001030000,5001030000
4000,GBB,4150,AUF,7925,5001030000,5001030000
4000,GBB,4150,AUF,7927,5001010000,5001010000
4000,GBB,4150,AUF,7928,5001030000,5001030000
4000,GBB,4150,AUI,3000,5001010000,5001010000
4000,GBB,4150,AUI,3040,5001020000,5001020000
4000,GBB,4150,AUI,3050,5001060000,5001060000
4000,GBB,4150,AUI,3400,6601140101,6601140101
4000,GBB,4150,AUI,3500,5001050000,5001050000
4000,GBB,4150,AUI,3600,6601020000,6601020000
4000,GBB,4150,AUI,7900,5001040000,5001040000
4000,GBB,4150,AUI,7901,5001040000,5001040000
4000,GBB,4150,AUI,7920,5001030000,5001030000
4000,GBB,4150,AUI,7921,5001030000,5001030000
4000,GBB,4150,BSA,3000,9999999999,9999999999
4000,GBB,4150,BSA,3040,9999999999,9999999999
4000,GBB,4150,BSA,3050,9999999999,9999999999
4000,GBB,4150,BSA,3400,9999999999,9999999999
4000,GBB,4150,BSA,3500,9999999999,9999999999
4000,GBB,4150,BSA,7900,9999999999,9999999999
4000,GBB,4150,BSA,7901,9999999999,9999999999
4000,GBB,4150,BSA,7920,9999999999,9999999999
4000,GBB,4150,BSA,7921,9999999999,9999999999
4000,GBB,4150,BSA,7922,9999999999,9999999999
4000,GBB,4150,BSA,7923,9999999999,9999999999
4000,GBB,4150,BSA,7924,9999999999,9999999999
4000,GBB,4150,BSA,7927,9999999999,9999999999
4000,GBB,4150,BSA,7928,9999999999,9999999999
4000,GBB,4150,INV,3000,1901010000,1901010000
4000,GBB,4150,INV,3040,1901010000,1901010000
4000,GBB,4150,INV,3050,1901010000,1901010000
4000,GBB,4150,INV,3400,1901010000,1901010000
4000,GBB,4150,INV,3500,1901010000,1901010000
4000,GBB,4150,INV,7900,1901010000,1901010000
4000,GBB,4150,INV,7901,1901010000,1901010000
4000,GBB,4150,INV,7920,1901010000,1901010000
4000,GBB,4150,INV,7921,1901010000,1901010000
4000,GBB,4150,INV,7923,1901010000,1901010000
4000,GBB,4150,INV,7924,1901010000,1901010000
4000,GBB,4150,INV,7925,1901010000,1901010000
4000,GBB,4150,INV,7927,1901010000,1901010000
4000,GBB,4150,INV,7928,1901010000,1901010000
4000,GBB,4150,VAX,3000,6402020000,6402020000
4000,GBB,4150,VAX,3040,6402020000,6402020000
4000,GBB,4150,VAX,3050,6402020000,6402020000
4000,GBB,4150,VAX,3400,6402020000,6402020000
4000,GBB,4150,VAX,7900,6402020000,6402020000
4000,GBB,4150,VAX,7920,6401000000,6401000000
4000,GBB,4150,VAX,7921,6401000000,6401000000
4000,GBB,4150,VAX,7922,6402070000,6402070000
4000,GBB,4150,VAX,7923,6402080000,6402080000
4000,GBB,4150,VAX,7924,6402090000,6402090000
4000,GBB,4150,VAX,7925,6402020000,6402020000
4000,GBB,4150,VAX,7927,6402020000,6402020000
4000,GBB,4150,VAX,7928,6402090000,6402090000
4000,GBB,4150,VAY,3000,6402020000,6402020000
4000,GBB,4150,VAY,3040,6402020000,6402020000
4000,GBB,4150,VAY,3050,6402020000,6402020000
4000,GBB,4150,VAY,3400,6402020000,6402020000
4000,GBB,4150,VAY,7900,6402020000,6402020000
4000,GBB,4150,VAY,7920,6401000000,6401000000
4000,GBB,4150,VAY,7921,6401000000,6401000000
4000,GBB,4150,VAY,7922,6402070000,6402070000
4000,GBB,4150,VAY,7923,6402080000,6402080000
4000,GBB,4150,VAY,7924,6402090000,6402090000
4000,GBB,4150,VAY,7925,6402020000,6402020000
4000,GBB,4150,VAY,7927,6402020000,6402020000
4000,GBB,4150,VAY,7928,6402090000,6402090000
4000,GBB,4150,VBO,3000,1408010000,1408010000
4000,GBB,4150,VBO,3040,1408010000,1408010000
4000,GBB,4150,VBR,3000,5001010000,5001010000
4000,GBB,4150,VBR,3040,5001020000,5001020000
4000,GBB,4150,VBR,3050,5001060000,5001060000
4000,GBB,4150,VBR,3400,5001020000,5001020000
4000,GBB,4150,VBR,3500,5001050000,5001050000
4000,GBB,4150,VBR,3600,6601020000,6601020000
4000,GBB,4150,VBR,7900,5001040000,5001040000
4000,GBB,4150,VBR,7901,5001040000,5001040000
4000,GBB,4150,VBR,7920,5001030000,5001030000
4000,GBB,4150,VBR,7921,5001030000,5001030000
4000,GBB,4150,VBR,7922,5001030000,5001030000
4000,GBB,4150,VBR,7923,5001030000,5001030000
4000,GBB,4150,VBR,7924,5001030000,5001030000
4000,GBB,4150,VBR,7925,5001030000,5001030000
4000,GBB,4150,VBR,7927,5001010000,5001010000
4000,GBB,4150,VBR,7928,5001030000,5001030000
4000,GBB,4150,VNG,3000,1901010000,1901010000
4000,GBB,4150,VNG,3040,1901010000,1901010000
4000,GBB,4150,VNG,3050,1901010000,1901010000
4000,GBB,4150,VNG,3400,1901010000,1901010000
4000,GBB,4150,VNG,3500,1901010000,1901010000
4000,GBB,4150,VNG,7900,1901010000,1901010000
4000,GBB,4150,VNG,7901,1901010000,1901010000
4000,GBB,4150,VNG,7920,1901010000,1901010000
4000,GBB,4150,VNG,7921,1901010000,1901010000
4000,GBB,4150,VNG,7922,1901010000,1901010000
4000,GBB,4150,VNG,7927,1901010000,1901010000
4000,GBB,4150,VNG,7928,1901010000,1901010000
4000,GBB,4150,VQP,7920,6601330000,6601330000
4000,GBB,4150,VQP,7921,6601330000,6601330000
4000,GBB,4150,VQP,7923,6601330000,6601330000
4000,GBB,4150,VQP,7927,6601330000,6601330000
4000,GBB,4150,VQP,7928,6601330000,6601330000
4000,GBB,4150,VQY,7920,6601330000,6601330000
4000,GBB,4150,VQY,7921,6601330000,6601330000
4000,GBB,4150,VQY,7923,6601330000,6601330000
4000,GBB,4150,VQY,7927,6601330000,6601330000
4000,GBB,4150,VQY,7928,6601330000,6601330000
4000,GBB,4150,Z01,3040,6601140106,6601140106
4000,GBB,4150,Z01,3050,6601140101,6601140101
4000,GBB,4150,Z01,3400,6601140101,6601140101
4000,GBB,4150,Z01,7900,6601140106,6601140106
4000,GBB,4150,Z01,7920,6601140106,6601140106
4000,GBB,4150,Z01,7921,6601140106,6601140106
4000,GBB,4150,Z01,7923,6601140106,6601140106
4000,GBB,4150,Z01,7924,6601140106,6601140106
4000,GBB,4150,Z01,7928,6601140106,6601140106
4000,GBB,4150,Z03,7900,6601250000,6601250000
4000,GBB,4150,Z03,7920,6601250000,6601250000
4000,GBB,4150,Z03,7921,6601250000,6601250000
4000,GBB,4150,Z03,7928,6601250000,6601250000
4000,GBB,4150,Z05,3000,6601330000,6601330000
4000,GBB,4150,Z05,3040,6601330000,6601330000
4000,GBB,4150,Z05,3050,6601330000,6601330000
4000,GBB,4150,Z05,3500,6601330000,6601330000
4000,GBB,4150,Z05,7900,6601330000,6601330000
4000,GBB,4150,Z05,7920,6601330000,6601330000
4000,GBB,4150,Z05,7921,6601330000,6601330000
4000,GBB,4150,Z05,7923,6601330000,6601330000
4000,GBB,4150,Z05,7927,6601330000,6601330000
4000,GBB,4150,Z05,7928,6601330000,6601330000
4000,GBB,4150,Z07,3000,6601340100,6601340100
4000,GBB,4150,Z07,3040,6601340100,6601340100
4000,GBB,4150,Z07,3050,6601340100,6601340100
4000,GBB,4150,Z07,7900,6601340100,6601340100
4000,GBB,4150,Z07,7920,6601340100,6601340100
4000,GBB,4150,Z07,7921,6601340100,6601340100
4000,GBB,4150,Z07,7923,6601340100,6601340100
4000,GBB,4150,Z07,7928,6601340100,6601340100
4000,GBB,4150,Z09,7900,6601120000,6601120000
4000,GBB,4150,Z09,7920,6601120000,6601120000
4000,GBB,4150,Z09,7921,6601120000,6601120000
4000,GBB,4150,Z09,7928,6601120000,6601120000
4000,GBB,4150,Z11,7900,6601140103,6601140103
4000,GBB,4150,Z11,7920,6601140103,6601140103
4000,GBB,4150,Z11,7921,6601140103,6601140103
4000,GBB,4150,Z11,7924,6601140103,6601140103
4000,GBB,4150,Z11,7928,6601140103,6601140103
4000,GBB,4150,Z13,3000,6601010200,6601010200
4000,GBB,4150,Z13,7900,6601010200,6601010200
4000,GBB,4150,Z13,7920,6601010200,6601010200
4000,GBB,4150,Z13,7921,6601010200,6601010200
4000,GBB,4150,Z13,7928,6601010200,6601010200
4000,GBB,4150,Z15,3040,6601060000,6601060000
4000,GBB,4150,Z15,3050,6601140101,6601140101
4000,GBB,4150,Z15,3400,6601140101,6601140101
4000,GBB,4150,Z15,7924,6601140101,6601140101
4000,GBB,4150,Z15,7927,6601140101,6601140101
4000,GBB,4150,Z17,3400,6601100200,6601100200
4000,GBB,4150,Z17,7920,6601100200,6601100200
4000,GBB,4150,Z17,7921,6601100200,6601100200
4000,GBB,4150,Z17,7924,6601100200,6601100200
4000,GBB,4150,Z17,7927,6601100200,6601100200
4000,GBB,4150,Z17,7928,6601100200,6601100200
4000,GBB,4150,Z19,3040,6601030000,6601030000
4000,GBB,4150,Z19,3050,6601030000,6601030000
4000,GBB,4150,Z19,3500,6601030000,6601030000
4000,GBB,4150,Z21,3050,6601230000,6601230000
4000,GBB,4150,Z21,3400,6601230000,6601230000
4000,GBB,4150,Z21,3500,6601230000,6601230000
4000,GBB,4150,Z23,3040,6601060000,6601060000
4000,GBB,4150,Z23,3050,6601060000,6601060000
4000,GBB,4150,Z23,3400,6601060000,6601060000
4000,GBB,4150,Z25,3050,6601410000,6601410000
4000,GBB,4150,Z27,7920,6711060000,6711060000
4000,GBB,4150,Z27,7921,6711060000,6711060000
4000,GBB,4150,Z27,7928,6711060000,6711060000
4000,GBB,4150,Z29,7921,6601140105,6601140105
4000,GBB,4150,Z29,7928,6601140105,6601140105
4000,GBB,4150,Z33,3000,6601060000,6601060000
4000,GBB,4150,Z33,3040,6601060000,6601060000
4000,GBB,4150,Z35,3050,6601080101,6601080101
4000,GBB,4150,Z37,3040,6402020000,6402020000
4000,GBB,4150,Z37,3050,6402020000,6402020000
4000,GBB,4150,Z39,7920,6601120000,6601120000
4000,GBB,4150,Z39,7921,6601120000,6601120000
4000,GBB,4150,Z39,7928,6601120000,6601120000
4000,GBB,4150,Z41,7920,6601110000,6601110000
4000,GBB,4150,Z41,7921,6601110000,6601110000
4000,GBB,4150,Z41,7922,6601110000,6601110000
4000,GBB,4150,Z41,7928,6601110000,6601110000
4000,GBB,4150,Z45,3050,6601080105,6601080105
4000,GBB,4150,Z47,3050,6601160500,6601160500
4000,GBB,4150,Z49,7920,6601140103,6601140103
4000,GBB,4150,Z49,7921,6601140103,6601140103
4000,GBB,4150,Z49,7928,6601140103,6601140103
4000,GBB,4150,Z51,7920,1406000000,1406000000
4000,GBB,4150,Z51,7921,1406000000,1406000000
4000,GBB,4150,Z51,7922,1406000000,1406000000
4000,GBB,4150,Z53,7920,6601140106,6601140106
4000,GBB,4150,Z53,7921,6601140106,6601140106
4000,GBB,4150,Z53,7922,6601140106,6601140106
4000,GBB,4150,Z53,7928,6601140106,6601140106
4000,GBB,4150,Z65,7928,6402990000,6402990000
4000,GBB,4150,Z69,7928,6402990000,6402990000
4000,GBB,4150,Z71,3050,6601330000,6601330000
4000,GBB,4150,Z71,7928,6601330000,6601330000
4000,GBB,4150,Z73,3050,6601060000,6601060000
4000,GBB,4150,Z75,3050,6601060000,6601060000
4000,GBB,4150,Z77,3040,6601060000,6601060000
4000,GBB,4150,Z77,3050,6601060000,6601060000
4000,GBB,4150,Z79,3040,6601060000,6601060000
4000,GBB,4150,Z79,3050,6601060000,6601060000
4000,GBB,4150,Z81,3050,6601060000,6601060000
4000,GBB,4150,Z83,3050,6601030000,6601030000
4000,GBB,4150,Z85,3050,6601030000,6601030000
4000,GBB,4150,Z87,3050,6601030000,6601030000
4000,GBB,4150,Z89,3050,6601030000,6601030000
4000,GBB,4150,Z91,3050,6601030000,6601030000
4000,GBB,4150,Z93,7920,6711090000,6711090000
4000,GBB,4150,Z93,7921,6711090000,6711090000
4000,GBB,4150,Z93,7928,6711090000,6711090000
4000,GBB,4150,Z95,3050,6601342500,6601342500
4000,GBB,4150,ZBR,3000,6601060000,6601060000
4000,GBB,4150,ZBR,3040,6601060000,6601060000
4000,GBB,4150,ZBR,3050,6601060000,6601060000
4000,GBB,4150,ZBR,3500,6601060000,6601060000
4000,GBB,4151,VAX,3000,6402020000,6402020000
4000,GBB,4151,VAX,3040,6402020000,6402020000
4000,GBB,4151,VAX,3050,6402020000,6402020000
4000,GBB,4151,VAX,3400,6402020000,6402020000
4000,GBB,4151,VAX,7900,6402020000,6402020000
4000,GBB,4151,VAX,7920,6401000000,6401000000
4000,GBB,4151,VAX,7921,6401000000,6401000000
4000,GBB,4151,VAX,7922,6402070000,6402070000
4000,GBB,4151,VAX,7923,6402080000,6402080000
4000,GBB,4151,VAX,7924,6402090000,6402090000
4000,GBB,4151,VAX,7925,6402020000,6402020000
4000,GBB,4151,VAX,7927,6402020000,6402020000
4000,GBB,4151,VAX,7928,6402090000,6402090000
4000,GBB,4170,AUF,7900,5001040000,5001040000
4000,GBB,4170,AUF,7920,5001030000,5001030000
4000,GBB,4170,AUF,7921,5001030000,5001030000
4000,GBB,4170,AUF,7928,5001030000,5001030000
4000,GBB,4170,AUI,3000,5001010000,5001010000
4000,GBB,4170,AUI,3040,5001020000,5001020000
4000,GBB,4170,AUI,3050,5001060000,5001060000
4000,GBB,4170,AUI,3400,6601140101,6601140101
4000,GBB,4170,AUI,3500,5001050000,5001050000
4000,GBB,4170,AUI,3600,6601020000,6601020000
4000,GBB,4170,AUI,7900,5001040000,5001040000
4000,GBB,4170,AUI,7901,5001040000,5001040000
4000,GBB,4170,AUI,7920,5001030000,5001030000
4000,GBB,4170,AUI,7921,5001030000,5001030000
4000,GBB,4170,BSA,3000,9999999999,9999999999
4000,GBB,4170,BSA,3040,9999999999,9999999999
4000,GBB,4170,BSA,3050,9999999999,9999999999
4000,GBB,4170,BSA,3400,9999999999,9999999999
4000,GBB,4170,BSA,3500,9999999999,9999999999
4000,GBB,4170,BSA,7900,9999999999,9999999999
4000,GBB,4170,BSA,7901,9999999999,9999999999
4000,GBB,4170,BSA,7920,9999999999,9999999999
4000,GBB,4170,BSA,7921,9999999999,9999999999
4000,GBB,4170,BSA,7924,9999999999,9999999999
4000,GBB,4170,BSA,7928,9999999999,9999999999
4000,GBB,4170,INV,3000,1901010000,1901010000
4000,GBB,4170,INV,3040,1901010000,1901010000
4000,GBB,4170,INV,3050,1901010000,1901010000
4000,GBB,4170,INV,3400,1901010000,1901010000
4000,GBB,4170,INV,3500,1901010000,1901010000
4000,GBB,4170,INV,7900,1901010000,1901010000
4000,GBB,4170,INV,7901,1901010000,1901010000
4000,GBB,4170,INV,7920,1901010000,1901010000
4000,GBB,4170,INV,7921,1901010000,1901010000
4000,GBB,4170,INV,7924,1901010000,1901010000
4000,GBB,4170,INV,7928,1901010000,1901010000
4000,GBB,4170,VAX,3000,6402020000,6402020000
4000,GBB,4170,VAX,3040,6402020000,6402020000
4000,GBB,4170,VAX,3050,6402020000,6402020000
4000,GBB,4170,VAX,3400,6402020000,6402020000
4000,GBB,4170,VAX,7900,6402020000,6402020000
4000,GBB,4170,VAX,7920,6401000000,6401000000
4000,GBB,4170,VAX,7921,6401000000,6401000000
4000,GBB,4170,VAX,7924,6402020000,6402020000
4000,GBB,4170,VAX,7928,6402090000,6402090000
4000,GBB,4170,VAY,3000,6402020000,6402020000
4000,GBB,4170,VAY,3040,6402020000,6402020000
4000,GBB,4170,VAY,3050,6402020000,6402020000
4000,GBB,4170,VAY,3400,6402020000,6402020000
4000,GBB,4170,VAY,7900,6402020000,6402020000
4000,GBB,4170,VAY,7920,6401000000,6401000000
4000,GBB,4170,VAY,7921,6401000000,6401000000
4000,GBB,4170,VAY,7924,6402020000,6402020000
4000,GBB,4170,VAY,7928,6402090000,6402090000
4000,GBB,4170,VBO,3000,1408010000,1408010000
4000,GBB,4170,VBO,3040,1408010000,1408010000
4000,GBB,4170,VBR,3000,5001010000,5001010000
4000,GBB,4170,VBR,3040,5001020000,5001020000
4000,GBB,4170,VBR,3050,5001060000,5001060000
4000,GBB,4170,VBR,3400,5001020000,5001020000
4000,GBB,4170,VBR,3500,5001050000,5001050000
4000,GBB,4170,VBR,3600,6601020000,6601020000
4000,GBB,4170,VBR,7900,5001040000,5001040000
4000,GBB,4170,VBR,7901,5001040000,5001040000
4000,GBB,4170,VBR,7920,5001030000,5001030000
4000,GBB,4170,VBR,7921,5001030000,5001030000
4000,GBB,4170,VBR,7928,5001030000,5001030000
4000,GBB,4170,VNG,3000,1901010000,1901010000
4000,GBB,4170,VNG,3040,1901010000,1901010000
4000,GBB,4170,VNG,3050,1901010000,1901010000
4000,GBB,4170,VNG,3400,1901010000,1901010000
4000,GBB,4170,VNG,3500,1901010000,1901010000
4000,GBB,4170,VNG,7900,1901010000,1901010000
4000,GBB,4170,VNG,7901,1901010000,1901010000
4000,GBB,4170,VNG,7920,1901010000,1901010000
4000,GBB,4170,VNG,7921,1901010000,1901010000
4000,GBB,4170,VNG,7922,1901010000,1901010000
4000,GBB,4170,VNG,7928,1901010000,1901010000
4000,GBB,4170,VQP,7920,6601330000,6601330000
4000,GBB,4170,VQP,7923,6601330000,6601330000
4000,GBB,4170,VQP,7928,6601330000,6601330000
4000,GBB,4170,VQY,7920,6601330000,6601330000
4000,GBB,4170,VQY,7923,6601330000,6601330000
4000,GBB,4170,VQY,7928,6601330000,6601330000
4000,GBB,4170,Z01,3040,6601060000,6601060000
4000,GBB,4170,Z01,3050,6601140101,6601140101
4000,GBB,4170,Z01,3400,6601140101,6601140101
4000,GBB,4170,Z01,7900,6601140106,6601140106
4000,GBB,4170,Z01,7920,6601140106,6601140106
4000,GBB,4170,Z01,7921,6601140106,6601140106
4000,GBB,4170,Z01,7928,6601140106,6601140106
4000,GBB,4170,Z03,7900,6601250000,6601250000
4000,GBB,4170,Z03,7920,6601250000,6601250000
4000,GBB,4170,Z03,7921,6601250000,6601250000
4000,GBB,4170,Z03,7928,6601250000,6601250000
4000,GBB,4170,Z05,3000,6601330000,6601330000
4000,GBB,4170,Z05,3040,6601330000,6601330000
4000,GBB,4170,Z05,3050,6601330000,6601330000
4000,GBB,4170,Z05,3500,6601330000,6601330000
4000,GBB,4170,Z05,7900,6601330000,6601330000
4000,GBB,4170,Z05,7920,6601330000,6601330000
4000,GBB,4170,Z05,7921,6601330000,6601330000
4000,GBB,4170,Z05,7928,6601330000,6601330000
4000,GBB,4170,Z07,3000,6601340100,6601340100
4000,GBB,4170,Z07,3040,6601340100,6601340100
4000,GBB,4170,Z07,7900,6601340100,6601340100
4000,GBB,4170,Z07,7920,6601340100,6601340100
4000,GBB,4170,Z07,7921,6601340100,6601340100
4000,GBB,4170,Z07,7928,6601340100,6601340100
4000,GBB,4170,Z09,7900,6601120000,6601120000
4000,GBB,4170,Z09,7920,6601120000,6601120000
4000,GBB,4170,Z09,7921,6601120000,6601120000
4000,GBB,4170,Z09,7928,6601120000,6601120000
4000,GBB,4170,Z11,7900,6601140103,6601140103
4000,GBB,4170,Z11,7920,6601140103,6601140103
4000,GBB,4170,Z11,7921,6601140103,6601140103
4000,GBB,4170,Z11,7928,6601140103,6601140103
4000,GBB,4170,Z13,3000,6601010200,6601010200
4000,GBB,4170,Z13,3050,6601010200,6601010200
4000,GBB,4170,Z13,7900,6601010200,6601010200
4000,GBB,4170,Z13,7920,6601010200,6601010200
4000,GBB,4170,Z13,7921,6601010200,6601010200
4000,GBB,4170,Z13,7928,6601010200,6601010200
4000,GBB,4170,Z15,3040,6601140101,6601140101
4000,GBB,4170,Z15,3050,6601140101,6601140101
4000,GBB,4170,Z15,3400,6601140101,6601140101
4000,GBB,4170,Z17,3400,6601100200,6601100200
4000,GBB,4170,Z17,7928,6601100200,6601100200
4000,GBB,4170,Z19,3040,6601030000,6601030000
4000,GBB,4170,Z19,3050,6601030000,6601030000
4000,GBB,4170,Z19,3500,6601030000,6601030000
4000,GBB,4170,Z21,3050,6601230000,6601230000
4000,GBB,4170,Z21,3400,6601230000,6601230000
4000,GBB,4170,Z21,3500,6601230000,6601230000
4000,GBB,4170,Z23,3040,6601060000,6601060000
4000,GBB,4170,Z23,3050,6601060000,6601060000
4000,GBB,4170,Z23,3400,6601060000,6601060000
4000,GBB,4170,Z25,3050,6601410000,6601410000
4000,GBB,4170,Z27,7920,6711060000,6711060000
4000,GBB,4170,Z27,7921,6711060000,6711060000
4000,GBB,4170,Z27,7928,6711060000,6711060000
4000,GBB,4170,Z29,7920,6601140105,6601140105
4000,GBB,4170,Z29,7921,6601140105,6601140105
4000,GBB,4170,Z29,7928,6601140105,6601140105
4000,GBB,4170,Z33,3000,6601060000,6601060000
4000,GBB,4170,Z33,3040,6601060000,6601060000
4000,GBB,4170,Z35,3050,6601080101,6601080101
4000,GBB,4170,Z37,3000,6402020000,6402020000
4000,GBB,4170,Z37,3040,6402020000,6402020000
4000,GBB,4170,Z37,3050,6402020000,6402020000
4000,GBB,4170,Z37,3400,6402020000,6402020000
4000,GBB,4170,Z37,3500,6402020000,6402020000
4000,GBB,4170,Z37,7900,6402020000,6402020000
4000,GBB,4170,Z39,7928,6601120000,6601120000
4000,GBB,4170,Z41,7920,6601110000,6601110000
4000,GBB,4170,Z41,7921,6601110000,6601110000
4000,GBB,4170,Z41,7922,6601110000,6601110000
4000,GBB,4170,Z41,7928,6601110000,6601110000
4000,GBB,4170,Z45,3050,6601080105,6601080105
4000,GBB,4170,Z47,3050,6601160500,6601160500
4000,GBB,4170,Z49,7928,6601140103,6601140103
4000,GBB,4170,Z53,7928,6601140106,6601140106
4000,GBB,4170,Z55,3050,6601160100,6601160100
4000,GBB,4170,Z65,7928,6402990000,6402990000
4000,GBB,4170,Z69,7928,6402990000,6402990000
4000,GBB,4170,Z71,3050,6601330000,6601330000
4000,GBB,4170,Z71,7928,6601330000,6601330000
4000,GBB,4170,Z73,3050,6601060000,6601060000
4000,GBB,4170,Z75,3050,6601060000,6601060000
4000,GBB,4170,Z77,3040,6601060000,6601060000
4000,GBB,4170,Z77,3050,6601060000,6601060000
4000,GBB,4170,Z79,3040,6601060000,6601060000
4000,GBB,4170,Z79,3050,6601060000,6601060000
4000,GBB,4170,Z81,3050,6601060000,6601060000
4000,GBB,4170,Z83,3050,6601030000,6601030000
4000,GBB,4170,Z85,3050,6601030000,6601030000
4000,GBB,4170,Z87,3050,6601030000,6601030000
4000,GBB,4170,Z89,3050,6601030000,6601030000
4000,GBB,4170,Z91,3050,6601030000,6601030000
4000,GBB,4170,Z93,7920,6711090000,6711090000
4000,GBB,4170,Z93,7921,6711090000,6711090000
4000,GBB,4170,Z93,7928,6711090000,6711090000
4000,GBB,4170,Z95,3050,6601342500,6601342500
4000,GBB,4170,ZBR,3000,6601060000,6601060000
4000,GBB,4170,ZBR,3040,6601060000,6601060000
4000,GBB,4170,ZBR,3050,6601060000,6601060000
4000,GBB,4170,ZBR,3500,6601060000,6601060000
4000,GBB,4180,331,7927,6601330000,6601330000
4000,GBB,4180,551,7927,6601300000,6601300000
4000,GBB,4180,601,7927,6402020000,6402020000
4000,GBB,4180,701,7927,1901010000,1901010000
4000,GBB,4180,AUF,7900,5001040000,5001040000
4000,GBB,4180,AUF,7920,5001030000,5001030000
4000,GBB,4180,AUF,7921,5001030000,5001030000
4000,GBB,4180,AUF,7923,5001030000,5001030000
4000,GBB,4180,AUF,7925,5001030000,5001030000
4000,GBB,4180,AUF,7927,5001010000,5001010000
4000,GBB,4180,AUF,7928,5001030000,5001030000
4000,GBB,4180,AUI,3000,5001010000,5001010000
4000,GBB,4180,AUI,3040,5001020000,5001020000
4000,GBB,4180,AUI,3050,5001060000,5001060000
4000,GBB,4180,AUI,3400,6601140101,6601140101
4000,GBB,4180,AUI,3500,5001050000,5001050000
4000,GBB,4180,AUI,3600,6601020000,6601020000
4000,GBB,4180,AUI,7900,5001040000,5001040000
4000,GBB,4180,AUI,7901,5001040000,5001040000
4000,GBB,4180,AUI,7920,5001030000,5001030000
4000,GBB,4180,AUI,7921,5001030000,5001030000
4000,GBB,4180,BSA,3000,9999999999,9999999999
4000,GBB,4180,BSA,3040,9999999999,9999999999
4000,GBB,4180,BSA,3050,9999999999,9999999999
4000,GBB,4180,BSA,3400,9999999999,9999999999
4000,GBB,4180,BSA,3500,9999999999,9999999999
4000,GBB,4180,BSA,7900,9999999999,9999999999
4000,GBB,4180,BSA,7901,9999999999,9999999999
4000,GBB,4180,BSA,7920,9999999999,9999999999
4000,GBB,4180,BSA,7921,9999999999,9999999999
4000,GBB,4180,BSA,7922,9999999999,9999999999
4000,GBB,4180,BSA,7923,9999999999,9999999999
4000,GBB,4180,BSA,7924,9999999999,9999999999
4000,GBB,4180,BSA,7925,9999999999,9999999999
4000,GBB,4180,BSA,7927,9999999999,9999999999
4000,GBB,4180,BSA,7928,9999999999,9999999999
4000,GBB,4180,INV,3000,1901010000,1901010000
4000,GBB,4180,INV,3040,1901010000,1901010000
4000,GBB,4180,INV,3050,1901010000,1901010000
4000,GBB,4180,INV,3400,1901010000,1901010000
4000,GBB,4180,INV,3500,1901010000,1901010000
4000,GBB,4180,INV,7900,1901010000,1901010000
4000,GBB,4180,INV,7901,1901010000,1901010000
4000,GBB,4180,INV,7920,1901010000,1901010000
4000,GBB,4180,INV,7921,1901010000,1901010000
4000,GBB,4180,INV,7923,1901010000,1901010000
4000,GBB,4180,INV,7924,1901010000,1901010000
4000,GBB,4180,INV,7925,1901010000,1901010000
4000,GBB,4180,INV,7927,1901010000,1901010000
4000,GBB,4180,INV,7928,1901010000,1901010000
4000,GBB,4180,VAX,3000,6402020000,6402020000
4000,GBB,4180,VAX,3040,6402020000,6402020000
4000,GBB,4180,VAX,3050,6402020000,6402020000
4000,GBB,4180,VAX,3400,6402020000,6402020000
4000,GBB,4180,VAX,7900,6402020000,6402020000
4000,GBB,4180,VAX,7920,6401000000,6401000000
4000,GBB,4180,VAX,7921,6401000000,6401000000
4000,GBB,4180,VAX,7922,6402070000,6402070000
4000,GBB,4180,VAX,7923,6402080000,6402080000
4000,GBB,4180,VAX,7924,6402090000,6402090000
4000,GBB,4180,VAX,7925,6402020000,6402020000
4000,GBB,4180,VAX,7927,6402020000,6402020000
4000,GBB,4180,VAX,7928,6402090000,6402090000
4000,GBB,4180,VAY,3000,6402020000,6402020000
4000,GBB,4180,VAY,3040,6402020000,6402020000
4000,GBB,4180,VAY,3050,6402020000,6402020000
4000,GBB,4180,VAY,3400,6402020000,6402020000
4000,GBB,4180,VAY,7900,6402020000,6402020000
4000,GBB,4180,VAY,7920,6401000000,6401000000
4000,GBB,4180,VAY,7921,6401000000,6401000000
4000,GBB,4180,VAY,7922,6402070000,6402070000
4000,GBB,4180,VAY,7923,6402080000,6402080000
4000,GBB,4180,VAY,7924,6402090000,6402090000
4000,GBB,4180,VAY,7925,6402020000,6402020000
4000,GBB,4180,VAY,7927,6402020000,6402020000
4000,GBB,4180,VAY,7928,6402090000,6402090000
4000,GBB,4180,VBO,3000,1408010000,1408010000
4000,GBB,4180,VBO,3040,1408010000,1408010000
4000,GBB,4180,VBR,3000,5001010000,5001010000
4000,GBB,4180,VBR,3040,5001020000,5001020000
4000,GBB,4180,VBR,3050,5001060000,5001060000
4000,GBB,4180,VBR,3400,5001020000,5001020000
4000,GBB,4180,VBR,3500,5001050000,5001050000
4000,GBB,4180,VBR,3600,6601020000,6601020000
4000,GBB,4180,VBR,7900,5001040000,5001040000
4000,GBB,4180,VBR,7901,5001040000,5001040000
4000,GBB,4180,VBR,7920,5001030000,5001030000
4000,GBB,4180,VBR,7921,5001030000,5001030000
4000,GBB,4180,VBR,7922,5001030000,5001030000
4000,GBB,4180,VBR,7923,5001030000,5001030000
4000,GBB,4180,VBR,7924,5001030000,5001030000
4000,GBB,4180,VBR,7925,5001030000,5001030000
4000,GBB,4180,VBR,7927,5001010000,5001010000
4000,GBB,4180,VBR,7928,5001030000,5001030000
4000,GBB,4180,VNG,3000,1901010000,1901010000
4000,GBB,4180,VNG,3040,1901010000,1901010000
4000,GBB,4180,VNG,3050,1901010000,1901010000
4000,GBB,4180,VNG,3400,1901010000,1901010000
4000,GBB,4180,VNG,3500,1901010000,1901010000
4000,GBB,4180,VNG,7900,1901010000,1901010000
4000,GBB,4180,VNG,7901,1901010000,1901010000
4000,GBB,4180,VNG,7920,1901010000,1901010000
4000,GBB,4180,VNG,7921,1901010000,1901010000
4000,GBB,4180,VNG,7922,1901010000,1901010000
4000,GBB,4180,VNG,7927,1901010000,1901010000
4000,GBB,4180,VNG,7928,1901010000,1901010000
4000,GBB,4180,VQP,7920,6601330000,6601330000
4000,GBB,4180,VQP,7921,6601330000,6601330000
4000,GBB,4180,VQP,7923,6601330000,6601330000
4000,GBB,4180,VQP,7927,6601330000,6601330000
4000,GBB,4180,VQP,7928,6601330000,6601330000
4000,GBB,4180,VQY,7920,6601330000,6601330000
4000,GBB,4180,VQY,7921,6601330000,6601330000
4000,GBB,4180,VQY,7923,6601330000,6601330000
4000,GBB,4180,VQY,7927,6601330000,6601330000
4000,GBB,4180,VQY,7928,6601330000,6601330000
4000,GBB,4180,Z01,3000,6601140106,6601140106
4000,GBB,4180,Z01,3040,6601060000,6601060000
4000,GBB,4180,Z01,3050,6601140101,6601140101
4000,GBB,4180,Z01,3400,6601140101,6601140101
4000,GBB,4180,Z01,7900,6601140106,6601140106
4000,GBB,4180,Z01,7920,6601140106,6601140106
4000,GBB,4180,Z01,7921,6601140106,6601140106
4000,GBB,4180,Z01,7923,6601140106,6601140106
4000,GBB,4180,Z01,7924,6601140106,6601140106
4000,GBB,4180,Z01,7928,6601140106,6601140106
4000,GBB,4180,Z03,7900,6601250000,6601250000
4000,GBB,4180,Z03,7920,6601250000,6601250000
4000,GBB,4180,Z03,7921,6601250000,6601250000
4000,GBB,4180,Z03,7923,6601250000,6601250000
4000,GBB,4180,Z03,7928,6601250000,6601250000
4000,GBB,4180,Z05,3000,6601330000,6601330000
4000,GBB,4180,Z05,3040,6601330000,6601330000
4000,GBB,4180,Z05,3050,6601330000,6601330000
4000,GBB,4180,Z05,3500,6601330000,6601330000
4000,GBB,4180,Z05,7900,6601330000,6601330000
4000,GBB,4180,Z05,7920,6601330000,6601330000
4000,GBB,4180,Z05,7921,6601330000,6601330000
4000,GBB,4180,Z05,7923,6601330000,6601330000
4000,GBB,4180,Z05,7924,6601330000,6601330000
4000,GBB,4180,Z05,7927,6601330000,6601330000
4000,GBB,4180,Z05,7928,6601330000,6601330000
4000,GBB,4180,Z07,3000,6601340100,6601340100
4000,GBB,4180,Z07,3040,6601340100,6601340100
4000,GBB,4180,Z07,3050,6601341500,6601341500
4000,GBB,4180,Z07,3400,6601341500,6601341500
4000,GBB,4180,Z07,7900,6601340100,6601340100
4000,GBB,4180,Z07,7920,6601340100,6601340100
4000,GBB,4180,Z07,7921,6601340100,6601340100
4000,GBB,4180,Z07,7923,6601340100,6601340100
4000,GBB,4180,Z07,7928,6601340100,6601340100
4000,GBB,4180,Z09,7900,6601120000,6601120000
4000,GBB,4180,Z09,7920,6601120000,6601120000
4000,GBB,4180,Z09,7921,6601120000,6601120000
4000,GBB,4180,Z09,7924,6601120000,6601120000
4000,GBB,4180,Z09,7928,6601120000,6601120000
4000,GBB,4180,Z11,7900,6601140103,6601140103
4000,GBB,4180,Z11,7920,6601140103,6601140103
4000,GBB,4180,Z11,7921,6601140103,6601140103
4000,GBB,4180,Z11,7923,6601140103,6601140103
4000,GBB,4180,Z11,7924,6601140103,6601140103
4000,GBB,4180,Z11,7928,6601140103,6601140103
4000,GBB,4180,Z13,3000,6601010200,6601010200
4000,GBB,4180,Z13,3040,6601010200,6601010200
4000,GBB,4180,Z13,3050,6601010200,6601010200
4000,GBB,4180,Z13,3400,6601010200,6601010200
4000,GBB,4180,Z13,7900,6601010200,6601010200
4000,GBB,4180,Z13,7920,6601010200,6601010200
4000,GBB,4180,Z13,7921,6601010200,6601010200
4000,GBB,4180,Z13,7923,6601010200,6601010200
4000,GBB,4180,Z13,7928,6601010200,6601010200
4000,GBB,4180,Z15,3040,6601060000,6601060000
4000,GBB,4180,Z15,3050,6601140101,6601140101
4000,GBB,4180,Z15,3400,6601140101,6601140101
4000,GBB,4180,Z15,7924,6601140101,6601140101
4000,GBB,4180,Z15,7927,6601140101,6601140101
4000,GBB,4180,Z17,3000,6601100200,6601100200
4000,GBB,4180,Z17,3400,6601100200,6601100200
4000,GBB,4180,Z17,7920,6601100200,6601100200
4000,GBB,4180,Z17,7921,6601100200,6601100200
4000,GBB,4180,Z17,7923,6601100200,6601100200
4000,GBB,4180,Z17,7924,6601100200,6601100200
4000,GBB,4180,Z17,7927,6601100200,6601100200
4000,GBB,4180,Z17,7928,6601100200,6601100200
4000,GBB,4180,Z19,3040,6601030000,6601030000
4000,GBB,4180,Z19,3050,6601030000,6601030000
4000,GBB,4180,Z19,3500,6601030000,6601030000
4000,GBB,4180,Z21,3050,6601230000,6601230000
4000,GBB,4180,Z21,3500,6601230000,6601230000
4000,GBB,4180,Z23,3040,6601060000,6601060000
4000,GBB,4180,Z23,3050,6601060000,6601060000
4000,GBB,4180,Z23,3400,6601060000,6601060000
4000,GBB,4180,Z25,3050,6601410000,6601410000
4000,GBB,4180,Z27,7920,6711060000,6711060000
4000,GBB,4180,Z27,7921,6711060000,6711060000
4000,GBB,4180,Z27,7928,6711060000,6711060000
4000,GBB,4180,Z29,7920,6601140105,6601140105
4000,GBB,4180,Z29,7921,6601140105,6601140105
4000,GBB,4180,Z29,7928,6601140105,6601140105
4000,GBB,4180,Z33,3000,6601060000,6601060000
4000,GBB,4180,Z33,3040,6601060000,6601060000
4000,GBB,4180,Z35,3050,6601080101,6601080101
4000,GBB,4180,Z37,3040,6402020000,6402020000
4000,GBB,4180,Z37,3050,6402020000,6402020000
4000,GBB,4180,Z39,7920,6601120000,6601120000
4000,GBB,4180,Z39,7921,6601120000,6601120000
4000,GBB,4180,Z39,7924,6601120000,6601120000
4000,GBB,4180,Z39,7928,6601120000,6601120000
4000,GBB,4180,Z41,7920,6601110000,6601110000
4000,GBB,4180,Z41,7921,6601110000,6601110000
4000,GBB,4180,Z41,7922,6601110000,6601110000
4000,GBB,4180,Z41,7927,6601110000,6601110000
4000,GBB,4180,Z41,7928,6601110000,6601110000
4000,GBB,4180,Z45,3050,6601080105,6601080105
4000,GBB,4180,Z47,3050,6601160500,6601160500
4000,GBB,4180,Z49,7920,6601140103,6601140103
4000,GBB,4180,Z49,7921,6601140103,6601140103
4000,GBB,4180,Z49,7928,6601140103,6601140103
4000,GBB,4180,Z51,7920,1406000000,1406000000
4000,GBB,4180,Z51,7921,1406000000,1406000000
4000,GBB,4180,Z51,7922,1406000000,1406000000
4000,GBB,4180,Z53,3400,6601140106,6601140106
4000,GBB,4180,Z53,7920,6601140106,6601140106
4000,GBB,4180,Z53,7921,6601140106,6601140106
4000,GBB,4180,Z53,7922,6601140106,6601140106
4000,GBB,4180,Z53,7928,6601140106,6601140106
4000,GBB,4180,Z65,7928,6402990000,6402990000
4000,GBB,4180,Z69,7928,6402990000,6402990000
4000,GBB,4180,Z71,3050,6601330000,6601330000
4000,GBB,4180,Z71,7928,6601330000,6601330000
4000,GBB,4180,Z73,3050,6601060000,6601060000
4000,GBB,4180,Z75,3050,6601060000,6601060000
4000,GBB,4180,Z77,3040,6601060000,6601060000
4000,GBB,4180,Z77,3050,6601060000,6601060000
4000,GBB,4180,Z79,3040,6601060000,6601060000
4000,GBB,4180,Z79,3050,6601060000,6601060000
4000,GBB,4180,Z81,3050,6601060000,6601060000
4000,GBB,4180,Z83,3050,6601030000,6601030000
4000,GBB,4180,Z85,3050,6601030000,6601030000
4000,GBB,4180,Z87,3050,6601030000,6601030000
4000,GBB,4180,Z89,3050,6601030000,6601030000
4000,GBB,4180,Z91,3050,6601030000,6601030000
4000,GBB,4180,Z93,7920,6711090000,6711090000
4000,GBB,4180,Z93,7921,6711090000,6711090000
4000,GBB,4180,Z93,7928,6711090000,6711090000
4000,GBB,4180,Z95,3050,6601342500,6601342500
4000,GBB,4180,ZBR,3000,6601060000,6601060000
4000,GBB,4180,ZBR,3040,6601060000,6601060000
4000,GBB,4180,ZBR,3050,6601060000,6601060000
4000,GBB,4180,ZBR,3500,6601060000,6601060000
4000,GBB,4180,ZBR,7900,6601060000,6601060000
4000,GBB,4210,Z51,7920,1406000000,1406000000
4000,GBB,4210,Z51,7921,1406000000,1406000000
4000,GBB,4210,Z51,7922,1406000000,1406000000
4000,GBB,4220,AUF,3000,5002030000,5002030000
4000,GBB,4220,AUF,7920,5002030000,5002030000
4000,GBB,4220,AUF,7926,5002030000,5002030000
4000,GBB,4220,BSA,3000,9999999999,9999999999
4000,GBB,4220,BSA,3040,9999999999,9999999999
4000,GBB,4220,BSA,3050,9999999999,9999999999
4000,GBB,4220,BSA,3400,9999999999,9999999999
4000,GBB,4220,BSA,3500,9999999999,9999999999
4000,GBB,4220,BSA,7900,9999999999,9999999999
4000,GBB,4220,BSA,7920,9999999999,9999999999
4000,GBB,4220,INV,3000,1901010000,1901010000
4000,GBB,4220,INV,3040,1901010000,1901010000
4000,GBB,4220,INV,3050,1901010000,1901010000
4000,GBB,4220,INV,3400,1901010000,1901010000
4000,GBB,4220,INV,3500,1901010000,1901010000
4000,GBB,4220,INV,7900,1901010000,1901010000
4000,GBB,4220,INV,7920,1901010000,1901010000
4000,GBB,4220,INV,7926,1901010000,1901010000
4000,GBB,4220,VAX,3000,6402020000,6402020000
4000,GBB,4220,VAX,3040,6402020000,6402020000
4000,GBB,4220,VAX,3050,6402020000,6402020000
4000,GBB,4220,VAX,7900,6402020000,6402020000
4000,GBB,4220,VAX,7920,6401000000,6401000000
4000,GBB,4220,VAX,7921,6401000000,6401000000
4000,GBB,4220,VAX,7926,6402990000,6402990000
4000,GBB,4220,VAY,3000,6402020000,6402020000
4000,GBB,4220,VAY,3040,6402020000,6402020000
4000,GBB,4220,VAY,3050,6402020000,6402020000
4000,GBB,4220,VAY,7900,6402020000,6402020000
4000,GBB,4220,VAY,7920,6401000000,6401000000
4000,GBB,4220,VAY,7921,6401000000,6401000000
4000,GBB,4220,VAY,7926,6402990000,6402990000
4000,GBB,4220,VBR,3000,5002010000,5002010000
4000,GBB,4220,VBR,3050,6601030000,6601030000
4000,GBB,4220,VBR,3500,5002040000,5002040000
4000,GBB,4220,VBR,3600,6601020000,6601020000
4000,GBB,4220,VBR,7920,5002010000,5002010000
4000,GBB,4220,VBR,7926,5002010000,5002010000
4000,GBB,4220,VNG,3000,1901010000,1901010000
4000,GBB,4220,VNG,3040,1901010000,1901010000
4000,GBB,4220,VNG,3050,1901010000,1901010000
4000,GBB,4220,VNG,3400,1901010000,1901010000
4000,GBB,4220,VNG,3500,1901010000,1901010000
4000,GBB,4220,VNG,7900,1901010000,1901010000
4000,GBB,4220,VNG,7920,1901010000,1901010000
4000,GBB,4220,VNG,7926,1901010000,1901010000
4000,GBB,4220,Z07,3000,6601340100,6601340100
4000,GBB,4220,Z07,3050,6601341500,6601341500
4000,GBB,4220,Z07,7920,6601340100,6601340100
4000,GBB,4220,Z0R,3000,6601330000,6601330000
4000,GBB,4220,Z0R,3040,6601060000,6601060000
4000,GBB,4220,Z0R,3400,6601140101,6601140101
4000,GBB,4220,Z19,3050,6601030000,6601030000
4000,GBB,4220,Z23,3000,6601060000,6601060000
4000,GBB,4220,Z23,3050,6601060000,6601060000
4000,GBB,4220,Z25,3050,6601340200,6601340200
4000,GBB,4220,Z51,7920,1406000000,1406000000
4000,GBB,4220,Z51,7921,1406000000,1406000000
4000,GBB,4220,Z51,7922,1406000000,1406000000
4000,GBB,4220,Z59,3050,6601230000,6601230000
4000,GBB,4220,Z59,3400,6601230000,6601230000
4000,GBB,4220,Z63,3000,6601330000,6601330000
4000,GBB,4220,Z63,3050,6601330000,6601330000
4000,GBB,4220,Z65,7920,6402990000,6402990000
4000,GBB,4220,Z67,3050,6601410000,6601410000
4000,GBB,4220,Z95,3050,6601342500,6601342500
4000,GBB,4220,ZBR,3000,5002010000,5002010000
4000,GBB,4220,ZBR,3050,6601060000,6601060000
4000,GBB,4220,ZBR,3400,6601230000,6601230000
4000,GBB,4220,ZBR,3500,5002040000,5002040000
4000,GBB,4220,ZBR,7920,5002010000,5002010000
4000,GBB,4220,ZBR,7926,5002010000,5002010000
4000,GBB,4230,AUF,7920,5002030000,5002030000
4000,GBB,4230,BSA,3000,9999999999,9999999999
4000,GBB,4230,BSA,3040,9999999999,9999999999
4000,GBB,4230,BSA,3050,9999999999,9999999999
4000,GBB,4230,BSA,3400,9999999999,9999999999
4000,GBB,4230,BSA,3500,9999999999,9999999999
4000,GBB,4230,BSA,7900,9999999999,9999999999
4000,GBB,4230,BSA,7920,9999999999,9999999999
4000,GBB,4230,INV,3000,1901010000,1901010000
4000,GBB,4230,INV,3040,1901010000,1901010000
4000,GBB,4230,INV,3050,1901010000,1901010000
4000,GBB,4230,INV,3400,1901010000,1901010000
4000,GBB,4230,INV,3500,1901010000,1901010000
4000,GBB,4230,INV,7900,1901010000,1901010000
4000,GBB,4230,INV,7920,1901010000,1901010000
4000,GBB,4230,INV,7926,1901010000,1901010000
4000,GBB,4230,VAX,3000,6402020000,6402020000
4000,GBB,4230,VAX,3040,6402020000,6402020000
4000,GBB,4230,VAX,3050,6402020000,6402020000
4000,GBB,4230,VAX,7900,6402020000,6402020000
4000,GBB,4230,VAX,7920,6401000000,6401000000
4000,GBB,4230,VAX,7921,6401000000,6401000000
4000,GBB,4230,VAX,7926,6402990000,6402990000
4000,GBB,4230,VAY,3000,6402020000,6402020000
4000,GBB,4230,VAY,3040,6402020000,6402020000
4000,GBB,4230,VAY,3050,6402020000,6402020000
4000,GBB,4230,VAY,7900,6402020000,6402020000
4000,GBB,4230,VAY,7920,6401000000,6401000000
4000,GBB,4230,VAY,7921,6401000000,6401000000
4000,GBB,4230,VAY,7926,6402990000,6402990000
4000,GBB,4230,VBO,3000,1408010000,1408010000
4000,GBB,4230,VBR,3000,5002010000,5002010000
4000,GBB,4230,VBR,3050,6601030000,6601030000
4000,GBB,4230,VBR,3500,5002040000,5002040000
4000,GBB,4230,VBR,3600,6601020000,6601020000
4000,GBB,4230,VBR,7920,5002010000,5002010000
4000,GBB,4230,VBR,7926,5002010000,5002010000
4000,GBB,4230,VNG,3000,1901010000,1901010000
4000,GBB,4230,VNG,3040,1901010000,1901010000
4000,GBB,4230,VNG,3050,1901010000,1901010000
4000,GBB,4230,VNG,3400,1901010000,1901010000
4000,GBB,4230,VNG,3500,1901010000,1901010000
4000,GBB,4230,VNG,7900,1901010000,1901010000
4000,GBB,4230,VNG,7920,1901010000,1901010000
4000,GBB,4230,VNG,7926,1901010000,1901010000
4000,GBB,4230,Z0R,3000,6601330000,6601330000
4000,GBB,4230,Z0R,3040,6601060000,6601060000
4000,GBB,4230,Z0R,3400,6601140101,6601140101
4000,GBB,4230,Z19,3050,6601030000,6601030000
4000,GBB,4230,Z21,3050,6601230000,6601230000
4000,GBB,4230,Z23,3000,6601060000,6601060000
4000,GBB,4230,Z23,3050,6601060000,6601060000
4000,GBB,4230,Z59,3050,6601230000,6601230000
4000,GBB,4230,Z63,3050,6601330000,6601330000
4000,GBB,4230,Z95,3050,6601342500,6601342500
4000,GBB,4230,ZBR,3000,5002010000,5002010000
4000,GBB,4230,ZBR,3050,5002040000,5002040000
4000,GBB,4230,ZBR,3500,5002040000,5002040000
4000,GBB,4230,ZBR,7920,5002010000,5002010000
4000,GBB,4240,AUF,3000,5002030000,5002030000
4000,GBB,4240,AUF,7920,5002030000,5002030000
4000,GBB,4240,AUF,7926,5002030000,5002030000
4000,GBB,4240,BSA,3000,9999999999,9999999999
4000,GBB,4240,BSA,3040,9999999999,9999999999
4000,GBB,4240,BSA,3050,9999999999,9999999999
4000,GBB,4240,BSA,3400,9999999999,9999999999
4000,GBB,4240,BSA,3500,9999999999,9999999999
4000,GBB,4240,BSA,7900,9999999999,9999999999
4000,GBB,4240,BSA,7920,9999999999,9999999999
4000,GBB,4240,INV,3000,1901010000,1901010000
4000,GBB,4240,INV,3040,1901010000,1901010000
4000,GBB,4240,INV,3050,1901010000,1901010000
4000,GBB,4240,INV,3400,1901010000,1901010000
4000,GBB,4240,INV,3500,1901010000,1901010000
4000,GBB,4240,INV,7900,1901010000,1901010000
4000,GBB,4240,INV,7920,1901010000,1901010000
4000,GBB,4240,VAX,3000,6402020000,6402020000
4000,GBB,4240,VAX,3040,6402020000,6402020000
4000,GBB,4240,VAX,3050,6402020000,6402020000
4000,GBB,4240,VAX,7900,6402020000,6402020000
4000,GBB,4240,VAX,7920,6401000000,6401000000
4000,GBB,4240,VAX,7921,6401000000,6401000000
4000,GBB,4240,VAY,3000,6402020000,6402020000
4000,GBB,4240,VAY,3040,6402020000,6402020000
4000,GBB,4240,VAY,3050,6402020000,6402020000
4000,GBB,4240,VAY,7900,6402020000,6402020000
4000,GBB,4240,VAY,7920,6401000000,6401000000
4000,GBB,4240,VAY,7921,6401000000,6401000000
4000,GBB,4240,VBR,3000,5002010000,5002010000
4000,GBB,4240,VBR,3050,6601030000,6601030000
4000,GBB,4240,VBR,3500,5002040000,5002040000
4000,GBB,4240,VBR,3600,6601020000,6601020000
4000,GBB,4240,VBR,7920,5002010000,5002010000
4000,GBB,4240,VNG,3000,1901010000,1901010000
4000,GBB,4240,VNG,3040,1901010000,1901010000
4000,GBB,4240,VNG,3050,1901010000,1901010000
4000,GBB,4240,VNG,3400,1901010000,1901010000
4000,GBB,4240,VNG,3500,1901010000,1901010000
4000,GBB,4240,VNG,7900,1901010000,1901010000
4000,GBB,4240,VNG,7920,1901010000,1901010000
4000,GBB,4240,Z0R,3000,6601330000,6601330000
4000,GBB,4240,Z0R,3040,6601060000,6601060000
4000,GBB,4240,Z0R,3400,6601140101,6601140101
4000,GBB,4240,Z19,3000,6601030000,6601030000
4000,GBB,4240,Z19,3050,6601030000,6601030000
4000,GBB,4240,Z21,3050,6601230000,6601230000
4000,GBB,4240,Z23,3000,6601060000,6601060000
4000,GBB,4240,Z23,3050,6601060000,6601060000
4000,GBB,4240,ZBR,3000,5002010000,5002010000
4000,GBB,4240,ZBR,3050,5002040000,5002040000
4000,GBB,4240,ZBR,3500,5002040000,5002040000
4000,GBB,4240,ZBR,7920,5002010000,5002010000
4000,GBB,4240,ZBR,7926,5002010000,5002010000
4000,GBB,4250,AUF,3000,5002030000,5002030000
4000,GBB,4250,AUF,7920,5002030000,5002030000
4000,GBB,4250,BSA,3000,9999999999,9999999999
4000,GBB,4250,BSA,3040,9999999999,9999999999
4000,GBB,4250,BSA,3050,9999999999,9999999999
4000,GBB,4250,BSA,3400,9999999999,9999999999
4000,GBB,4250,BSA,3500,9999999999,9999999999
4000,GBB,4250,BSA,7900,9999999999,9999999999
4000,GBB,4250,BSA,7920,9999999999,9999999999
4000,GBB,4250,INV,3000,1901010000,1901010000
4000,GBB,4250,INV,3040,1901010000,1901010000
4000,GBB,4250,INV,3050,1901010000,1901010000
4000,GBB,4250,INV,3400,1901010000,1901010000
4000,GBB,4250,INV,3500,1901010000,1901010000
4000,GBB,4250,INV,7900,1901010000,1901010000
4000,GBB,4250,INV,7920,1901010000,1901010000
4000,GBB,4250,INV,7926,1901010000,1901010000
4000,GBB,4250,VAX,3000,6402020000,6402020000
4000,GBB,4250,VAX,3040,6402020000,6402020000
4000,GBB,4250,VAX,3050,6402020000,6402020000
4000,GBB,4250,VAX,7900,6402020000,6402020000
4000,GBB,4250,VAX,7920,6401000000,6401000000
4000,GBB,4250,VAX,7921,6401000000,6401000000
4000,GBB,4250,VAX,7926,6402990000,6402990000
4000,GBB,4250,VAY,3000,6402020000,6402020000
4000,GBB,4250,VAY,3040,6402020000,6402020000
4000,GBB,4250,VAY,3050,6402020000,6402020000
4000,GBB,4250,VAY,7900,6402020000,6402020000
4000,GBB,4250,VAY,7920,6401000000,6401000000
4000,GBB,4250,VAY,7921,6401000000,6401000000
4000,GBB,4250,VAY,7926,6402990000,6402990000
4000,GBB,4250,VBR,3000,5002010000,5002010000
4000,GBB,4250,VBR,3050,6601030000,6601030000
4000,GBB,4250,VBR,3500,5002040000,5002040000
4000,GBB,4250,VBR,3600,6601020000,6601020000
4000,GBB,4250,VBR,7920,5002010000,5002010000
4000,GBB,4250,VBR,7926,5002010000,5002010000
4000,GBB,4250,VNG,3000,1901010000,1901010000
4000,GBB,4250,VNG,3040,1901010000,1901010000
4000,GBB,4250,VNG,3050,1901010000,1901010000
4000,GBB,4250,VNG,3400,1901010000,1901010000
4000,GBB,4250,VNG,3500,1901010000,1901010000
4000,GBB,4250,VNG,7900,1901010000,1901010000
4000,GBB,4250,VNG,7920,1901010000,1901010000
4000,GBB,4250,VNG,7926,1901010000,1901010000
4000,GBB,4250,Z0R,3000,6601330000,6601330000
4000,GBB,4250,Z0R,3040,6601060000,6601060000
4000,GBB,4250,Z0R,3400,6601140101,6601140101
4000,GBB,4250,Z19,3050,6601030000,6601030000
4000,GBB,4250,Z21,3050,6601230000,6601230000
4000,GBB,4250,Z23,3000,6601060000,6601060000
4000,GBB,4250,Z23,3050,6601060000,6601060000
4000,GBB,4250,Z25,3050,6601410000,6601410000
4000,GBB,4250,Z95,3050,6601342500,6601342500
4000,GBB,4250,ZBR,3000,5002010000,5002010000
4000,GBB,4250,ZBR,3050,5002040000,5002040000
4000,GBB,4250,ZBR,3500,5002040000,5002040000
4000,GBB,4250,ZBR,7920,5002010000,5002010000
4000,GBB,4260,AUF,3000,5002030000,5002030000
4000,GBB,4260,AUF,7920,5002030000,5002030000
4000,GBB,4260,AUF,7926,5002030000,5002030000
4000,GBB,4260,BSA,3000,9999999999,9999999999
4000,GBB,4260,BSA,3040,9999999999,9999999999
4000,GBB,4260,BSA,3050,9999999999,9999999999
4000,GBB,4260,BSA,3400,9999999999,9999999999
4000,GBB,4260,BSA,3500,9999999999,9999999999
4000,GBB,4260,BSA,7900,9999999999,9999999999
4000,GBB,4260,BSA,7920,9999999999,9999999999
4000,GBB,4260,INV,3000,1901010000,1901010000
4000,GBB,4260,INV,3040,1901010000,1901010000
4000,GBB,4260,INV,3050,1901010000,1901010000
4000,GBB,4260,INV,3400,1901010000,1901010000
4000,GBB,4260,INV,3500,1901010000,1901010000
4000,GBB,4260,INV,7900,1901010000,1901010000
4000,GBB,4260,INV,7920,1901010000,1901010000
4000,GBB,4260,VAX,3000,6402020000,6402020000
4000,GBB,4260,VAX,3040,6402020000,6402020000
4000,GBB,4260,VAX,3050,6402020000,6402020000
4000,GBB,4260,VAX,7900,6402020000,6402020000
4000,GBB,4260,VAX,7920,6401000000,6401000000
4000,GBB,4260,VAX,7921,6401000000,6401000000
4000,GBB,4260,VAY,3000,6402020000,6402020000
4000,GBB,4260,VAY,3040,6402020000,6402020000
4000,GBB,4260,VAY,3050,6402020000,6402020000
4000,GBB,4260,VAY,7900,6402020000,6402020000
4000,GBB,4260,VAY,7920,6401000000,6401000000
4000,GBB,4260,VAY,7921,6401000000,6401000000
4000,GBB,4260,VBR,3000,5002010000,5002010000
4000,GBB,4260,VBR,3050,6601030000,6601030000
4000,GBB,4260,VBR,3500,5002040000,5002040000
4000,GBB,4260,VBR,3600,6601020000,6601020000
4000,GBB,4260,VBR,7920,5002010000,5002010000
4000,GBB,4260,VNG,3000,1901010000,1901010000
4000,GBB,4260,VNG,3040,1901010000,1901010000
4000,GBB,4260,VNG,3050,1901010000,1901010000
4000,GBB,4260,VNG,3400,1901010000,1901010000
4000,GBB,4260,VNG,3500,1901010000,1901010000
4000,GBB,4260,VNG,7900,1901010000,1901010000
4000,GBB,4260,VNG,7920,1901010000,1901010000
4000,GBB,4260,Z0R,3000,6601330000,6601330000
4000,GBB,4260,Z0R,3040,6601060000,6601060000
4000,GBB,4260,Z0R,3400,6601140101,6601140101
4000,GBB,4260,Z19,3000,6601030000,6601030000
4000,GBB,4260,Z19,3050,6601030000,6601030000
4000,GBB,4260,Z21,3050,6601230000,6601230000
4000,GBB,4260,Z23,3000,6601060000,6601060000
4000,GBB,4260,Z23,3050,6601060000,6601060000
4000,GBB,4260,ZBR,3000,5002010000,5002010000
4000,GBB,4260,ZBR,3050,5002040000,5002040000
4000,GBB,4260,ZBR,3500,5002040000,5002040000
4000,GBB,4260,ZBR,7920,5002010000,5002010000
4000,GBB,4260,ZBR,7926,5002010000,5002010000
4000,GBB,4270,AUF,7926,5002030000,5002030000
4000,GBB,4270,ZBR,7926,5002010000,5002010000
4000,GBB,4300,BSA,3100,9999999999,9999999999
4000,GBB,4300,INV,3100,1901010000,1901010000
4000,GBB,4300,VAX,3100,6401000000,6401000000
4000,GBB,4300,VAY,3100,6401000000,6401000000
4000,GBB,4300,VBR,3600,6601020000,6601020000
4000,GBB,4300,VNG,3100,1901010000,1901010000
4000,GBB,4300,Z07,3000,6601340100,6601340100
4000,GBB,4300,Z07,3050,6601341500,6601341500
4000,GBB,4300,Z07,7920,6601340100,6601340100
4000,GBB,4300,Z25,3050,6601340200,6601340200
4000,GBB,4300,Z59,3050,6601230000,6601230000
4000,GBB,4300,Z63,3050,6601330000,6601330000
4000,GBB,4300,Z65,7920,6402990000,6402990000
4000,GBB,4300,Z67,3050,6601410000,6601410000
4000,GBB,4300,Z95,3050,6601342500,6601342500
4000,GBB,4300,ZBR,7926,6601060000,6601060000
4000,GBB,4310,AUF,3000,5002030000,5002030000
4000,GBB,4310,AUF,7920,5002030000,5002030000
4000,GBB,4310,BSA,3000,9999999999,9999999999
4000,GBB,4310,BSA,3040,9999999999,9999999999
4000,GBB,4310,BSA,3050,9999999999,9999999999
4000,GBB,4310,BSA,3400,9999999999,9999999999
4000,GBB,4310,BSA,3500,9999999999,9999999999
4000,GBB,4310,BSA,7900,9999999999,9999999999
4000,GBB,4310,BSA,7920,9999999999,9999999999
4000,GBB,4310,INV,3000,1901010000,1901010000
4000,GBB,4310,INV,3040,1901010000,1901010000
4000,GBB,4310,INV,3050,1901010000,1901010000
4000,GBB,4310,INV,3400,1901010000,1901010000
4000,GBB,4310,INV,3500,1901010000,1901010000
4000,GBB,4310,INV,7900,1901010000,1901010000
4000,GBB,4310,INV,7920,1901010000,1901010000
4000,GBB,4310,VAX,3000,6402020000,6402020000
4000,GBB,4310,VAX,3040,6402020000,6402020000
4000,GBB,4310,VAX,3050,6402020000,6402020000
4000,GBB,4310,VAX,7900,6402020000,6402020000
4000,GBB,4310,VAX,7920,6401000000,6401000000
4000,GBB,4310,VAX,7921,6401000000,6401000000
4000,GBB,4310,VAY,3000,6402020000,6402020000
4000,GBB,4310,VAY,3040,6402020000,6402020000
4000,GBB,4310,VAY,3050,6402020000,6402020000
4000,GBB,4310,VAY,7900,6402020000,6402020000
4000,GBB,4310,VAY,7920,6401000000,6401000000
4000,GBB,4310,VAY,7921,6401000000,6401000000
4000,GBB,4310,VBR,3000,5002010000,5002010000
4000,GBB,4310,VBR,3050,6601030000,6601030000
4000,GBB,4310,VBR,3500,5002040000,5002040000
4000,GBB,4310,VBR,3600,6601020000,6601020000
4000,GBB,4310,VBR,7920,5002010000,5002010000
4000,GBB,4310,VNG,3000,1901010000,1901010000
4000,GBB,4310,VNG,3040,1901010000,1901010000
4000,GBB,4310,VNG,3050,1901010000,1901010000
4000,GBB,4310,VNG,3400,1901010000,1901010000
4000,GBB,4310,VNG,3500,1901010000,1901010000
4000,GBB,4310,VNG,7900,1901010000,1901010000
4000,GBB,4310,VNG,7920,1901010000,1901010000
4000,GBB,4310,Z0R,3000,6601330000,6601330000
4000,GBB,4310,Z0R,3040,6601060000,6601060000
4000,GBB,4310,Z0R,3400,6601140101,6601140101
4000,GBB,4310,Z19,3000,6601030000,6601030000
4000,GBB,4310,Z19,3050,6601030000,6601030000
4000,GBB,4310,Z21,3050,6601230000,6601230000
4000,GBB,4310,Z23,3000,6601060000,6601060000
4000,GBB,4310,Z23,3050,6601060000,6601060000
4000,GBB,4310,ZBR,3000,5002010000,5002010000
4000,GBB,4310,ZBR,3050,5002040000,5002040000
4000,GBB,4310,ZBR,3500,5002040000,5002040000
4000,GBB,4310,ZBR,7920,5002010000,5002010000
4000,GBB,4350,AUF,3000,5002030000,5002030000
4000,GBB,4350,AUF,7920,5002030000,5002030000
4000,GBB,4350,AUF,7926,5002030000,5002030000
4000,GBB,4350,BSA,3000,9999999999,9999999999
4000,GBB,4350,BSA,3050,9999999999,9999999999
4000,GBB,4350,BSA,3500,9999999999,9999999999
4000,GBB,4350,BSA,7920,9999999999,9999999999
4000,GBB,4350,INV,3000,1901010000,1901010000
4000,GBB,4350,INV,3050,1901010000,1901010000
4000,GBB,4350,INV,3500,1901010000,1901010000
4000,GBB,4350,INV,7920,1901010000,1901010000
4000,GBB,4350,INV,7926,1901010000,1901010000
4000,GBB,4350,VAX,3000,6402020000,6402020000
4000,GBB,4350,VAX,3050,6402020000,6402020000
4000,GBB,4350,VAX,7920,6401000000,6401000000
4000,GBB,4350,VAX,7926,6402990000,6402990000
4000,GBB,4350,VAY,3000,6402020000,6402020000
4000,GBB,4350,VAY,3050,6402020000,6402020000
4000,GBB,4350,VAY,7920,6401000000,6401000000
4000,GBB,4350,VAY,7926,6402990000,6402990000
4000,GBB,4350,VBR,3000,5002010000,5002010000
4000,GBB,4350,VBR,3050,6601030000,6601030000
4000,GBB,4350,VBR,3500,5002040000,5002040000
4000,GBB,4350,VBR,3600,6601020000,6601020000
4000,GBB,4350,VBR,7920,5002010000,5002010000
4000,GBB,4350,VBR,7926,5002010000,5002010000
4000,GBB,4350,VNG,3000,1901010000,1901010000
4000,GBB,4350,VNG,3050,1901010000,1901010000
4000,GBB,4350,VNG,3500,1901010000,1901010000
4000,GBB,4350,VNG,7920,1901010000,1901010000
4000,GBB,4350,VNG,7926,1901010000,1901010000
4000,GBB,4350,Z07,3000,6601340100,6601340100
4000,GBB,4350,Z07,3050,6601341500,6601341500
4000,GBB,4350,Z07,7920,6601340100,6601340100
4000,GBB,4350,Z0R,3000,6601330000,6601330000
4000,GBB,4350,Z0R,3040,6601060000,6601060000
4000,GBB,4350,Z19,3000,6601030000,6601030000
4000,GBB,4350,Z19,3050,6601030000,6601030000
4000,GBB,4350,Z21,3050,6601230000,6601230000
4000,GBB,4350,Z23,3000,6601060000,6601060000
4000,GBB,4350,Z23,3050,6601060000,6601060000
4000,GBB,4350,Z25,3050,6601340200,6601340200
4000,GBB,4350,Z59,3050,6601230000,6601230000
4000,GBB,4350,Z63,3050,6601330000,6601330000
4000,GBB,4350,Z65,7920,6402990000,6402990000
4000,GBB,4350,Z67,3050,6601410000,6601410000
4000,GBB,4350,Z95,3050,6601342500,6601342500
4000,GBB,4350,ZBR,3000,5002010000,5002010000
4000,GBB,4350,ZBR,3050,6601060000,6601060000
4000,GBB,4350,ZBR,3500,5002040000,5002040000
4000,GBB,4350,ZBR,7920,5002010000,5002010000
4000,GBB,4350,ZBR,7926,5002010000,5002010000
4000,GBB,4370,AUF,3000,5002030000,5002030000
4000,GBB,4370,AUF,7920,5002030000,5002030000
4000,GBB,4370,BSA,3000,9999999999,9999999999
4000,GBB,4370,BSA,3040,9999999999,9999999999
4000,GBB,4370,BSA,3050,9999999999,9999999999
4000,GBB,4370,BSA,3400,9999999999,9999999999
4000,GBB,4370,BSA,3500,9999999999,9999999999
4000,GBB,4370,BSA,7900,9999999999,9999999999
4000,GBB,4370,BSA,7920,9999999999,9999999999
4000,GBB,4370,INV,3000,1901010000,1901010000
4000,GBB,4370,INV,3040,1901010000,1901010000
4000,GBB,4370,INV,3050,1901010000,1901010000
4000,GBB,4370,INV,3400,1901010000,1901010000
4000,GBB,4370,INV,3500,1901010000,1901010000
4000,GBB,4370,INV,7900,1901010000,1901010000
4000,GBB,4370,INV,7920,1901010000,1901010000
4000,GBB,4370,INV,7926,1901010000,1901010000
4000,GBB,4370,VAX,3000,6402020000,6402020000
4000,GBB,4370,VAX,3040,6402020000,6402020000
4000,GBB,4370,VAX,3050,6402020000,6402020000
4000,GBB,4370,VAX,7900,6402020000,6402020000
4000,GBB,4370,VAX,7920,6401000000,6401000000
4000,GBB,4370,VAX,7921,6401000000,6401000000
4000,GBB,4370,VAX,7926,6402990000,6402990000
4000,GBB,4370,VAY,3000,6402020000,6402020000
4000,GBB,4370,VAY,3040,6402020000,6402020000
4000,GBB,4370,VAY,3050,6402020000,6402020000
4000,GBB,4370,VAY,7900,6402020000,6402020000
4000,GBB,4370,VAY,7920,6401000000,6401000000
4000,GBB,4370,VAY,7921,6401000000,6401000000
4000,GBB,4370,VAY,7926,6402990000,6402990000
4000,GBB,4370,VBR,3000,5002010000,5002010000
4000,GBB,4370,VBR,3050,6601030000,6601030000
4000,GBB,4370,VBR,3500,5002040000,5002040000
4000,GBB,4370,VBR,3600,6601020000,6601020000
4000,GBB,4370,VBR,7920,5002010000,5002010000
4000,GBB,4370,VBR,7926,5002010000,5002010000
4000,GBB,4370,VNG,3000,1901010000,1901010000
4000,GBB,4370,VNG,3040,1901010000,1901010000
4000,GBB,4370,VNG,3050,1901010000,1901010000
4000,GBB,4370,VNG,3400,1901010000,1901010000
4000,GBB,4370,VNG,3500,1901010000,1901010000
4000,GBB,4370,VNG,7900,1901010000,1901010000
4000,GBB,4370,VNG,7920,1901010000,1901010000
4000,GBB,4370,VNG,7926,1901010000,1901010000
4000,GBB,4370,Z0R,3000,6601330000,6601330000
4000,GBB,4370,Z0R,3040,6601060000,6601060000
4000,GBB,4370,Z0R,3400,6601140101,6601140101
4000,GBB,4370,Z19,3000,6601030000,6601030000
4000,GBB,4370,Z19,3050,6601030000,6601030000
4000,GBB,4370,Z21,3050,6601230000,6601230000
4000,GBB,4370,Z23,3000,6601060000,6601060000
4000,GBB,4370,Z23,3050,6601060000,6601060000
4000,GBB,4370,Z37,3000,6402020000,6402020000
4000,GBB,4370,Z37,3050,6402020000,6402020000
4000,GBB,4370,Z95,3050,6601342500,6601342500
4000,GBB,4370,ZBR,3000,5002010000,5002010000
4000,GBB,4370,ZBR,3050,5002040000,5002040000
4000,GBB,4370,ZBR,3500,5002040000,5002040000
4000,GBB,4370,ZBR,7920,5002010000,5002010000
4000,GBB,4380,AUF,3000,5002030000,5002030000
4000,GBB,4380,AUF,7920,5002030000,5002030000
4000,GBB,4380,AUF,7926,5002030000,5002030000
4000,GBB,4380,BSA,3000,9999999999,9999999999
4000,GBB,4380,BSA,3040,9999999999,9999999999
4000,GBB,4380,BSA,3050,9999999999,9999999999
4000,GBB,4380,BSA,3400,9999999999,9999999999
4000,GBB,4380,BSA,3500,9999999999,9999999999
4000,GBB,4380,BSA,7900,9999999999,9999999999
4000,GBB,4380,BSA,7920,9999999999,9999999999
4000,GBB,4380,INV,3000,1901010000,1901010000
4000,GBB,4380,INV,3040,1901010000,1901010000
4000,GBB,4380,INV,3050,1901010000,1901010000
4000,GBB,4380,INV,3400,1901010000,1901010000
4000,GBB,4380,INV,3500,1901010000,1901010000
4000,GBB,4380,INV,7900,1901010000,1901010000
4000,GBB,4380,INV,7920,1901010000,1901010000
4000,GBB,4380,INV,7926,1901010000,1901010000
4000,GBB,4380,VAX,3000,6402020000,6402020000
4000,GBB,4380,VAX,3040,6402020000,6402020000
4000,GBB,4380,VAX,3050,6402020000,6402020000
4000,GBB,4380,VAX,3400,6402020000,6402020000
4000,GBB,4380,VAX,7900,6402020000,6402020000
4000,GBB,4380,VAX,7920,6401000000,6401000000
4000,GBB,4380,VAX,7921,6401000000,6401000000
4000,GBB,4380,VAX,7926,6402990000,6402990000
4000,GBB,4380,VAY,3000,6402020000,6402020000
4000,GBB,4380,VAY,3040,6402020000,6402020000
4000,GBB,4380,VAY,3050,6402020000,6402020000
4000,GBB,4380,VAY,3400,6402020000,6402020000
4000,GBB,4380,VAY,7900,6402020000,6402020000
4000,GBB,4380,VAY,7920,6401000000,6401000000
4000,GBB,4380,VAY,7921,6401000000,6401000000
4000,GBB,4380,VAY,7926,6402990000,6402990000
4000,GBB,4380,VBR,3000,5002010000,5002010000
4000,GBB,4380,VBR,3050,6601030000,6601030000
4000,GBB,4380,VBR,3500,5002040000,5002040000
4000,GBB,4380,VBR,3600,6601020000,6601020000
4000,GBB,4380,VBR,7920,5002010000,5002010000
4000,GBB,4380,VBR,7926,5002010000,5002010000
4000,GBB,4380,VNG,3000,1901010000,1901010000
4000,GBB,4380,VNG,3040,1901010000,1901010000
4000,GBB,4380,VNG,3050,1901010000,1901010000
4000,GBB,4380,VNG,3400,1901010000,1901010000
4000,GBB,4380,VNG,3500,1901010000,1901010000
4000,GBB,4380,VNG,7900,1901010000,1901010000
4000,GBB,4380,VNG,7920,1901010000,1901010000
4000,GBB,4380,VNG,7926,1901010000,1901010000
4000,GBB,4380,Z0R,3000,6601330000,6601330000
4000,GBB,4380,Z0R,3040,6601060000,6601060000
4000,GBB,4380,Z0R,3400,6601140101,6601140101
4000,GBB,4380,Z19,3000,6601030000,6601030000
4000,GBB,4380,Z19,3050,6601030000,6601030000
4000,GBB,4380,Z21,3050,6601230000,6601230000
4000,GBB,4380,Z23,3000,6601060000,6601060000
4000,GBB,4380,Z23,3050,6601060000,6601060000
4000,GBB,4380,Z95,3050,6601342500,6601342500
4000,GBB,4380,ZBR,3000,5002010000,5002010000
4000,GBB,4380,ZBR,3050,5002040000,5002040000
4000,GBB,4380,ZBR,3500,5002040000,5002040000
4000,GBB,4380,ZBR,7920,5002010000,5002010000
4000,GBB,4380,ZBR,7926,5002010000,5002010000
4000,GBB,4390,BSA,7924,9999999999,9999999999
4000,GBB,4390,Z49,7924,6601140103,6601140103
4000,GBB,4390,Z49,7928,6601140103,6601140103
4000,GBB,4390,Z71,3050,6601330000,6601330000
4000,GBB,4390,Z73,3050,6601060000,6601060000
4000,GBB,4390,Z75,3050,6601060000,6601060000
4000,GBB,4390,Z77,3040,6601060000,6601060000
4000,GBB,4390,Z77,3050,6601060000,6601060000
4000,GBB,4390,Z79,3040,6601060000,6601060000
4000,GBB,4390,Z79,3050,6601060000,6601060000
4000,GBB,4390,Z81,3050,6601060000,6601060000
4000,GBB,4390,Z83,3050,6601030000,6601030000
4000,GBB,4390,Z85,3050,6601030000,6601030000
4000,GBB,4390,Z87,3050,6601030000,6601030000
4000,GBB,4390,Z89,3050,6601030000,6601030000
4000,GBB,4390,Z91,3050,6601030000,6601030000
4000,GBB,4410,AUF,7900,5001040000,5001040000
4000,GBB,4410,AUF,7920,5001030000,5001030000
4000,GBB,4410,AUF,7921,5001030000,5001030000
4000,GBB,4410,BSA,3000,9999999999,9999999999
4000,GBB,4410,BSA,3040,9999999999,9999999999
4000,GBB,4410,BSA,3050,9999999999,9999999999
4000,GBB,4410,BSA,3400,9999999999,9999999999
4000,GBB,4410,BSA,3500,9999999999,9999999999
4000,GBB,4410,BSA,7900,9999999999,9999999999
4000,GBB,4410,BSA,7901,9999999999,9999999999
4000,GBB,4410,BSA,7920,9999999999,9999999999
4000,GBB,4410,BSA,7921,9999999999,9999999999
4000,GBB,4410,BSA,7922,9999999999,9999999999
4000,GBB,4410,BSA,7924,9999999999,9999999999
4000,GBB,4410,INV,3000,1901010000,1901010000
4000,GBB,4410,INV,3040,1901010000,1901010000
4000,GBB,4410,INV,3050,1901010000,1901010000
4000,GBB,4410,INV,3400,1901010000,1901010000
4000,GBB,4410,INV,3500,1901010000,1901010000
4000,GBB,4410,INV,7900,1901010000,1901010000
4000,GBB,4410,INV,7901,1901010000,1901010000
4000,GBB,4410,INV,7920,1901010000,1901010000
4000,GBB,4410,INV,7921,1901010000,1901010000
4000,GBB,4410,INV,7924,1901010000,1901010000
4000,GBB,4410,VAX,3000,6402020000,6402020000
4000,GBB,4410,VAX,3040,6402020000,6402020000
4000,GBB,4410,VAX,3050,6402020000,6402020000
4000,GBB,4410,VAX,3400,6402020000,6402020000
4000,GBB,4410,VAX,7900,6402020000,6402020000
4000,GBB,4410,VAX,7920,6401000000,6401000000
4000,GBB,4410,VAX,7921,6401000000,6401000000
4000,GBB,4410,VAX,7922,6402070000,6402070000
4000,GBB,4410,VAX,7924,6402090000,6402090000
4000,GBB,4410,VAY,3000,6402020000,6402020000
4000,GBB,4410,VAY,3040,6402020000,6402020000
4000,GBB,4410,VAY,3050,6402020000,6402020000
4000,GBB,4410,VAY,3400,6402020000,6402020000
4000,GBB,4410,VAY,7900,6402020000,6402020000
4000,GBB,4410,VAY,7920,6401000000,6401000000
4000,GBB,4410,VAY,7921,6401000000,6401000000
4000,GBB,4410,VAY,7922,6402070000,6402070000
4000,GBB,4410,VAY,7924,6402090000,6402090000
4000,GBB,4410,VBO,3000,1408010000,1408010000
4000,GBB,4410,VBO,3040,1408010000,1408010000
4000,GBB,4410,VBR,3000,5001010000,5001010000
4000,GBB,4410,VBR,3040,5001020000,5001020000
4000,GBB,4410,VBR,3050,5001060000,5001060000
4000,GBB,4410,VBR,3400,5001020000,5001020000
4000,GBB,4410,VBR,3500,5001050000,5001050000
4000,GBB,4410,VBR,3600,6601020000,6601020000
4000,GBB,4410,VBR,7900,5001040000,5001040000
4000,GBB,4410,VBR,7901,5001040000,5001040000
4000,GBB,4410,VBR,7920,5001030000,5001030000
4000,GBB,4410,VBR,7921,5001030000,5001030000
4000,GBB,4410,VBR,7922,5001030000,5001030000
4000,GBB,4410,VNG,3000,1901010000,1901010000
4000,GBB,4410,VNG,3040,1901010000,1901010000
4000,GBB,4410,VNG,3050,1901010000,1901010000
4000,GBB,4410,VNG,3400,1901010000,1901010000
4000,GBB,4410,VNG,3500,1901010000,1901010000
4000,GBB,4410,VNG,7900,1901010000,1901010000
4000,GBB,4410,VNG,7901,1901010000,1901010000
4000,GBB,4410,VNG,7920,1901010000,1901010000
4000,GBB,4410,VNG,7921,1901010000,1901010000
4000,GBB,4410,Z01,3040,6601060000,6601060000
4000,GBB,4410,Z01,3050,6601140101,6601140101
4000,GBB,4410,Z01,3400,6601140101,6601140101
4000,GBB,4410,Z01,7900,6601140106,6601140106
4000,GBB,4410,Z01,7920,6601140106,6601140106
4000,GBB,4410,Z01,7921,6601140106,6601140106
4000,GBB,4410,Z01,7924,6601140106,6601140106
4000,GBB,4410,Z03,7900,6601250000,6601250000
4000,GBB,4410,Z03,7920,6601250000,6601250000
4000,GBB,4410,Z03,7921,6601250000,6601250000
4000,GBB,4410,Z05,3000,6601330000,6601330000
4000,GBB,4410,Z05,3040,6601330000,6601330000
4000,GBB,4410,Z05,3050,6601330000,6601330000
4000,GBB,4410,Z05,3500,6601330000,6601330000
4000,GBB,4410,Z05,7900,6601330000,6601330000
4000,GBB,4410,Z05,7920,6601330000,6601330000
4000,GBB,4410,Z05,7921,6601330000,6601330000
4000,GBB,4410,Z05,7924,6601330000,6601330000
4000,GBB,4410,Z07,3000,6601340100,6601340100
4000,GBB,4410,Z07,3040,6601340100,6601340100
4000,GBB,4410,Z07,7900,6601340100,6601340100
4000,GBB,4410,Z07,7920,6601340100,6601340100
4000,GBB,4410,Z07,7921,6601340100,6601340100
4000,GBB,4410,Z09,7900,6601120000,6601120000
4000,GBB,4410,Z09,7920,6601120000,6601120000
4000,GBB,4410,Z09,7921,6601120000,6601120000
4000,GBB,4410,Z11,7900,6601140103,6601140103
4000,GBB,4410,Z11,7920,6601140103,6601140103
4000,GBB,4410,Z11,7921,6601140103,6601140103
4000,GBB,4410,Z11,7924,6601140103,6601140103
4000,GBB,4410,Z13,3000,6601010200,6601010200
4000,GBB,4410,Z13,7900,6601010200,6601010200
4000,GBB,4410,Z13,7920,6601010200,6601010200
4000,GBB,4410,Z13,7921,6601010200,6601010200
4000,GBB,4410,Z15,3040,6601060000,6601060000
4000,GBB,4410,Z15,3050,6601140101,6601140101
4000,GBB,4410,Z15,3400,6601140101,6601140101
4000,GBB,4410,Z17,3400,6601100200,6601100200
4000,GBB,4410,Z17,7920,6601100200,6601100200
4000,GBB,4410,Z17,7921,6601100200,6601100200
4000,GBB,4410,Z19,3040,6601030000,6601030000
4000,GBB,4410,Z19,3050,6601030000,6601030000
4000,GBB,4410,Z19,3500,6601030000,6601030000
4000,GBB,4410,Z21,3050,6601230000,6601230000
4000,GBB,4410,Z21,3500,6601230000,6601230000
4000,GBB,4410,Z23,3040,6601060000,6601060000
4000,GBB,4410,Z23,3050,6601060000,6601060000
4000,GBB,4410,Z23,3400,6601060000,6601060000
4000,GBB,4410,Z25,3050,6601340200,6601340200
4000,GBB,4410,Z27,7920,6711060000,6711060000
4000,GBB,4410,Z27,7921,6711060000,6711060000
4000,GBB,4410,Z33,3000,6601060000,6601060000
4000,GBB,4410,Z33,3040,6601060000,6601060000
4000,GBB,4410,Z39,7920,6601120000,6601120000
4000,GBB,4410,Z39,7921,6601120000,6601120000
4000,GBB,4410,Z41,7920,6601110000,6601110000
4000,GBB,4410,Z41,7921,6601110000,6601110000
4000,GBB,4410,Z41,7922,6601110000,6601110000
4000,GBB,4410,Z45,3050,6601080105,6601080105
4000,GBB,4410,Z47,3050,6601160500,6601160500
4000,GBB,4410,Z49,3100,6601140103,6601140103
4000,GBB,4410,Z49,7920,6601140103,6601140103
4000,GBB,4410,Z49,7921,6601140103,6601140103
4000,GBB,4410,Z53,3400,6601140106,6601140106
4000,GBB,4410,Z93,7920,6711090000,6711090000
4000,GBB,4410,Z93,7921,6711090000,6711090000
4000,GBB,4410,Z95,3050,6601342500,6601342500
4000,GBB,4410,ZBR,3000,6601060000,6601060000
4000,GBB,4410,ZBR,3040,6601060000,6601060000
4000,GBB,4410,ZBR,3050,6601060000,6601060000
4000,GBB,4410,ZBR,3500,6601060000,6601060000
4000,GBB,4420,AUF,3100,5001030000,5001030000
4000,GBB,4420,BSA,3000,9999999999,9999999999
4000,GBB,4420,BSA,3040,9999999999,9999999999
4000,GBB,4420,BSA,3050,9999999999,9999999999
4000,GBB,4420,BSA,3100,9999999999,9999999999
4000,GBB,4420,BSA,3400,9999999999,9999999999
4000,GBB,4420,BSA,3500,9999999999,9999999999
4000,GBB,4420,INV,3000,1901010000,1901010000
4000,GBB,4420,INV,3040,1901010000,1901010000
4000,GBB,4420,INV,3100,1901010000,1901010000
4000,GBB,4420,INV,3400,1901010000,1901010000
4000,GBB,4420,INV,3500,1901010000,1901010000
4000,GBB,4420,VAX,3000,6402020000,6402020000
4000,GBB,4420,VAX,3040,6402020000,6402020000
4000,GBB,4420,VAX,3050,6402020000,6402020000
4000,GBB,4420,VAX,3100,6401000000,6401000000
4000,GBB,4420,VAX,3400,6402020000,6402020000
4000,GBB,4420,VAY,3000,6402020000,6402020000
4000,GBB,4420,VAY,3040,6402020000,6402020000
4000,GBB,4420,VAY,3050,6402020000,6402020000
4000,GBB,4420,VAY,3100,6401000000,6401000000
4000,GBB,4420,VAY,3400,6402020000,6402020000
4000,GBB,4420,VBO,3000,1408010000,1408010000
4000,GBB,4420,VBO,3040,1408010000,1408010000
4000,GBB,4420,VBR,3000,5001010000,5001010000
4000,GBB,4420,VBR,3040,5001020000,5001020000
4000,GBB,4420,VBR,3050,5001060000,5001060000
4000,GBB,4420,VBR,3100,5001030000,5001030000
4000,GBB,4420,VBR,3400,5001020000,5001020000
4000,GBB,4420,VBR,3500,5001050000,5001050000
4000,GBB,4420,VBR,3600,6601020000,6601020000
4000,GBB,4420,VNG,3000,1901010000,1901010000
4000,GBB,4420,VNG,3040,1901010000,1901010000
4000,GBB,4420,VNG,3050,1901010000,1901010000
4000,GBB,4420,VNG,3100,1901010000,1901010000
4000,GBB,4420,VNG,3400,1901010000,1901010000
4000,GBB,4420,VNG,3500,1901010000,1901010000
4000,GBB,4420,Z01,3040,6601060000,6601060000
4000,GBB,4420,Z01,3050,6601140101,6601140101
4000,GBB,4420,Z01,3100,6601140106,6601140106
4000,GBB,4420,Z01,3400,6601140101,6601140101
4000,GBB,4420,Z03,3100,6601250000,6601250000
4000,GBB,4420,Z05,3000,6601330000,6601330000
4000,GBB,4420,Z05,3040,6601330000,6601330000
4000,GBB,4420,Z05,3050,6601330000,6601330000
4000,GBB,4420,Z05,3100,6601330000,6601330000
4000,GBB,4420,Z05,3500,6601330000,6601330000
4000,GBB,4420,Z07,3000,6601340100,6601340100
4000,GBB,4420,Z07,3040,6601340100,6601340100
4000,GBB,4420,Z07,3100,6601340100,6601340100
4000,GBB,4420,Z09,3040,6601120000,6601120000
4000,GBB,4420,Z09,3100,6601120000,6601120000
4000,GBB,4420,Z09,3400,6601060000,6601060000
4000,GBB,4420,Z11,3100,6601140103,6601140103
4000,GBB,4420,Z13,3000,6601010200,6601010200
4000,GBB,4420,Z13,3100,6601010200,6601010200
4000,GBB,4420,Z13,3400,6601010200,6601010200
4000,GBB,4420,Z15,3040,6601060000,6601060000
4000,GBB,4420,Z15,3050,6601140101,6601140101
4000,GBB,4420,Z15,3400,6601140101,6601140101
4000,GBB,4420,Z17,3100,6601100200,6601100200
4000,GBB,4420,Z17,3400,6601100200,6601100200
4000,GBB,4420,Z19,3040,6601030000,6601030000
4000,GBB,4420,Z19,3050,6601030000,6601030000
4000,GBB,4420,Z19,3500,6601030000,6601030000
4000,GBB,4420,Z21,3050,6601230000,6601230000
4000,GBB,4420,Z21,3500,6601230000,6601230000
4000,GBB,4420,Z23,3040,6601060000,6601060000
4000,GBB,4420,Z23,3050,6601060000,6601060000
4000,GBB,4420,Z23,3400,6601060000,6601060000
4000,GBB,4420,Z25,3050,6601340200,6601340200
4000,GBB,4420,Z27,3100,6711060000,6711060000
4000,GBB,4420,Z29,3100,6601140105,6601140105
4000,GBB,4420,Z33,3000,6601060000,6601060000
4000,GBB,4420,Z33,3040,6601060000,6601060000
4000,GBB,4420,Z39,3100,6601120000,6601120000
4000,GBB,4420,Z41,3100,6601110000,6601110000
4000,GBB,4420,Z45,3050,6601080105,6601080105
4000,GBB,4420,Z47,3050,6601160500,6601160500
4000,GBB,4420,Z95,3050,6601342500,6601342500
4000,GBB,4420,ZBR,3000,6601060000,6601060000
4000,GBB,4420,ZBR,3040,6601060000,6601060000
4000,GBB,4420,ZBR,3050,6601060000,6601060000
4000,GBB,4420,ZBR,3500,6601060000,6601060000
4000,GBB,4450,AUI,3000,5001010000,5001010000
4000,GBB,4450,AUI,3040,5001020000,5001020000
4000,GBB,4450,AUI,3050,5001060000,5001060000
4000,GBB,4450,AUI,3400,6601140101,6601140101
4000,GBB,4450,AUI,3500,5001050000,5001050000
4000,GBB,4450,AUI,3600,6601020000,6601020000
4000,GBB,4450,AUI,7900,5001040000,5001040000
4000,GBB,4450,AUI,7901,5001040000,5001040000
4000,GBB,4450,AUI,7920,5001030000,5001030000
4000,GBB,4450,AUI,7921,5001030000,5001030000
4000,GBB,4450,VBR,3400,6601140101,6601140101
4000,GBB,4450,VBR,3500,5001050000,5001050000
4000,GBB,4450,VBR,3600,6601020000,6601020000
4000,GBB,4450,VBR,7900,5001040000,5001040000
4000,GBB,4450,VBR,7901,5001040000,5001040000
4000,GBB,4450,VBR,7920,5001030000,5001030000
4000,GBB,4450,VBR,7921,5001030000,5001030000
4000,GBB,4450,VBR,7922,5001030000,5001030000
4000,GBB,4460,AUF,3000,5002030000,5002030000
4000,GBB,4460,AUF,7920,5002030000,5002030000
4000,GBB,4460,AUF,7926,5002030000,5002030000
4000,GBB,4460,BSA,3000,9999999999,9999999999
4000,GBB,4460,BSA,3050,9999999999,9999999999
4000,GBB,4460,BSA,3500,9999999999,9999999999
4000,GBB,4460,BSA,7920,9999999999,9999999999
4000,GBB,4460,INV,3000,1901010000,1901010000
4000,GBB,4460,INV,3050,1901010000,1901010000
4000,GBB,4460,INV,3500,1901010000,1901010000
4000,GBB,4460,INV,7920,1901010000,1901010000
4000,GBB,4460,INV,7926,1901010000,1901010000
4000,GBB,4460,VAX,3000,6402020000,6402020000
4000,GBB,4460,VAX,3050,6402020000,6402020000
4000,GBB,4460,VAX,7920,6401000000,6401000000
4000,GBB,4460,VAX,7926,6402990000,6402990000
4000,GBB,4460,VAY,3000,6402020000,6402020000
4000,GBB,4460,VAY,3050,6402020000,6402020000
4000,GBB,4460,VAY,7920,6401000000,6401000000
4000,GBB,4460,VAY,7926,6402990000,6402990000
4000,GBB,4460,VBR,3000,5002010000,5002010000
4000,GBB,4460,VBR,3050,6601030000,6601030000
4000,GBB,4460,VBR,3500,5002040000,5002040000
4000,GBB,4460,VBR,3600,6601020000,6601020000
4000,GBB,4460,VBR,7920,5002010000,5002010000
4000,GBB,4460,VBR,7926,5002010000,5002010000
4000,GBB,4460,VNG,3000,1901010000,1901010000
4000,GBB,4460,VNG,3050,1901010000,1901010000
4000,GBB,4460,VNG,3500,1901010000,1901010000
4000,GBB,4460,VNG,7920,1901010000,1901010000
4000,GBB,4460,VNG,7926,1901010000,1901010000
4000,GBB,4460,Z07,3000,6601340100,6601340100
4000,GBB,4460,Z07,3050,6601341500,6601341500
4000,GBB,4460,Z07,7920,6601340100,6601340100
4000,GBB,4460,Z0R,3000,6601330000,6601330000
4000,GBB,4460,Z0R,3040,6601060000,6601060000
4000,GBB,4460,Z19,3000,6601030000,6601030000
4000,GBB,4460,Z19,3050,6601030000,6601030000
4000,GBB,4460,Z21,3050,6601230000,6601230000
4000,GBB,4460,Z23,3000,6601060000,6601060000
4000,GBB,4460,Z23,3050,6601060000,6601060000
4000,GBB,4460,Z25,3050,6601340200,6601340200
4000,GBB,4460,Z59,3050,6601230000,6601230000
4000,GBB,4460,Z63,3050,6601330000,6601330000
4000,GBB,4460,Z65,7920,6402990000,6402990000
4000,GBB,4460,Z67,3050,6601410000,6601410000
4000,GBB,4460,Z95,3050,6601342500,6601342500
4000,GBB,4460,ZBR,3000,5002010000,5002010000
4000,GBB,4460,ZBR,3050,6601060000,6601060000
4000,GBB,4460,ZBR,3500,5002040000,5002040000
4000,GBB,4460,ZBR,7920,5002010000,5002010000
4000,GBB,4460,ZBR,7926,5002010000,5002010000
4000,GBB,4470,AUF,3000,5002030000,5002030000
4000,GBB,4470,AUF,7920,5002030000,5002030000
4000,GBB,4470,AUF,7926,5002030000,5002030000
4000,GBB,4470,BSA,3000,9999999999,9999999999
4000,GBB,4470,BSA,3050,9999999999,9999999999
4000,GBB,4470,BSA,3500,9999999999,9999999999
4000,GBB,4470,BSA,7920,9999999999,9999999999
4000,GBB,4470,INV,3000,1901010000,1901010000
4000,GBB,4470,INV,3050,1901010000,1901010000
4000,GBB,4470,INV,3500,1901010000,1901010000
4000,GBB,4470,INV,7920,1901010000,1901010000
4000,GBB,4470,VAX,3000,6402020000,6402020000
4000,GBB,4470,VAX,3050,6402020000,6402020000
4000,GBB,4470,VAX,7920,6401000000,6401000000
4000,GBB,4470,VAX,7926,6402990000,6402990000
4000,GBB,4470,VAY,3000,6402020000,6402020000
4000,GBB,4470,VAY,3050,6402020000,6402020000
4000,GBB,4470,VAY,7920,6401000000,6401000000
4000,GBB,4470,VAY,7926,6402990000,6402990000
4000,GBB,4470,VBR,3000,5002010000,5002010000
4000,GBB,4470,VBR,3050,6601030000,6601030000
4000,GBB,4470,VBR,3500,5002040000,5002040000
4000,GBB,4470,VBR,3600,6601020000,6601020000
4000,GBB,4470,VBR,7920,5002010000,5002010000
4000,GBB,4470,VBR,7926,5002010000,5002010000
4000,GBB,4470,VNG,3000,1901010000,1901010000
4000,GBB,4470,VNG,3050,1901010000,1901010000
4000,GBB,4470,VNG,3500,1901010000,1901010000
4000,GBB,4470,VNG,7920,1901010000,1901010000
4000,GBB,4470,VNG,7926,1901010000,1901010000
4000,GBB,4470,Z07,3000,6601340100,6601340100
4000,GBB,4470,Z07,3050,6601341500,6601341500
4000,GBB,4470,Z07,7920,6601340100,6601340100
4000,GBB,4470,Z0R,3000,6601330000,6601330000
4000,GBB,4470,Z0R,3040,6601060000,6601060000
4000,GBB,4470,Z19,3000,6601030000,6601030000
4000,GBB,4470,Z19,3050,6601030000,6601030000
4000,GBB,4470,Z21,3050,6601230000,6601230000
4000,GBB,4470,Z23,3000,6601060000,6601060000
4000,GBB,4470,Z23,3050,6601060000,6601060000
4000,GBB,4470,Z25,3050,6601340200,6601340200
4000,GBB,4470,Z37,3000,6402020000,6402020000
4000,GBB,4470,Z59,3050,6601230000,6601230000
4000,GBB,4470,Z63,3050,6601330000,6601330000
4000,GBB,4470,Z65,7920,6402990000,6402990000
4000,GBB,4470,Z67,3050,6601410000,6601410000
4000,GBB,4470,Z95,3050,6601342500,6601342500
4000,GBB,4470,ZBR,3000,5002010000,5002010000
4000,GBB,4470,ZBR,3050,6601060000,6601060000
4000,GBB,4470,ZBR,3500,5002040000,5002040000
4000,GBB,4470,ZBR,7920,5002010000,5002010000
4000,GBB,4470,ZBR,7926,5002010000,5002010000
4000,GBB,4480,AUF,7900,5001040000,5001040000
4000,GBB,4480,AUF,7920,5001030000,5001030000
4000,GBB,4480,AUF,7921,5001030000,5001030000
4000,GBB,4480,AUF,7923,5001030000,5001030000
4000,GBB,4480,AUF,7925,5001030000,5001030000
4000,GBB,4480,AUI,3000,5001010000,5001010000
4000,GBB,4480,AUI,3040,5001020000,5001020000
4000,GBB,4480,AUI,3050,5001060000,5001060000
4000,GBB,4480,AUI,3400,6601140101,6601140101
4000,GBB,4480,AUI,3500,5001050000,5001050000
4000,GBB,4480,AUI,3600,6601020000,6601020000
4000,GBB,4480,AUI,7900,5001040000,5001040000
4000,GBB,4480,AUI,7901,5001040000,5001040000
4000,GBB,4480,AUI,7920,5001030000,5001030000
4000,GBB,4480,AUI,7921,5001030000,5001030000
4000,GBB,4480,BSA,3000,9999999999,9999999999
4000,GBB,4480,BSA,3040,9999999999,9999999999
4000,GBB,4480,BSA,3050,9999999999,9999999999
4000,GBB,4480,BSA,3400,9999999999,9999999999
4000,GBB,4480,BSA,3500,9999999999,9999999999
4000,GBB,4480,BSA,7900,9999999999,9999999999
4000,GBB,4480,BSA,7901,9999999999,9999999999
4000,GBB,4480,BSA,7920,9999999999,9999999999
4000,GBB,4480,BSA,7921,9999999999,9999999999
4000,GBB,4480,BSA,7922,9999999999,9999999999
4000,GBB,4480,INV,3000,1901010000,1901010000
4000,GBB,4480,INV,3040,1901010000,1901010000
4000,GBB,4480,INV,3050,1901010000,1901010000
4000,GBB,4480,INV,3400,1901010000,1901010000
4000,GBB,4480,INV,3500,1901010000,1901010000
4000,GBB,4480,INV,7900,1901010000,1901010000
4000,GBB,4480,INV,7901,1901010000,1901010000
4000,GBB,4480,INV,7920,1901010000,1901010000
4000,GBB,4480,INV,7921,1901010000,1901010000
4000,GBB,4480,INV,7923,1901010000,1901010000
4000,GBB,4480,INV,7925,1901010000,1901010000
4000,GBB,4480,VAX,3000,6402020000,6402020000
4000,GBB,4480,VAX,3040,6402020000,6402020000
4000,GBB,4480,VAX,3050,6402020000,6402020000
4000,GBB,4480,VAX,3400,6402020000,6402020000
4000,GBB,4480,VAX,7900,6402020000,6402020000
4000,GBB,4480,VAX,7920,6401000000,6401000000
4000,GBB,4480,VAX,7921,6401000000,6401000000
4000,GBB,4480,VAX,7922,6402070000,6402070000
4000,GBB,4480,VAX,7923,6402990000,6402990000
4000,GBB,4480,VAX,7925,6402990000,6402990000
4000,GBB,4480,VAY,3000,6402020000,6402020000
4000,GBB,4480,VAY,3040,6402020000,6402020000
4000,GBB,4480,VAY,3050,6402020000,6402020000
4000,GBB,4480,VAY,3400,6402020000,6402020000
4000,GBB,4480,VAY,7900,6402020000,6402020000
4000,GBB,4480,VAY,7920,6401000000,6401000000
4000,GBB,4480,VAY,7921,6401000000,6401000000
4000,GBB,4480,VAY,7922,6402070000,6402070000
4000,GBB,4480,VAY,7923,6402990000,6402990000
4000,GBB,4480,VAY,7925,6402990000,6402990000
4000,GBB,4480,VBO,3000,1408010000,1408010000
4000,GBB,4480,VBO,3040,1408010000,1408010000
4000,GBB,4480,VBR,3000,5001010000,5001010000
4000,GBB,4480,VBR,3040,5001020000,5001020000
4000,GBB,4480,VBR,3050,5001060000,5001060000
4000,GBB,4480,VBR,3400,5001020000,5001020000
4000,GBB,4480,VBR,3500,5001050000,5001050000
4000,GBB,4480,VBR,3600,6601020000,6601020000
4000,GBB,4480,VBR,7900,5001040000,5001040000
4000,GBB,4480,VBR,7901,5001040000,5001040000
4000,GBB,4480,VBR,7920,5001030000,5001030000
4000,GBB,4480,VBR,7921,5001030000,5001030000
4000,GBB,4480,VBR,7922,5001030000,5001030000
4000,GBB,4480,VBR,7923,5001030000,5001030000
4000,GBB,4480,VBR,7925,5001030000,5001030000
4000,GBB,4480,VNG,3000,1901010000,1901010000
4000,GBB,4480,VNG,3040,1901010000,1901010000
4000,GBB,4480,VNG,3050,1901010000,1901010000
4000,GBB,4480,VNG,3400,1901010000,1901010000
4000,GBB,4480,VNG,3500,1901010000,1901010000
4000,GBB,4480,VNG,7900,1901010000,1901010000
4000,GBB,4480,VNG,7901,1901010000,1901010000
4000,GBB,4480,VNG,7920,1901010000,1901010000
4000,GBB,4480,VNG,7921,1901010000,1901010000
4000,GBB,4480,VNG,7922,1901010000,1901010000
4000,GBB,4480,VQP,7920,6601330000,6601330000
4000,GBB,4480,VQP,7923,6601330000,6601330000
4000,GBB,4480,VQY,7920,6601330000,6601330000
4000,GBB,4480,VQY,7923,6601330000,6601330000
4000,GBB,4480,Z01,3040,6601060000,6601060000
4000,GBB,4480,Z01,3050,6601140101,6601140101
4000,GBB,4480,Z01,3400,6601140101,6601140101
4000,GBB,4480,Z01,7900,6601140106,6601140106
4000,GBB,4480,Z01,7920,6601140106,6601140106
4000,GBB,4480,Z01,7921,6601140106,6601140106
4000,GBB,4480,Z03,7900,6601250000,6601250000
4000,GBB,4480,Z03,7920,6601250000,6601250000
4000,GBB,4480,Z03,7921,6601250000,6601250000
4000,GBB,4480,Z05,3000,6601330000,6601330000
4000,GBB,4480,Z05,3040,6601330000,6601330000
4000,GBB,4480,Z05,3050,6601330000,6601330000
4000,GBB,4480,Z05,3500,6601330000,6601330000
4000,GBB,4480,Z05,7900,6601330000,6601330000
4000,GBB,4480,Z05,7920,6601330000,6601330000
4000,GBB,4480,Z05,7921,6601330000,6601330000
4000,GBB,4480,Z05,7923,6601330000,6601330000
4000,GBB,4480,Z07,3000,6601340100,6601340100
4000,GBB,4480,Z07,3040,6601340100,6601340100
4000,GBB,4480,Z07,3050,6601341500,6601341500
4000,GBB,4480,Z07,7900,6601340100,6601340100
4000,GBB,4480,Z07,7920,6601340100,6601340100
4000,GBB,4480,Z07,7921,6601340100,6601340100
4000,GBB,4480,Z09,7900,6601120000,6601120000
4000,GBB,4480,Z09,7920,6601120000,6601120000
4000,GBB,4480,Z09,7921,6601120000,6601120000
4000,GBB,4480,Z11,7900,6601140103,6601140103
4000,GBB,4480,Z11,7920,6601140103,6601140103
4000,GBB,4480,Z11,7921,6601140103,6601140103
4000,GBB,4480,Z13,3000,6601010200,6601010200
4000,GBB,4480,Z13,3040,6601010200,6601010200
4000,GBB,4480,Z13,3050,6601010200,6601010200
4000,GBB,4480,Z13,3400,6601010200,6601010200
4000,GBB,4480,Z13,7900,6601010200,6601010200
4000,GBB,4480,Z13,7920,6601010200,6601010200
4000,GBB,4480,Z13,7921,6601010200,6601010200
4000,GBB,4480,Z15,3000,6601140101,6601140101
4000,GBB,4480,Z15,3040,6601060000,6601060000
4000,GBB,4480,Z15,3050,6601140101,6601140101
4000,GBB,4480,Z15,3400,6601140101,6601140101
4000,GBB,4480,Z17,3400,6601100200,6601100200
4000,GBB,4480,Z17,7920,6601100200,6601100200
4000,GBB,4480,Z17,7921,6601100200,6601100200
4000,GBB,4480,Z19,3040,6601030000,6601030000
4000,GBB,4480,Z19,3050,6601030000,6601030000
4000,GBB,4480,Z19,3500,6601030000,6601030000
4000,GBB,4480,Z21,3050,6601230000,6601230000
4000,GBB,4480,Z21,3500,6601230000,6601230000
4000,GBB,4480,Z23,3040,6601060000,6601060000
4000,GBB,4480,Z23,3050,6601060000,6601060000
4000,GBB,4480,Z23,3400,6601060000,6601060000
4000,GBB,4480,Z25,3050,6601410000,6601410000
4000,GBB,4480,Z27,7920,6711060000,6711060000
4000,GBB,4480,Z27,7921,6711060000,6711060000
4000,GBB,4480,Z29,7920,6601140105,6601140105
4000,GBB,4480,Z29,7921,6601140105,6601140105
4000,GBB,4480,Z33,3000,6601060000,6601060000
4000,GBB,4480,Z33,3040,6601060000,6601060000
4000,GBB,4480,Z35,3050,6601080101,6601080101
4000,GBB,4480,Z37,3040,6402020000,6402020000
4000,GBB,4480,Z37,3050,6402020000,6402020000
4000,GBB,4480,Z39,7920,6601120000,6601120000
4000,GBB,4480,Z39,7921,6601120000,6601120000
4000,GBB,4480,Z41,7920,6601110000,6601110000
4000,GBB,4480,Z41,7921,6601110000,6601110000
4000,GBB,4480,Z41,7922,6601110000,6601110000
4000,GBB,4480,Z45,3050,6601080105,6601080105
4000,GBB,4480,Z47,3050,6601160500,6601160500
4000,GBB,4480,Z49,7920,6601140103,6601140103
4000,GBB,4480,Z49,7921,6601140103,6601140103
4000,GBB,4480,Z51,7920,1406000000,1406000000
4000,GBB,4480,Z51,7921,1406000000,1406000000
4000,GBB,4480,Z51,7922,1406000000,1406000000
4000,GBB,4480,Z53,3400,6601140106,6601140106
4000,GBB,4480,Z53,7920,6601140106,6601140106
4000,GBB,4480,Z53,7921,6601140106,6601140106
4000,GBB,4480,Z53,7922,6601140106,6601140106
4000,GBB,4480,Z95,3050,6601342500,6601342500
4000,GBB,4480,ZBR,3000,6601060000,6601060000
4000,GBB,4480,ZBR,3040,6601060000,6601060000
4000,GBB,4480,ZBR,3050,6601060000,6601060000
4000,GBB,4480,ZBR,3500,6601060000,6601060000
4000,GBB,4480,ZBR,7900,6601060000,6601060000
4000,GBB,4510,AUF,3000,5002030000,5002030000
4000,GBB,4510,AUF,7900,5001040000,5001040000
4000,GBB,4510,AUF,7920,5001030000,5001030000
4000,GBB,4510,AUF,7921,5001030000,5001030000
4000,GBB,4510,AUF,7923,5001030000,5001030000
4000,GBB,4510,AUF,7925,5001030000,5001030000
4000,GBB,4510,AUF,7927,5001010000,5001010000
4000,GBB,4510,AUF,7928,5001030000,5001030000
4000,GBB,4510,AUI,3000,5001010000,5001010000
4000,GBB,4510,AUI,3040,5001020000,5001020000
4000,GBB,4510,AUI,3050,5001060000,5001060000
4000,GBB,4510,AUI,3400,6601140101,6601140101
4000,GBB,4510,AUI,3500,5001050000,5001050000
4000,GBB,4510,AUI,3600,6601020000,6601020000
4000,GBB,4510,AUI,7900,5001040000,5001040000
4000,GBB,4510,AUI,7901,5001040000,5001040000
4000,GBB,4510,AUI,7920,5001030000,5001030000
4000,GBB,4510,AUI,7921,5001030000,5001030000
4000,GBB,4510,AUI,7923,5001030000,5001030000
4000,GBB,4510,BSA,3000,9999999999,9999999999
4000,GBB,4510,BSA,3040,9999999999,9999999999
4000,GBB,4510,BSA,3050,9999999999,9999999999
4000,GBB,4510,BSA,3400,9999999999,9999999999
4000,GBB,4510,BSA,3500,9999999999,9999999999
4000,GBB,4510,BSA,7900,9999999999,9999999999
4000,GBB,4510,BSA,7901,9999999999,9999999999
4000,GBB,4510,BSA,7920,9999999999,9999999999
4000,GBB,4510,BSA,7921,9999999999,9999999999
4000,GBB,4510,BSA,7922,9999999999,9999999999
4000,GBB,4510,BSA,7924,9999999999,9999999999
4000,GBB,4510,BSA,7925,9999999999,9999999999
4000,GBB,4510,BSA,7927,9999999999,9999999999
4000,GBB,4510,BSA,7928,9999999999,9999999999
4000,GBB,4510,INV,3000,1901010000,1901010000
4000,GBB,4510,INV,3040,1901010000,1901010000
4000,GBB,4510,INV,3050,1901010000,1901010000
4000,GBB,4510,INV,3400,1901010000,1901010000
4000,GBB,4510,INV,3500,1901010000,1901010000
4000,GBB,4510,INV,7900,1901010000,1901010000
4000,GBB,4510,INV,7901,1901010000,1901010000
4000,GBB,4510,INV,7920,1901010000,1901010000
4000,GBB,4510,INV,7921,1901010000,1901010000
4000,GBB,4510,INV,7922,1901010000,1901010000
4000,GBB,4510,INV,7923,1901010000,1901010000
4000,GBB,4510,INV,7924,1901010000,1901010000
4000,GBB,4510,INV,7925,1901010000,1901010000
4000,GBB,4510,INV,7926,1901010000,1901010000
4000,GBB,4510,INV,7927,1901010000,1901010000
4000,GBB,4510,INV,7928,1901010000,1901010000
4000,GBB,4510,VAX,3000,6402020000,6402020000
4000,GBB,4510,VAX,3040,6402020000,6402020000
4000,GBB,4510,VAX,3050,6402020000,6402020000
4000,GBB,4510,VAX,3400,6402020000,6402020000
4000,GBB,4510,VAX,7900,6402020000,6402020000
4000,GBB,4510,VAX,7920,6401000000,6401000000
4000,GBB,4510,VAX,7921,6401000000,6401000000
4000,GBB,4510,VAX,7922,6402070000,6402070000
4000,GBB,4510,VAX,7923,6402080000,6402080000
4000,GBB,4510,VAX,7924,6402090000,6402090000
4000,GBB,4510,VAX,7925,6402020000,6402020000
4000,GBB,4510,VAX,7927,6402020000,6402020000
4000,GBB,4510,VAX,7928,6402090000,6402090000
4000,GBB,4510,VAY,3000,6402020000,6402020000
4000,GBB,4510,VAY,3040,6402020000,6402020000
4000,GBB,4510,VAY,3050,6402020000,6402020000
4000,GBB,4510,VAY,3400,6402020000,6402020000
4000,GBB,4510,VAY,7900,6402020000,6402020000
4000,GBB,4510,VAY,7920,6401000000,6401000000
4000,GBB,4510,VAY,7921,6401000000,6401000000
4000,GBB,4510,VAY,7922,6402070000,6402070000
4000,GBB,4510,VAY,7923,6402080000,6402080000
4000,GBB,4510,VAY,7924,6402090000,6402090000
4000,GBB,4510,VAY,7925,6402020000,6402020000
4000,GBB,4510,VAY,7927,6402020000,6402020000
4000,GBB,4510,VAY,7928,6402090000,6402090000
4000,GBB,4510,VBO,3000,1408010000,1408010000
4000,GBB,4510,VBO,3040,1408010000,1408010000
4000,GBB,4510,VBO,7900,1408010000,1408010000
4000,GBB,4510,VBR,3000,5001010000,5001010000
4000,GBB,4510,VBR,3040,5001020000,5001020000
4000,GBB,4510,VBR,3050,5001060000,5001060000
4000,GBB,4510,VBR,3400,5001020000,5001020000
4000,GBB,4510,VBR,3500,5001050000,5001050000
4000,GBB,4510,VBR,3600,6601020000,6601020000
4000,GBB,4510,VBR,7900,5001040000,5001040000
4000,GBB,4510,VBR,7901,5001040000,5001040000
4000,GBB,4510,VBR,7920,5001030000,5001030000
4000,GBB,4510,VBR,7921,5001030000,5001030000
4000,GBB,4510,VBR,7922,5001030000,5001030000
4000,GBB,4510,VBR,7923,5001030000,5001030000
4000,GBB,4510,VBR,7924,5001030000,5001030000
4000,GBB,4510,VBR,7925,5001030000,5001030000
4000,GBB,4510,VBR,7927,5001010000,5001010000
4000,GBB,4510,VBR,7928,5001030000,5001030000
4000,GBB,4510,VNG,3000,1901010000,1901010000
4000,GBB,4510,VNG,3040,1901010000,1901010000
4000,GBB,4510,VNG,3050,1901010000,1901010000
4000,GBB,4510,VNG,3400,1901010000,1901010000
4000,GBB,4510,VNG,3500,1901010000,1901010000
4000,GBB,4510,VNG,7900,1901010000,1901010000
4000,GBB,4510,VNG,7901,1901010000,1901010000
4000,GBB,4510,VNG,7920,1901010000,1901010000
4000,GBB,4510,VNG,7921,1901010000,1901010000
4000,GBB,4510,VNG,7928,1901010000,1901010000
4000,GBB,4510,VQP,7920,6601330000,6601330000
4000,GBB,4510,VQP,7921,6601330000,6601330000
4000,GBB,4510,VQP,7923,6601330000,6601330000
4000,GBB,4510,VQP,7927,6601330000,6601330000
4000,GBB,4510,VQP,7928,6601330000,6601330000
4000,GBB,4510,VQY,7920,6601330000,6601330000
4000,GBB,4510,VQY,7921,6601330000,6601330000
4000,GBB,4510,VQY,7923,6601330000,6601330000
4000,GBB,4510,VQY,7928,6601330000,6601330000
4000,GBB,4510,Z01,3000,6601140106,6601140106
4000,GBB,4510,Z01,3040,6601060000,6601060000
4000,GBB,4510,Z01,3050,6601140101,6601140101
4000,GBB,4510,Z01,3400,6601140101,6601140101
4000,GBB,4510,Z01,7900,6601140106,6601140106
4000,GBB,4510,Z01,7920,6601140106,6601140106
4000,GBB,4510,Z01,7921,6601140106,6601140106
4000,GBB,4510,Z01,7922,6601140106,6601140106
4000,GBB,4510,Z01,7924,6601140106,6601140106
4000,GBB,4510,Z01,7927,6601140101,6601140101
4000,GBB,4510,Z01,7928,6601140106,6601140106
4000,GBB,4510,Z03,7920,6601250000,6601250000
4000,GBB,4510,Z03,7921,6601250000,6601250000
4000,GBB,4510,Z03,7928,6601250000,6601250000
4000,GBB,4510,Z05,3000,6601330000,6601330000
4000,GBB,4510,Z05,3040,6601330000,6601330000
4000,GBB,4510,Z05,3050,6601330000,6601330000
4000,GBB,4510,Z05,7900,6601330000,6601330000
4000,GBB,4510,Z05,7920,6601330000,6601330000
4000,GBB,4510,Z05,7921,6601330000,6601330000
4000,GBB,4510,Z05,7923,6601330000,6601330000
4000,GBB,4510,Z05,7924,6601330000,6601330000
4000,GBB,4510,Z05,7928,6601330000,6601330000
4000,GBB,4510,Z07,3000,6601340100,6601340100
4000,GBB,4510,Z07,3040,6601340100,6601340100
4000,GBB,4510,Z07,7900,6601340100,6601340100
4000,GBB,4510,Z07,7920,6601340100,6601340100
4000,GBB,4510,Z07,7921,6601340100,6601340100
4000,GBB,4510,Z07,7923,6601340100,6601340100
4000,GBB,4510,Z07,7928,6601340100,6601340100
4000,GBB,4510,Z09,7900,6601120000,6601120000
4000,GBB,4510,Z09,7920,6601120000,6601120000
4000,GBB,4510,Z09,7921,6601120000,6601120000
4000,GBB,4510,Z09,7924,6601120000,6601120000
4000,GBB,4510,Z09,7928,6601120000,6601120000
4000,GBB,4510,Z11,7900,6601140103,6601140103
4000,GBB,4510,Z11,7920,6601140103,6601140103
4000,GBB,4510,Z11,7921,6601140103,6601140103
4000,GBB,4510,Z11,7922,6601140103,6601140103
4000,GBB,4510,Z11,7923,6601140103,6601140103
4000,GBB,4510,Z11,7924,6601140103,6601140103
4000,GBB,4510,Z11,7928,6601140103,6601140103
4000,GBB,4510,Z13,3000,6601010200,6601010200
4000,GBB,4510,Z13,3040,6601010200,6601010200
4000,GBB,4510,Z13,7900,6601010200,6601010200
4000,GBB,4510,Z13,7920,6601010200,6601010200
4000,GBB,4510,Z13,7921,6601010200,6601010200
4000,GBB,4510,Z13,7923,6601010200,6601010200
4000,GBB,4510,Z13,7924,6601010200,6601010200
4000,GBB,4510,Z13,7928,6601010200,6601010200
4000,GBB,4510,Z15,3040,6601060000,6601060000
4000,GBB,4510,Z15,3050,6601140101,6601140101
4000,GBB,4510,Z15,3400,6601140101,6601140101
4000,GBB,4510,Z17,3400,6601100200,6601100200
4000,GBB,4510,Z17,7920,6601100200,6601100200
4000,GBB,4510,Z17,7921,6601100200,6601100200
4000,GBB,4510,Z17,7924,6601100200,6601100200
4000,GBB,4510,Z17,7927,6601100200,6601100200
4000,GBB,4510,Z17,7928,6601100200,6601100200
4000,GBB,4510,Z19,3040,6601030000,6601030000
4000,GBB,4510,Z19,3050,6601030000,6601030000
4000,GBB,4510,Z19,3500,6601030000,6601030000
4000,GBB,4510,Z21,3050,6601230000,6601230000
4000,GBB,4510,Z21,3500,6601230000,6601230000
4000,GBB,4510,Z23,3040,6601060000,6601060000
4000,GBB,4510,Z23,3050,6601060000,6601060000
4000,GBB,4510,Z23,3400,6601060000,6601060000
4000,GBB,4510,Z25,3050,6601410000,6601410000
4000,GBB,4510,Z27,7920,6711060000,6711060000
4000,GBB,4510,Z27,7921,6711060000,6711060000
4000,GBB,4510,Z27,7928,6711060000,6711060000
4000,GBB,4510,Z29,7920,6601140105,6601140105
4000,GBB,4510,Z29,7921,6601140105,6601140105
4000,GBB,4510,Z29,7928,6601140105,6601140105
4000,GBB,4510,Z33,3000,6601060000,6601060000
4000,GBB,4510,Z33,3040,6601060000,6601060000
4000,GBB,4510,Z35,3050,6601080101,6601080101
4000,GBB,4510,Z37,3040,6402020000,6402020000
4000,GBB,4510,Z37,3050,6402020000,6402020000
4000,GBB,4510,Z39,7920,6601120000,6601120000
4000,GBB,4510,Z39,7921,6601120000,6601120000
4000,GBB,4510,Z39,7924,6601120000,6601120000
4000,GBB,4510,Z39,7928,6601120000,6601120000
4000,GBB,4510,Z41,7920,6601110000,6601110000
4000,GBB,4510,Z41,7921,6601110000,6601110000
4000,GBB,4510,Z41,7922,6601110000,6601110000
4000,GBB,4510,Z41,7924,6601110000,6601110000
4000,GBB,4510,Z41,7928,6601110000,6601110000
4000,GBB,4510,Z45,3050,6601080105,6601080105
4000,GBB,4510,Z47,3050,6601160500,6601160500
4000,GBB,4510,Z49,7920,6601140103,6601140103
4000,GBB,4510,Z49,7921,6601140103,6601140103
4000,GBB,4510,Z49,7928,6601140103,6601140103
4000,GBB,4510,Z53,7920,6601140106,6601140106
4000,GBB,4510,Z53,7921,6601140106,6601140106
4000,GBB,4510,Z53,7922,6601140106,6601140106
4000,GBB,4510,Z53,7928,6601140106,6601140106
4000,GBB,4510,Z55,3050,6601160100,6601160100
4000,GBB,4510,Z65,7928,6402990000,6402990000
4000,GBB,4510,Z69,7928,6402990000,6402990000
4000,GBB,4510,Z71,3050,6601330000,6601330000
4000,GBB,4510,Z71,7928,6601330000,6601330000
4000,GBB,4510,Z73,3050,6601060000,6601060000
4000,GBB,4510,Z75,3050,6601060000,6601060000
4000,GBB,4510,Z77,3040,6601060000,6601060000
4000,GBB,4510,Z77,3050,6601060000,6601060000
4000,GBB,4510,Z79,3040,6601060000,6601060000
4000,GBB,4510,Z79,3050,6601060000,6601060000
4000,GBB,4510,Z79,3400,6601060000,6601060000
4000,GBB,4510,Z81,3050,6601060000,6601060000
4000,GBB,4510,Z83,3050,6601030000,6601030000
4000,GBB,4510,Z85,3050,6601030000,6601030000
4000,GBB,4510,Z87,3050,6601030000,6601030000
4000,GBB,4510,Z89,3050,6601030000,6601030000
4000,GBB,4510,Z91,3050,6601030000,6601030000
4000,GBB,4510,Z93,7920,6711090000,6711090000
4000,GBB,4510,Z93,7921,6711090000,6711090000
4000,GBB,4510,Z93,7928,6711090000,6711090000
4000,GBB,4510,Z95,3050,6601342500,6601342500
4000,GBB,4510,ZBR,3000,6601060000,6601060000
4000,GBB,4510,ZBR,3040,6601060000,6601060000
4000,GBB,4510,ZBR,3050,6601060000,6601060000
4000,GBB,4510,ZBR,3500,6601060000,6601060000
4000,GBB,4520,AUF,7900,5001040000,5001040000
4000,GBB,4520,AUF,7920,5001030000,5001030000
4000,GBB,4520,AUF,7921,5001030000,5001030000
4000,GBB,4520,AUF,7923,5001030000,5001030000
4000,GBB,4520,AUF,7925,5001030000,5001030000
4000,GBB,4520,AUF,7927,5001010000,5001010000
4000,GBB,4520,AUF,7928,5001030000,5001030000
4000,GBB,4520,AUI,3000,5001010000,5001010000
4000,GBB,4520,AUI,3040,5001020000,5001020000
4000,GBB,4520,AUI,3050,5001060000,5001060000
4000,GBB,4520,AUI,3400,6601140101,6601140101
4000,GBB,4520,AUI,3500,5001050000,5001050000
4000,GBB,4520,AUI,3600,6601020000,6601020000
4000,GBB,4520,AUI,7900,5001040000,5001040000
4000,GBB,4520,AUI,7901,5001040000,5001040000
4000,GBB,4520,AUI,7920,5001030000,5001030000
4000,GBB,4520,AUI,7921,5001030000,5001030000
4000,GBB,4520,AUI,7923,5001030000,5001030000
4000,GBB,4520,BSA,3000,9999999999,9999999999
4000,GBB,4520,BSA,3001,9999999999,9999999999
4000,GBB,4520,BSA,3002,9999999999,9999999999
4000,GBB,4520,BSA,3003,9999999999,9999999999
4000,GBB,4520,BSA,3040,9999999999,9999999999
4000,GBB,4520,BSA,3050,9999999999,9999999999
4000,GBB,4520,BSA,3400,9999999999,9999999999
4000,GBB,4520,BSA,3500,9999999999,9999999999
4000,GBB,4520,BSA,7900,9999999999,9999999999
4000,GBB,4520,BSA,7901,9999999999,9999999999
4000,GBB,4520,BSA,7920,9999999999,9999999999
4000,GBB,4520,BSA,7921,9999999999,9999999999
4000,GBB,4520,BSA,7922,9999999999,9999999999
4000,GBB,4520,BSA,7927,9999999999,9999999999
4000,GBB,4520,BSA,7928,9999999999,9999999999
4000,GBB,4520,INV,3000,1901010000,1901010000
4000,GBB,4520,INV,3001,1901010000,1901010000
4000,GBB,4520,INV,3002,1901010000,1901010000
4000,GBB,4520,INV,3003,1901010000,1901010000
4000,GBB,4520,INV,3040,1901010000,1901010000
4000,GBB,4520,INV,3050,1901010000,1901010000
4000,GBB,4520,INV,3400,1901010000,1901010000
4000,GBB,4520,INV,3500,1901010000,1901010000
4000,GBB,4520,INV,7900,1901010000,1901010000
4000,GBB,4520,INV,7901,1901010000,1901010000
4000,GBB,4520,INV,7920,1901010000,1901010000
4000,GBB,4520,INV,7921,1901010000,1901010000
4000,GBB,4520,INV,7922,1901010000,1901010000
4000,GBB,4520,INV,7923,1901010000,1901010000
4000,GBB,4520,INV,7924,1901010000,1901010000
4000,GBB,4520,INV,7925,1901010000,1901010000
4000,GBB,4520,INV,7927,1901010000,1901010000
4000,GBB,4520,INV,7928,1901010000,1901010000
4000,GBB,4520,VAX,3000,6402020000,6402020000
4000,GBB,4520,VAX,3001,6402020000,6402020000
4000,GBB,4520,VAX,3002,6402020000,6402020000
4000,GBB,4520,VAX,3003,6402020000,6402020000
4000,GBB,4520,VAX,3040,6402020000,6402020000
4000,GBB,4520,VAX,3050,6402020000,6402020000
4000,GBB,4520,VAX,3400,6402020000,6402020000
4000,GBB,4520,VAX,7900,6402020000,6402020000
4000,GBB,4520,VAX,7920,6401000000,6401000000
4000,GBB,4520,VAX,7921,6401000000,6401000000
4000,GBB,4520,VAX,7922,6402070000,6402070000
4000,GBB,4520,VAX,7923,6402080000,6402080000
4000,GBB,4520,VAX,7924,6402090000,6402090000
4000,GBB,4520,VAX,7925,6402020000,6402020000
4000,GBB,4520,VAX,7927,6402020000,6402020000
4000,GBB,4520,VAX,7928,6402090000,6402090000
4000,GBB,4520,VAY,3000,6402020000,6402020000
4000,GBB,4520,VAY,3001,6402020000,6402020000
4000,GBB,4520,VAY,3002,6402020000,6402020000
4000,GBB,4520,VAY,3003,6402020000,6402020000
4000,GBB,4520,VAY,3040,6402020000,6402020000
4000,GBB,4520,VAY,3050,6402020000,6402020000
4000,GBB,4520,VAY,3400,6402020000,6402020000
4000,GBB,4520,VAY,7900,6402020000,6402020000
4000,GBB,4520,VAY,7920,6401000000,6401000000
4000,GBB,4520,VAY,7921,6401000000,6401000000
4000,GBB,4520,VAY,7922,6402070000,6402070000
4000,GBB,4520,VAY,7923,6402080000,6402080000
4000,GBB,4520,VAY,7924,6402090000,6402090000
4000,GBB,4520,VAY,7925,6402020000,6402020000
4000,GBB,4520,VAY,7927,6402020000,6402020000
4000,GBB,4520,VAY,7928,6402090000,6402090000
4000,GBB,4520,VBO,3000,1408010000,1408010000
4000,GBB,4520,VBO,3001,1408010000,1408010000
4000,GBB,4520,VBO,3002,1408010000,1408010000
4000,GBB,4520,VBO,3003,1408010000,1408010000
4000,GBB,4520,VBO,3040,1408010000,1408010000
4000,GBB,4520,VBR,3000,5001010000,5001010000
4000,GBB,4520,VBR,3001,5001070000,5001070000
4000,GBB,4520,VBR,3002,5001080000,5001080000
4000,GBB,4520,VBR,3003,5001090000,5001090000
4000,GBB,4520,VBR,3040,5001020000,5001020000
4000,GBB,4520,VBR,3400,5001020000,5001020000
4000,GBB,4520,VBR,3600,6601020000,6601020000
4000,GBB,4520,VBR,7900,5001040000,5001040000
4000,GBB,4520,VBR,7901,5001040000,5001040000
4000,GBB,4520,VBR,7920,5001030000,5001030000
4000,GBB,4520,VBR,7921,5001030000,5001030000
4000,GBB,4520,VBR,7923,5001030000,5001030000
4000,GBB,4520,VBR,7925,5001030000,5001030000
4000,GBB,4520,VBR,7927,5001010000,5001010000
4000,GBB,4520,VBR,7928,5001030000,5001030000
4000,GBB,4520,VNG,3000,1901010000,1901010000
4000,GBB,4520,VNG,3001,1901010000,1901010000
4000,GBB,4520,VNG,3002,1901010000,1901010000
4000,GBB,4520,VNG,3003,1901010000,1901010000
4000,GBB,4520,VNG,3040,1901010000,1901010000
4000,GBB,4520,VNG,3050,1901010000,1901010000
4000,GBB,4520,VNG,3400,1901010000,1901010000
4000,GBB,4520,VNG,3500,1901010000,1901010000
4000,GBB,4520,VNG,7900,1901010000,1901010000
4000,GBB,4520,VNG,7901,1901010000,1901010000
4000,GBB,4520,VNG,7920,1901010000,1901010000
4000,GBB,4520,VNG,7921,1901010000,1901010000
4000,GBB,4520,VNG,7928,1901010000,1901010000
4000,GBB,4520,VQP,7920,6601330000,6601330000
4000,GBB,4520,VQP,7921,6601330000,6601330000
4000,GBB,4520,VQP,7923,6601330000,6601330000
4000,GBB,4520,VQP,7927,6601330000,6601330000
4000,GBB,4520,VQP,7928,6601330000,6601330000
4000,GBB,4520,VQY,7920,6601330000,6601330000
4000,GBB,4520,VQY,7921,6601330000,6601330000
4000,GBB,4520,VQY,7923,6601330000,6601330000
4000,GBB,4520,VQY,7928,6601330000,6601330000
4000,GBB,4520,Z01,3000,6601140106,6601140106
4000,GBB,4520,Z01,3040,6601060000,6601060000
4000,GBB,4520,Z01,3050,6601140101,6601140101
4000,GBB,4520,Z01,3400,6601140101,6601140101
4000,GBB,4520,Z01,7900,6601140106,6601140106
4000,GBB,4520,Z01,7920,6601140106,6601140106
4000,GBB,4520,Z01,7921,6601140106,6601140106
4000,GBB,4520,Z01,7928,6601140106,6601140106
4000,GBB,4520,Z03,7920,6601250000,6601250000
4000,GBB,4520,Z03,7921,6601250000,6601250000
4000,GBB,4520,Z03,7928,6601250000,6601250000
4000,GBB,4520,Z05,3000,6601330000,6601330000
4000,GBB,4520,Z05,3040,6601330000,6601330000
4000,GBB,4520,Z05,3050,6601330000,6601330000
4000,GBB,4520,Z05,7900,6601330000,6601330000
4000,GBB,4520,Z05,7920,6601330000,6601330000
4000,GBB,4520,Z05,7921,6601330000,6601330000
4000,GBB,4520,Z05,7923,6601330000,6601330000
4000,GBB,4520,Z05,7928,6601330000,6601330000
4000,GBB,4520,Z07,3000,6601340100,6601340100
4000,GBB,4520,Z07,3001,6601340100,6601340100
4000,GBB,4520,Z07,3002,6601340100,6601340100
4000,GBB,4520,Z07,3003,6601340100,6601340100
4000,GBB,4520,Z07,3040,6601340100,6601340100
4000,GBB,4520,Z07,7900,6601340100,6601340100
4000,GBB,4520,Z07,7920,6601340100,6601340100
4000,GBB,4520,Z07,7921,6601340100,6601340100
4000,GBB,4520,Z07,7928,6601340100,6601340100
4000,GBB,4520,Z09,7900,6601120000,6601120000
4000,GBB,4520,Z09,7920,6601120000,6601120000
4000,GBB,4520,Z09,7921,6601120000,6601120000
4000,GBB,4520,Z09,7928,6601120000,6601120000
4000,GBB,4520,Z11,7900,6601140103,6601140103
4000,GBB,4520,Z11,7920,6601140103,6601140103
4000,GBB,4520,Z11,7921,6601140103,6601140103
4000,GBB,4520,Z11,7928,6601140103,6601140103
4000,GBB,4520,Z13,3000,6601010200,6601010200
4000,GBB,4520,Z13,3003,6601010200,6601010200
4000,GBB,4520,Z13,3050,6601010200,6601010200
4000,GBB,4520,Z13,7900,6601010200,6601010200
4000,GBB,4520,Z13,7920,6601010200,6601010200
4000,GBB,4520,Z13,7921,6601010200,6601010200
4000,GBB,4520,Z13,7928,6601010200,6601010200
4000,GBB,4520,Z15,3040,6601060000,6601060000
4000,GBB,4520,Z15,3050,6601140101,6601140101
4000,GBB,4520,Z15,3400,6601140101,6601140101
4000,GBB,4520,Z17,3000,6601100200,6601100200
4000,GBB,4520,Z17,3400,6601100200,6601100200
4000,GBB,4520,Z17,7920,6601100200,6601100200
4000,GBB,4520,Z17,7921,6601100200,6601100200
4000,GBB,4520,Z17,7927,6601100200,6601100200
4000,GBB,4520,Z17,7928,6601100200,6601100200
4000,GBB,4520,Z19,3040,6601030000,6601030000
4000,GBB,4520,Z19,3050,6601030000,6601030000
4000,GBB,4520,Z19,3500,6601030000,6601030000
4000,GBB,4520,Z21,3050,6601230000,6601230000
4000,GBB,4520,Z21,3500,6601230000,6601230000
4000,GBB,4520,Z23,3040,6601060000,6601060000
4000,GBB,4520,Z23,3050,6601060000,6601060000
4000,GBB,4520,Z23,3400,6601060000,6601060000
4000,GBB,4520,Z25,3050,6601410000,6601410000
4000,GBB,4520,Z27,7920,6711060000,6711060000
4000,GBB,4520,Z27,7921,6711060000,6711060000
4000,GBB,4520,Z27,7928,6711060000,6711060000
4000,GBB,4520,Z29,7920,6601140105,6601140105
4000,GBB,4520,Z29,7921,6601140105,6601140105
4000,GBB,4520,Z29,7928,6601140105,6601140105
4000,GBB,4520,Z33,3000,6601060000,6601060000
4000,GBB,4520,Z33,3040,6601060000,6601060000
4000,GBB,4520,Z35,3050,6601080101,6601080101
4000,GBB,4520,Z37,3040,6402020000,6402020000
4000,GBB,4520,Z37,3050,6402020000,6402020000
4000,GBB,4520,Z39,7920,6601120000,6601120000
4000,GBB,4520,Z39,7921,6601120000,6601120000
4000,GBB,4520,Z39,7928,6601120000,6601120000
4000,GBB,4520,Z41,7920,6601110000,6601110000
4000,GBB,4520,Z41,7921,6601110000,6601110000
4000,GBB,4520,Z41,7922,6601110000,6601110000
4000,GBB,4520,Z41,7928,6601110000,6601110000
4000,GBB,4520,Z45,3050,6601080105,6601080105
4000,GBB,4520,Z47,3050,6601160500,6601160500
4000,GBB,4520,Z49,7920,6601140103,6601140103
4000,GBB,4520,Z49,7921,6601140103,6601140103
4000,GBB,4520,Z49,7928,6601140103,6601140103
4000,GBB,4520,Z53,7920,6601140106,6601140106
4000,GBB,4520,Z53,7921,6601140106,6601140106
4000,GBB,4520,Z53,7922,6601140106,6601140106
4000,GBB,4520,Z53,7928,6601140106,6601140106
4000,GBB,4520,Z65,7928,6402990000,6402990000
4000,GBB,4520,Z69,7928,6402990000,6402990000
4000,GBB,4520,Z71,3050,6601330000,6601330000
4000,GBB,4520,Z71,7928,6601330000,6601330000
4000,GBB,4520,Z73,3050,6601060000,6601060000
4000,GBB,4520,Z75,3050,6601060000,6601060000
4000,GBB,4520,Z77,3040,6601060000,6601060000
4000,GBB,4520,Z77,3050,6601060000,6601060000
4000,GBB,4520,Z79,3040,6601060000,6601060000
4000,GBB,4520,Z79,3050,6601060000,6601060000
4000,GBB,4520,Z81,3050,6601060000,6601060000
4000,GBB,4520,Z83,3050,6601030000,6601030000
4000,GBB,4520,Z85,3050,6601030000,6601030000
4000,GBB,4520,Z87,3050,6601030000,6601030000
4000,GBB,4520,Z89,3050,6601030000,6601030000
4000,GBB,4520,Z91,3050,6601030000,6601030000
4000,GBB,4520,Z93,7920,6711090000,6711090000
4000,GBB,4520,Z93,7921,6711090000,6711090000
4000,GBB,4520,Z93,7928,6711090000,6711090000
4000,GBB,4520,Z95,3050,6601342500,6601342500
4000,GBB,4520,ZBR,3000,6601060000,6601060000
4000,GBB,4520,ZBR,3040,6601060000,6601060000
4000,GBB,4520,ZBR,3050,6601060000,6601060000
4000,GBB,4520,ZBR,3500,6601060000,6601060000
4000,GBB,4530,AUF,3000,5002030000,5002030000
4000,GBB,4530,AUF,7920,5002030000,5002030000
4000,GBB,4530,AUF,7926,5002030000,5002030000
4000,GBB,4530,BSA,3000,9999999999,9999999999
4000,GBB,4530,BSA,3050,9999999999,9999999999
4000,GBB,4530,BSA,3500,9999999999,9999999999
4000,GBB,4530,BSA,7920,9999999999,9999999999
4000,GBB,4530,INV,3000,1901010000,1901010000
4000,GBB,4530,INV,3050,1901010000,1901010000
4000,GBB,4530,INV,3500,1901010000,1901010000
4000,GBB,4530,INV,7920,1901010000,1901010000
4000,GBB,4530,INV,7926,1901010000,1901010000
4000,GBB,4530,VAX,3000,6402020000,6402020000
4000,GBB,4530,VAX,3050,6402020000,6402020000
4000,GBB,4530,VAX,7920,6401000000,6401000000
4000,GBB,4530,VAX,7926,6402990000,6402990000
4000,GBB,4530,VAY,3000,6402020000,6402020000
4000,GBB,4530,VAY,3050,6402020000,6402020000
4000,GBB,4530,VAY,7920,6401000000,6401000000
4000,GBB,4530,VAY,7926,6402990000,6402990000
4000,GBB,4530,VBR,3000,5002010000,5002010000
4000,GBB,4530,VBR,3050,6601030000,6601030000
4000,GBB,4530,VBR,3500,5002040000,5002040000
4000,GBB,4530,VBR,3600,6601020000,6601020000
4000,GBB,4530,VBR,7920,5002010000,5002010000
4000,GBB,4530,VBR,7926,5002010000,5002010000
4000,GBB,4530,VNG,3000,1901010000,1901010000
4000,GBB,4530,VNG,3050,1901010000,1901010000
4000,GBB,4530,VNG,3500,1901010000,1901010000
4000,GBB,4530,VNG,7920,1901010000,1901010000
4000,GBB,4530,VNG,7926,1901010000,1901010000
4000,GBB,4530,Z07,3000,6601340100,6601340100
4000,GBB,4530,Z07,3050,6601341500,6601341500
4000,GBB,4530,Z07,7920,6601340100,6601340100
4000,GBB,4530,Z0R,3000,6601330000,6601330000
4000,GBB,4530,Z0R,3040,6601060000,6601060000
4000,GBB,4530,Z19,3000,6601030000,6601030000
4000,GBB,4530,Z19,3050,6601030000,6601030000
4000,GBB,4530,Z21,3050,6601230000,6601230000
4000,GBB,4530,Z23,3000,6601060000,6601060000
4000,GBB,4530,Z23,3050,6601060000,6601060000
4000,GBB,4530,Z25,3050,6601340200,6601340200
4000,GBB,4530,Z59,3050,6601230000,6601230000
4000,GBB,4530,Z63,3050,6601330000,6601330000
4000,GBB,4530,Z65,7920,6402990000,6402990000
4000,GBB,4530,Z67,3050,6601410000,6601410000
4000,GBB,4530,Z95,3050,6601342500,6601342500
4000,GBB,4530,ZBR,3000,5002010000,5002010000
4000,GBB,4530,ZBR,3050,6601060000,6601060000
4000,GBB,4530,ZBR,3500,5002040000,5002040000
4000,GBB,4530,ZBR,7920,5002010000,5002010000
4000,GBB,4530,ZBR,7926,5002010000,5002010000
4000,GBB,4540,AUF,7921,5001030000,5001030000
4000,GBB,4540,AUI,3050,5001060000,5001060000
4000,GBB,4540,AUI,3400,6601140101,6601140101
4000,GBB,4540,AUI,3600,6601020000,6601020000
4000,GBB,4540,AUI,7921,5001030000,5001030000
4000,GBB,4540,BSA,3050,9999999999,9999999999
4000,GBB,4540,BSA,3400,9999999999,9999999999
4000,GBB,4540,BSA,7921,9999999999,9999999999
4000,GBB,4540,BSA,7924,9999999999,9999999999
4000,GBB,4540,INV,3050,1901010000,1901010000
4000,GBB,4540,INV,3400,1901010000,1901010000
4000,GBB,4540,INV,7921,1901010000,1901010000
4000,GBB,4540,INV,7924,1901010000,1901010000
4000,GBB,4540,VAX,3050,6402020000,6402020000
4000,GBB,4540,VAX,3400,6402020000,6402020000
4000,GBB,4540,VAX,7921,6401000000,6401000000
4000,GBB,4540,VAX,7924,6402090000,6402090000
4000,GBB,4540,VAY,3050,6402020000,6402020000
4000,GBB,4540,VAY,3400,6402020000,6402020000
4000,GBB,4540,VAY,7921,6401000000,6401000000
4000,GBB,4540,VAY,7924,6402090000,6402090000
4000,GBB,4540,VBR,3050,5001060000,5001060000
4000,GBB,4540,VBR,3400,5001020000,5001020000
4000,GBB,4540,VBR,3600,6601020000,6601020000
4000,GBB,4540,VBR,7921,5001030000,5001030000
4000,GBB,4540,VBR,7924,5001030000,5001030000
4000,GBB,4540,VNG,3050,1901010000,1901010000
4000,GBB,4540,VNG,3400,1901010000,1901010000
4000,GBB,4540,VNG,7921,1901010000,1901010000
4000,GBB,4540,Z01,3050,6601140101,6601140101
4000,GBB,4540,Z01,3400,6601140101,6601140101
4000,GBB,4540,Z01,7921,6601140106,6601140106
4000,GBB,4540,Z01,7924,6601140106,6601140106
4000,GBB,4540,Z03,7921,6601250000,6601250000
4000,GBB,4540,Z05,3050,6601330000,6601330000
4000,GBB,4540,Z05,7921,6601330000,6601330000
4000,GBB,4540,Z07,3050,6601341500,6601341500
4000,GBB,4540,Z07,7921,6601340100,6601340100
4000,GBB,4540,Z09,7921,6601120000,6601120000
4000,GBB,4540,Z11,7921,6601140103,6601140103
4000,GBB,4540,Z13,3050,6601010200,6601010200
4000,GBB,4540,Z13,3400,6601010200,6601010200
4000,GBB,4540,Z13,7921,6601010200,6601010200
4000,GBB,4540,Z15,3050,6601140101,6601140101
4000,GBB,4540,Z15,3400,6601140101,6601140101
4000,GBB,4540,Z15,7924,6601140101,6601140101
4000,GBB,4540,Z17,3400,6601100200,6601100200
4000,GBB,4540,Z17,7921,6601100200,6601100200
4000,GBB,4540,Z17,7924,6601100200,6601100200
4000,GBB,4540,Z19,3050,6601030000,6601030000
4000,GBB,4540,Z21,3050,6601230000,6601230000
4000,GBB,4540,Z23,3050,6601060000,6601060000
4000,GBB,4540,Z23,3400,6601060000,6601060000
4000,GBB,4540,Z25,3050,6601410000,6601410000
4000,GBB,4540,Z27,7921,6711060000,6711060000
4000,GBB,4540,Z29,7921,6601140105,6601140105
4000,GBB,4540,Z35,3050,6601080101,6601080101
4000,GBB,4540,Z37,3050,6402020000,6402020000
4000,GBB,4540,Z39,7921,6601120000,6601120000
4000,GBB,4540,Z41,7921,6601110000,6601110000
4000,GBB,4540,Z45,3050,6601080105,6601080105
4000,GBB,4540,Z47,3050,6601160500,6601160500
4000,GBB,4540,Z49,7921,6601140103,6601140103
4000,GBB,4540,Z51,7921,1406000000,1406000000
4000,GBB,4540,Z53,3400,6601140106,6601140106
4000,GBB,4540,Z53,7921,6601140106,6601140106
4000,GBB,4540,Z95,3050,6601342500,6601342500
4000,GBB,4540,ZBR,3050,6601060000,6601060000
4000,GBB,4550,VBR,3600,6601020000,6601020000
4000,GBB,4550,Z95,3050,6601342500,6601342500
4000,GBB,4560,VBR,3600,6601020000,6601020000
4000,GBB,4560,Z95,3050,6601342500,6601342500
4000,GBB,4580,AUF,7900,5001040000,5001040000
4000,GBB,4580,AUF,7920,5001030000,5001030000
4000,GBB,4580,AUF,7921,5001030000,5001030000
4000,GBB,4580,AUF,7923,5001030000,5001030000
4000,GBB,4580,AUF,7925,5001030000,5001030000
4000,GBB,4580,AUF,7928,5001030000,5001030000
4000,GBB,4580,AUI,3000,5001010000,5001010000
4000,GBB,4580,AUI,3040,5001020000,5001020000
4000,GBB,4580,AUI,3050,5001060000,5001060000
4000,GBB,4580,AUI,3400,6601140101,6601140101
4000,GBB,4580,AUI,3500,5001050000,5001050000
4000,GBB,4580,AUI,3600,6601020000,6601020000
4000,GBB,4580,AUI,7900,5001040000,5001040000
4000,GBB,4580,AUI,7901,5001040000,5001040000
4000,GBB,4580,AUI,7920,5001030000,5001030000
4000,GBB,4580,AUI,7921,5001030000,5001030000
4000,GBB,4580,AUI,7923,5001030000,5001030000
4000,GBB,4580,BSA,3000,9999999999,9999999999
4000,GBB,4580,BSA,3001,9999999999,9999999999
4000,GBB,4580,BSA,3002,9999999999,9999999999
4000,GBB,4580,BSA,3003,9999999999,9999999999
4000,GBB,4580,BSA,3040,9999999999,9999999999
4000,GBB,4580,BSA,3050,9999999999,9999999999
4000,GBB,4580,BSA,3400,9999999999,9999999999
4000,GBB,4580,BSA,3500,9999999999,9999999999
4000,GBB,4580,BSA,7900,9999999999,9999999999
4000,GBB,4580,BSA,7901,9999999999,9999999999
4000,GBB,4580,BSA,7920,9999999999,9999999999
4000,GBB,4580,BSA,7921,9999999999,9999999999
4000,GBB,4580,BSA,7922,9999999999,9999999999
4000,GBB,4580,BSA,7924,9999999999,9999999999
4000,GBB,4580,BSA,7928,9999999999,9999999999
4000,GBB,4580,INV,3000,1901010000,1901010000
4000,GBB,4580,INV,3001,1901010000,1901010000
4000,GBB,4580,INV,3002,1901010000,1901010000
4000,GBB,4580,INV,3003,1901010000,1901010000
4000,GBB,4580,INV,3040,1901010000,1901010000
4000,GBB,4580,INV,3050,1901010000,1901010000
4000,GBB,4580,INV,3400,1901010000,1901010000
4000,GBB,4580,INV,3500,1901010000,1901010000
4000,GBB,4580,INV,7900,1901010000,1901010000
4000,GBB,4580,INV,7901,1901010000,1901010000
4000,GBB,4580,INV,7920,1901010000,1901010000
4000,GBB,4580,INV,7921,1901010000,1901010000
4000,GBB,4580,INV,7922,1901010000,1901010000
4000,GBB,4580,INV,7923,1901010000,1901010000
4000,GBB,4580,INV,7924,1901010000,1901010000
4000,GBB,4580,INV,7925,1901010000,1901010000
4000,GBB,4580,INV,7928,1901010000,1901010000
4000,GBB,4580,VAX,3000,6402020000,6402020000
4000,GBB,4580,VAX,3001,6402020000,6402020000
4000,GBB,4580,VAX,3002,6402020000,6402020000
4000,GBB,4580,VAX,3003,6402020000,6402020000
4000,GBB,4580,VAX,3040,6402020000,6402020000
4000,GBB,4580,VAX,3050,6402020000,6402020000
4000,GBB,4580,VAX,3400,6402020000,6402020000
4000,GBB,4580,VAX,7900,6402020000,6402020000
4000,GBB,4580,VAX,7920,6401000000,6401000000
4000,GBB,4580,VAX,7921,6401000000,6401000000
4000,GBB,4580,VAX,7922,6402070000,6402070000
4000,GBB,4580,VAX,7923,6402080000,6402080000
4000,GBB,4580,VAX,7924,6402090000,6402090000
4000,GBB,4580,VAX,7925,6402020000,6402020000
4000,GBB,4580,VAX,7928,6402090000,6402090000
4000,GBB,4580,VAY,3000,6402020000,6402020000
4000,GBB,4580,VAY,3001,6402020000,6402020000
4000,GBB,4580,VAY,3002,6402020000,6402020000
4000,GBB,4580,VAY,3003,6402020000,6402020000
4000,GBB,4580,VAY,3040,6402020000,6402020000
4000,GBB,4580,VAY,3050,6402020000,6402020000
4000,GBB,4580,VAY,3400,6402020000,6402020000
4000,GBB,4580,VAY,7900,6402020000,6402020000
4000,GBB,4580,VAY,7920,6401000000,6401000000
4000,GBB,4580,VAY,7921,6401000000,6401000000
4000,GBB,4580,VAY,7922,6402070000,6402070000
4000,GBB,4580,VAY,7923,6402080000,6402080000
4000,GBB,4580,VAY,7924,6402090000,6402090000
4000,GBB,4580,VAY,7925,6402020000,6402020000
4000,GBB,4580,VAY,7928,6402090000,6402090000
4000,GBB,4580,VBO,3000,1408010000,1408010000
4000,GBB,4580,VBO,3001,1408010000,1408010000
4000,GBB,4580,VBO,3002,1408010000,1408010000
4000,GBB,4580,VBO,3003,1408010000,1408010000
4000,GBB,4580,VBO,3040,1408010000,1408010000
4000,GBB,4580,VBR,3000,5001010000,5001010000
4000,GBB,4580,VBR,3001,5001070000,5001070000
4000,GBB,4580,VBR,3002,5001080000,5001080000
4000,GBB,4580,VBR,3003,5001090000,5001090000
4000,GBB,4580,VBR,3040,5001020000,5001020000
4000,GBB,4580,VBR,3400,5001020000,5001020000
4000,GBB,4580,VBR,3600,6601020000,6601020000
4000,GBB,4580,VBR,7900,5001040000,5001040000
4000,GBB,4580,VBR,7901,5001040000,5001040000
4000,GBB,4580,VBR,7920,5001030000,5001030000
4000,GBB,4580,VBR,7921,5001030000,5001030000
4000,GBB,4580,VBR,7923,5001030000,5001030000
4000,GBB,4580,VBR,7925,5001030000,5001030000
4000,GBB,4580,VBR,7928,5001030000,5001030000
4000,GBB,4580,VNG,3000,1901010000,1901010000
4000,GBB,4580,VNG,3001,1901010000,1901010000
4000,GBB,4580,VNG,3002,1901010000,1901010000
4000,GBB,4580,VNG,3003,1901010000,1901010000
4000,GBB,4580,VNG,3040,1901010000,1901010000
4000,GBB,4580,VNG,3050,1901010000,1901010000
4000,GBB,4580,VNG,3400,1901010000,1901010000
4000,GBB,4580,VNG,3500,1901010000,1901010000
4000,GBB,4580,VNG,7900,1901010000,1901010000
4000,GBB,4580,VNG,7901,1901010000,1901010000
4000,GBB,4580,VNG,7920,1901010000,1901010000
4000,GBB,4580,VNG,7921,1901010000,1901010000
4000,GBB,4580,VNG,7928,1901010000,1901010000
4000,GBB,4580,VQP,7920,6601330000,6601330000
4000,GBB,4580,VQP,7923,6601330000,6601330000
4000,GBB,4580,VQP,7928,6601330000,6601330000
4000,GBB,4580,VQY,7920,6601330000,6601330000
4000,GBB,4580,VQY,7923,6601330000,6601330000
4000,GBB,4580,VQY,7928,6601330000,6601330000
4000,GBB,4580,Z01,3040,6601060000,6601060000
4000,GBB,4580,Z01,3050,6601140101,6601140101
4000,GBB,4580,Z01,3400,6601140101,6601140101
4000,GBB,4580,Z01,7900,6601140106,6601140106
4000,GBB,4580,Z01,7920,6601140106,6601140106
4000,GBB,4580,Z01,7921,6601140106,6601140106
4000,GBB,4580,Z01,7924,6601140106,6601140106
4000,GBB,4580,Z01,7928,6601140106,6601140106
4000,GBB,4580,Z03,7920,6601250000,6601250000
4000,GBB,4580,Z03,7921,6601250000,6601250000
4000,GBB,4580,Z03,7928,6601250000,6601250000
4000,GBB,4580,Z05,3000,6601330000,6601330000
4000,GBB,4580,Z05,3040,6601330000,6601330000
4000,GBB,4580,Z05,3050,6601330000,6601330000
4000,GBB,4580,Z05,7900,6601330000,6601330000
4000,GBB,4580,Z05,7920,6601330000,6601330000
4000,GBB,4580,Z05,7921,6601330000,6601330000
4000,GBB,4580,Z05,7923,6601330000,6601330000
4000,GBB,4580,Z05,7924,6601330000,6601330000
4000,GBB,4580,Z05,7928,6601330000,6601330000
4000,GBB,4580,Z07,3000,6601340100,6601340100
4000,GBB,4580,Z07,3001,6601340100,6601340100
4000,GBB,4580,Z07,3002,6601340100,6601340100
4000,GBB,4580,Z07,3003,6601340100,6601340100
4000,GBB,4580,Z07,3040,6601340100,6601340100
4000,GBB,4580,Z07,3050,6601341500,6601341500
4000,GBB,4580,Z07,7900,6601340100,6601340100
4000,GBB,4580,Z07,7920,6601340100,6601340100
4000,GBB,4580,Z07,7921,6601340100,6601340100
4000,GBB,4580,Z07,7924,6601340100,6601340100
4000,GBB,4580,Z07,7928,6601340100,6601340100
4000,GBB,4580,Z09,7900,6601120000,6601120000
4000,GBB,4580,Z09,7920,6601120000,6601120000
4000,GBB,4580,Z09,7921,6601120000,6601120000
4000,GBB,4580,Z09,7924,6601120000,6601120000
4000,GBB,4580,Z09,7928,6601120000,6601120000
4000,GBB,4580,Z11,7900,6601140103,6601140103
4000,GBB,4580,Z11,7920,6601140103,6601140103
4000,GBB,4580,Z11,7921,6601140103,6601140103
4000,GBB,4580,Z11,7924,6601140103,6601140103
4000,GBB,4580,Z11,7928,6601140103,6601140103
4000,GBB,4580,Z13,3000,6601010200,6601010200
4000,GBB,4580,Z13,3003,6601010200,6601010200
4000,GBB,4580,Z13,3050,6601010200,6601010200
4000,GBB,4580,Z13,7900,6601010200,6601010200
4000,GBB,4580,Z13,7920,6601010200,6601010200
4000,GBB,4580,Z13,7921,6601010200,6601010200
4000,GBB,4580,Z13,7924,6601010200,6601010200
4000,GBB,4580,Z13,7928,6601010200,6601010200
4000,GBB,4580,Z15,3040,6601060000,6601060000
4000,GBB,4580,Z15,3050,6601140101,6601140101
4000,GBB,4580,Z15,3400,6601140101,6601140101
4000,GBB,4580,Z17,3400,6601100200,6601100200
4000,GBB,4580,Z17,7920,6601100200,6601100200
4000,GBB,4580,Z17,7921,6601100200,6601100200
4000,GBB,4580,Z17,7924,6601100200,6601100200
4000,GBB,4580,Z17,7928,6601100200,6601100200
4000,GBB,4580,Z19,3040,6601030000,6601030000
4000,GBB,4580,Z19,3050,6601030000,6601030000
4000,GBB,4580,Z19,3500,6601030000,6601030000
4000,GBB,4580,Z21,3050,6601230000,6601230000
4000,GBB,4580,Z21,3500,6601230000,6601230000
4000,GBB,4580,Z23,3000,6601060000,6601060000
4000,GBB,4580,Z23,3040,6601060000,6601060000
4000,GBB,4580,Z23,3050,6601060000,6601060000
4000,GBB,4580,Z23,3400,6601060000,6601060000
4000,GBB,4580,Z25,3050,6601410000,6601410000
4000,GBB,4580,Z27,7920,6711060000,6711060000
4000,GBB,4580,Z27,7921,6711060000,6711060000
4000,GBB,4580,Z27,7928,6711060000,6711060000
4000,GBB,4580,Z29,7920,6601140105,6601140105
4000,GBB,4580,Z29,7921,6601140105,6601140105
4000,GBB,4580,Z29,7924,6601140105,6601140105
4000,GBB,4580,Z29,7928,6601140105,6601140105
4000,GBB,4580,Z33,3000,6601060000,6601060000
4000,GBB,4580,Z33,3040,6601060000,6601060000
4000,GBB,4580,Z35,3050,6601080101,6601080101
4000,GBB,4580,Z37,3040,6402020000,6402020000
4000,GBB,4580,Z37,3050,6402020000,6402020000
4000,GBB,4580,Z39,7920,6601120000,6601120000
4000,GBB,4580,Z39,7921,6601120000,6601120000
4000,GBB,4580,Z39,7924,6601120000,6601120000
4000,GBB,4580,Z39,7928,6601120000,6601120000
4000,GBB,4580,Z41,7920,6601110000,6601110000
4000,GBB,4580,Z41,7921,6601110000,6601110000
4000,GBB,4580,Z41,7922,6601110000,6601110000
4000,GBB,4580,Z41,7924,6601110000,6601110000
4000,GBB,4580,Z41,7928,6601110000,6601110000
4000,GBB,4580,Z45,3050,6601080105,6601080105
4000,GBB,4580,Z47,3050,6601160500,6601160500
4000,GBB,4580,Z49,7920,6601140103,6601140103
4000,GBB,4580,Z49,7921,6601140103,6601140103
4000,GBB,4580,Z49,7924,6601140103,6601140103
4000,GBB,4580,Z49,7928,6601140103,6601140103
4000,GBB,4580,Z53,7920,6601140106,6601140106
4000,GBB,4580,Z53,7921,6601140106,6601140106
4000,GBB,4580,Z53,7922,6601140106,6601140106
4000,GBB,4580,Z53,7924,6601140106,6601140106
4000,GBB,4580,Z53,7928,6601140106,6601140106
4000,GBB,4580,Z65,7928,6402990000,6402990000
4000,GBB,4580,Z69,7924,6402990000,6402990000
4000,GBB,4580,Z69,7928,6402990000,6402990000
4000,GBB,4580,Z71,3050,6601330000,6601330000
4000,GBB,4580,Z71,7928,6601330000,6601330000
4000,GBB,4580,Z73,3050,6601060000,6601060000
4000,GBB,4580,Z75,3050,6601060000,6601060000
4000,GBB,4580,Z77,3000,6601060000,6601060000
4000,GBB,4580,Z77,3040,6601060000,6601060000
4000,GBB,4580,Z77,3050,6601060000,6601060000
4000,GBB,4580,Z79,3040,6601060000,6601060000
4000,GBB,4580,Z79,3050,6601060000,6601060000
4000,GBB,4580,Z81,3050,6601060000,6601060000
4000,GBB,4580,Z83,3050,6601030000,6601030000
4000,GBB,4580,Z85,3050,6601030000,6601030000
4000,GBB,4580,Z87,3050,6601030000,6601030000
4000,GBB,4580,Z89,3050,6601030000,6601030000
4000,GBB,4580,Z91,3050,6601030000,6601030000
4000,GBB,4580,Z93,7920,6711090000,6711090000
4000,GBB,4580,Z93,7921,6711090000,6711090000
4000,GBB,4580,Z93,7928,6711090000,6711090000
4000,GBB,4580,Z95,3050,6601342500,6601342500
4000,GBB,4580,ZBR,3000,6601060000,6601060000
4000,GBB,4580,ZBR,3040,6601060000,6601060000
4000,GBB,4580,ZBR,3050,6601060000,6601060000
4000,GBB,4580,ZBR,3500,6601060000,6601060000
4000,GBB,4610,BSA,3040,9999999999,9999999999
4000,GBB,4610,BSA,3400,9999999999,9999999999
4000,GBB,4610,BSA,7921,9999999999,9999999999
4000,GBB,4610,INV,3040,1901010000,1901010000
4000,GBB,4610,INV,3400,1901010000,1901010000
4000,GBB,4610,INV,7921,1901010000,1901010000
4000,GBB,4610,VAX,3040,6402020000,6402020000
4000,GBB,4610,VAX,3400,6402020000,6402020000
4000,GBB,4610,VAX,7921,6401000000,6401000000
4000,GBB,4610,VAY,3040,6402020000,6402020000
4000,GBB,4610,VAY,3400,6402020000,6402020000
4000,GBB,4610,VAY,7921,6401000000,6401000000
4000,GBB,4610,VNG,3040,1901010000,1901010000
4000,GBB,4610,VNG,3400,1901010000,1901010000
4000,GBB,4610,VNG,7921,1901010000,1901010000
4000,GBB,4610,Z01,3040,6601060000,6601060000
4000,GBB,4610,Z01,3400,6601140101,6601140101
4000,GBB,4610,Z01,7921,6601140106,6601140106
4000,GBB,4610,Z03,7921,6601250000,6601250000
4000,GBB,4610,Z09,7921,6601120000,6601120000
4000,GBB,4610,Z11,7921,6601140103,6601140103
4000,GBB,4610,Z13,7921,6601010200,6601010200
4000,GBB,4610,Z15,3040,6601060000,6601060000
4000,GBB,4610,Z15,3050,6601140101,6601140101
4000,GBB,4610,Z15,3400,6601140101,6601140101
4000,GBB,4610,Z17,3400,6601100200,6601100200
4000,GBB,4610,Z17,7921,6601100200,6601100200
4000,GBB,4610,Z27,7921,6711060000,6711060000
4000,GBB,4610,Z39,7921,6601120000,6601120000
4000,GBB,4610,Z41,7921,6601110000,6601110000
4000,GBB,4610,Z49,7921,6601140103,6601140103
4000,GBB,4610,Z95,3050,6601342500,6601342500
4000,GBB,4620,AUF,3000,5002030000,5002030000
4000,GBB,4620,AUF,7920,5002030000,5002030000
4000,GBB,4620,AUF,7926,5002030000,5002030000
4000,GBB,4620,BSA,3000,9999999999,9999999999
4000,GBB,4620,BSA,3050,9999999999,9999999999
4000,GBB,4620,BSA,3500,9999999999,9999999999
4000,GBB,4620,BSA,7920,9999999999,9999999999
4000,GBB,4620,INV,3000,1901010000,1901010000
4000,GBB,4620,INV,3050,1901010000,1901010000
4000,GBB,4620,INV,3500,1901010000,1901010000
4000,GBB,4620,INV,7920,1901010000,1901010000
4000,GBB,4620,INV,7926,1901010000,1901010000
4000,GBB,4620,VAX,3000,6402020000,6402020000
4000,GBB,4620,VAX,3050,6402020000,6402020000
4000,GBB,4620,VAX,7920,6401000000,6401000000
4000,GBB,4620,VAX,7926,6402990000,6402990000
4000,GBB,4620,VAY,3000,6402020000,6402020000
4000,GBB,4620,VAY,3050,6402020000,6402020000
4000,GBB,4620,VAY,7920,6401000000,6401000000
4000,GBB,4620,VAY,7926,6402990000,6402990000
4000,GBB,4620,VBR,3000,5002010000,5002010000
4000,GBB,4620,VBR,3050,6601030000,6601030000
4000,GBB,4620,VBR,3500,5002040000,5002040000
4000,GBB,4620,VBR,3600,6601020000,6601020000
4000,GBB,4620,VBR,7920,5002010000,5002010000
4000,GBB,4620,VBR,7926,5002010000,5002010000
4000,GBB,4620,VNG,3000,1901010000,1901010000
4000,GBB,4620,VNG,3050,1901010000,1901010000
4000,GBB,4620,VNG,3500,1901010000,1901010000
4000,GBB,4620,VNG,7920,1901010000,1901010000
4000,GBB,4620,VNG,7926,1901010000,1901010000
4000,GBB,4620,Z07,3000,6601340100,6601340100
4000,GBB,4620,Z07,3050,6601341500,6601341500
4000,GBB,4620,Z07,7920,6601340100,6601340100
4000,GBB,4620,Z0R,3000,6601330000,6601330000
4000,GBB,4620,Z0R,3040,6601060000,6601060000
4000,GBB,4620,Z19,3000,6601030000,6601030000
4000,GBB,4620,Z19,3050,6601030000,6601030000
4000,GBB,4620,Z21,3050,6601230000,6601230000
4000,GBB,4620,Z23,3000,6601060000,6601060000
4000,GBB,4620,Z23,3050,6601060000,6601060000
4000,GBB,4620,Z25,3050,6601340200,6601340200
4000,GBB,4620,Z59,3050,6601230000,6601230000
4000,GBB,4620,Z63,3050,6601330000,6601330000
4000,GBB,4620,Z65,7920,6402990000,6402990000
4000,GBB,4620,Z67,3050,6601410000,6601410000
4000,GBB,4620,Z95,3050,6601342500,6601342500
4000,GBB,4620,ZBR,3000,5002010000,5002010000
4000,GBB,4620,ZBR,3050,6601060000,6601060000
4000,GBB,4620,ZBR,3500,5002040000,5002040000
4000,GBB,4620,ZBR,7920,5002010000,5002010000
4000,GBB,4620,ZBR,7926,5002010000,5002010000
4000,GBB,4670,AUF,3000,5002030000,5002030000
4000,GBB,4670,AUF,7920,5002030000,5002030000
4000,GBB,4670,AUF,7925,5002030000,5002030000
4000,GBB,4670,AUF,7926,5002030000,5002030000
4000,GBB,4670,BSA,3000,9999999999,9999999999
4000,GBB,4670,BSA,3040,9999999999,9999999999
4000,GBB,4670,BSA,3050,9999999999,9999999999
4000,GBB,4670,BSA,3500,9999999999,9999999999
4000,GBB,4670,BSA,7920,9999999999,9999999999
4000,GBB,4670,INV,3000,1901010000,1901010000
4000,GBB,4670,INV,3040,1901010000,1901010000
4000,GBB,4670,INV,3050,1901010000,1901010000
4000,GBB,4670,INV,3500,1901010000,1901010000
4000,GBB,4670,INV,7920,1901010000,1901010000
4000,GBB,4670,INV,7926,1901010000,1901010000
4000,GBB,4670,VAX,3000,6402020000,6402020000
4000,GBB,4670,VAX,3040,6402020000,6402020000
4000,GBB,4670,VAX,3050,6402020000,6402020000
4000,GBB,4670,VAX,7920,6401000000,6401000000
4000,GBB,4670,VAX,7925,6402990000,6402990000
4000,GBB,4670,VAX,7926,6402990000,6402990000
4000,GBB,4670,VAY,3000,6402020000,6402020000
4000,GBB,4670,VAY,3050,6402020000,6402020000
4000,GBB,4670,VAY,7920,6401000000,6401000000
4000,GBB,4670,VAY,7925,6402990000,6402990000
4000,GBB,4670,VAY,7926,6402990000,6402990000
4000,GBB,4670,VBR,3000,5002010000,5002010000
4000,GBB,4670,VBR,3050,6601030000,6601030000
4000,GBB,4670,VBR,3500,5002040000,5002040000
4000,GBB,4670,VBR,3600,6601020000,6601020000
4000,GBB,4670,VBR,7920,5002010000,5002010000
4000,GBB,4670,VBR,7926,5002010000,5002010000
4000,GBB,4670,VNG,3000,1901010000,1901010000
4000,GBB,4670,VNG,3040,1901010000,1901010000
4000,GBB,4670,VNG,3050,1901010000,1901010000
4000,GBB,4670,VNG,3400,1901010000,1901010000
4000,GBB,4670,VNG,3500,1901010000,1901010000
4000,GBB,4670,VNG,7900,1901010000,1901010000
4000,GBB,4670,VNG,7920,1901010000,1901010000
4000,GBB,4670,VNG,7926,1901010000,1901010000
4000,GBB,4670,Z01,3040,6601060000,6601060000
4000,GBB,4670,Z01,7920,6601140106,6601140106
4000,GBB,4670,Z03,7920,6601250000,6601250000
4000,GBB,4670,Z03,7925,6601250000,6601250000
4000,GBB,4670,Z07,3000,6601340100,6601340100
4000,GBB,4670,Z07,3050,6601341500,6601341500
4000,GBB,4670,Z07,7920,6601340100,6601340100
4000,GBB,4670,Z0R,3000,6601330000,6601330000
4000,GBB,4670,Z0R,3040,6601060000,6601060000
4000,GBB,4670,Z0R,3400,6601140101,6601140101
4000,GBB,4670,Z13,3000,6601010200,6601010200
4000,GBB,4670,Z13,7920,6601010200,6601010200
4000,GBB,4670,Z13,7925,6601010200,6601010200
4000,GBB,4670,Z19,3000,6601030000,6601030000
4000,GBB,4670,Z19,3050,6601030000,6601030000
4000,GBB,4670,Z21,3050,6601230000,6601230000
4000,GBB,4670,Z23,3000,6601060000,6601060000
4000,GBB,4670,Z23,3050,6601060000,6601060000
4000,GBB,4670,Z25,3050,6601340200,6601340200
4000,GBB,4670,Z37,3040,6402020000,6402020000
4000,GBB,4670,Z37,3050,6402020000,6402020000
4000,GBB,4670,Z59,3050,6601230000,6601230000
4000,GBB,4670,Z63,3050,6601330000,6601330000
4000,GBB,4670,Z65,7920,6402990000,6402990000
4000,GBB,4670,Z67,3050,6601410000,6601410000
4000,GBB,4670,Z95,3050,6601342500,6601342500
4000,GBB,4670,ZBR,3000,5002010000,5002010000
4000,GBB,4670,ZBR,3040,6601060000,6601060000
4000,GBB,4670,ZBR,3050,6601060000,6601060000
4000,GBB,4670,ZBR,3500,5002040000,5002040000
4000,GBB,4670,ZBR,7920,5002010000,5002010000
4000,GBB,4670,ZBR,7925,5002010000,5002010000
4000,GBB,4670,ZBR,7926,5002010000,5002010000
4000,GBB,4680,AUF,7900,5001040000,5001040000
4000,GBB,4680,AUF,7920,5001030000,5001030000
4000,GBB,4680,AUF,7921,5001030000,5001030000
4000,GBB,4680,AUF,7923,5001030000,5001030000
4000,GBB,4680,AUF,7925,5001030000,5001030000
4000,GBB,4680,AUF,7928,5001030000,5001030000
4000,GBB,4680,AUI,3000,5001010000,5001010000
4000,GBB,4680,AUI,3040,5001020000,5001020000
4000,GBB,4680,AUI,3050,5001060000,5001060000
4000,GBB,4680,AUI,3400,6601140101,6601140101
4000,GBB,4680,AUI,3500,5001050000,5001050000
4000,GBB,4680,AUI,3600,6601020000,6601020000
4000,GBB,4680,AUI,7900,5001040000,5001040000
4000,GBB,4680,AUI,7901,5001040000,5001040000
4000,GBB,4680,AUI,7920,5001030000,5001030000
4000,GBB,4680,AUI,7921,5001030000,5001030000
4000,GBB,4680,AUI,7923,5001030000,5001030000
4000,GBB,4680,BSA,3000,9999999999,9999999999
4000,GBB,4680,BSA,3040,9999999999,9999999999
4000,GBB,4680,BSA,3050,9999999999,9999999999
4000,GBB,4680,BSA,3400,9999999999,9999999999
4000,GBB,4680,BSA,3500,9999999999,9999999999
4000,GBB,4680,BSA,7900,9999999999,9999999999
4000,GBB,4680,BSA,7901,9999999999,9999999999
4000,GBB,4680,BSA,7920,9999999999,9999999999
4000,GBB,4680,BSA,7921,9999999999,9999999999
4000,GBB,4680,BSA,7922,9999999999,9999999999
4000,GBB,4680,BSA,7924,9999999999,9999999999
4000,GBB,4680,BSA,7928,9999999999,9999999999
4000,GBB,4680,INV,3000,1901010000,1901010000
4000,GBB,4680,INV,3040,1901010000,1901010000
4000,GBB,4680,INV,3050,1901010000,1901010000
4000,GBB,4680,INV,3400,1901010000,1901010000
4000,GBB,4680,INV,3500,1901010000,1901010000
4000,GBB,4680,INV,7900,1901010000,1901010000
4000,GBB,4680,INV,7901,1901010000,1901010000
4000,GBB,4680,INV,7920,1901010000,1901010000
4000,GBB,4680,INV,7921,1901010000,1901010000
4000,GBB,4680,INV,7923,1901010000,1901010000
4000,GBB,4680,INV,7924,1901010000,1901010000
4000,GBB,4680,INV,7925,1901010000,1901010000
4000,GBB,4680,INV,7928,1901010000,1901010000
4000,GBB,4680,VAX,3000,6402020000,6402020000
4000,GBB,4680,VAX,3040,6402020000,6402020000
4000,GBB,4680,VAX,3050,6402020000,6402020000
4000,GBB,4680,VAX,3400,6402020000,6402020000
4000,GBB,4680,VAX,7900,6402020000,6402020000
4000,GBB,4680,VAX,7920,6401000000,6401000000
4000,GBB,4680,VAX,7921,6401000000,6401000000
4000,GBB,4680,VAX,7922,6402070000,6402070000
4000,GBB,4680,VAX,7923,6402080000,6402080000
4000,GBB,4680,VAX,7924,6402090000,6402090000
4000,GBB,4680,VAX,7925,6402020000,6402020000
4000,GBB,4680,VAX,7928,6402090000,6402090000
4000,GBB,4680,VAY,3000,6402020000,6402020000
4000,GBB,4680,VAY,3040,6402020000,6402020000
4000,GBB,4680,VAY,3050,6402020000,6402020000
4000,GBB,4680,VAY,3400,6402020000,6402020000
4000,GBB,4680,VAY,7900,6402020000,6402020000
4000,GBB,4680,VAY,7920,6401000000,6401000000
4000,GBB,4680,VAY,7921,6401000000,6401000000
4000,GBB,4680,VAY,7922,6402070000,6402070000
4000,GBB,4680,VAY,7923,6402080000,6402080000
4000,GBB,4680,VAY,7924,6402090000,6402090000
4000,GBB,4680,VAY,7925,6402020000,6402020000
4000,GBB,4680,VAY,7928,6402090000,6402090000
4000,GBB,4680,VBO,3000,1408010000,1408010000
4000,GBB,4680,VBO,3040,1408010000,1408010000
4000,GBB,4680,VBR,3000,5001010000,5001010000
4000,GBB,4680,VBR,3040,5001020000,5001020000
4000,GBB,4680,VBR,3050,5001060000,5001060000
4000,GBB,4680,VBR,3400,5001020000,5001020000
4000,GBB,4680,VBR,3500,5001050000,5001050000
4000,GBB,4680,VBR,3600,6601020000,6601020000
4000,GBB,4680,VBR,7900,5001040000,5001040000
4000,GBB,4680,VBR,7901,5001040000,5001040000
4000,GBB,4680,VBR,7920,5001030000,5001030000
4000,GBB,4680,VBR,7921,5001030000,5001030000
4000,GBB,4680,VBR,7922,5001030000,5001030000
4000,GBB,4680,VBR,7923,5001030000,5001030000
4000,GBB,4680,VBR,7924,5001030000,5001030000
4000,GBB,4680,VBR,7925,5001030000,5001030000
4000,GBB,4680,VBR,7928,5001030000,5001030000
4000,GBB,4680,VNG,3000,1901010000,1901010000
4000,GBB,4680,VNG,3040,1901010000,1901010000
4000,GBB,4680,VNG,3050,1901010000,1901010000
4000,GBB,4680,VNG,3400,1901010000,1901010000
4000,GBB,4680,VNG,3500,1901010000,1901010000
4000,GBB,4680,VNG,7900,1901010000,1901010000
4000,GBB,4680,VNG,7901,1901010000,1901010000
4000,GBB,4680,VNG,7920,1901010000,1901010000
4000,GBB,4680,VNG,7921,1901010000,1901010000
4000,GBB,4680,VNG,7922,1901010000,1901010000
4000,GBB,4680,VNG,7923,1901010000,1901010000
4000,GBB,4680,VNG,7928,1901010000,1901010000
4000,GBB,4680,VQP,7920,6601330000,6601330000
4000,GBB,4680,VQP,7923,6601330000,6601330000
4000,GBB,4680,VQP,7928,6601330000,6601330000
4000,GBB,4680,VQY,7920,6601330000,6601330000
4000,GBB,4680,VQY,7923,6601330000,6601330000
4000,GBB,4680,VQY,7928,6601330000,6601330000
4000,GBB,4680,Z01,3040,6601060000,6601060000
4000,GBB,4680,Z01,3050,6601140101,6601140101
4000,GBB,4680,Z01,3400,6601140101,6601140101
4000,GBB,4680,Z01,7900,6601140106,6601140106
4000,GBB,4680,Z01,7920,6601140106,6601140106
4000,GBB,4680,Z01,7921,6601140106,6601140106
4000,GBB,4680,Z01,7924,6601140106,6601140106
4000,GBB,4680,Z01,7928,6601140106,6601140106
4000,GBB,4680,Z03,7900,6601250000,6601250000
4000,GBB,4680,Z03,7920,6601250000,6601250000
4000,GBB,4680,Z03,7921,6601250000,6601250000
4000,GBB,4680,Z03,7928,6601250000,6601250000
4000,GBB,4680,Z05,3000,6601330000,6601330000
4000,GBB,4680,Z05,3040,6601330000,6601330000
4000,GBB,4680,Z05,3050,6601330000,6601330000
4000,GBB,4680,Z05,3500,6601330000,6601330000
4000,GBB,4680,Z05,7900,6601330000,6601330000
4000,GBB,4680,Z05,7920,6601330000,6601330000
4000,GBB,4680,Z05,7921,6601330000,6601330000
4000,GBB,4680,Z05,7923,6601330000,6601330000
4000,GBB,4680,Z05,7928,6601330000,6601330000
4000,GBB,4680,Z07,3000,6601340100,6601340100
4000,GBB,4680,Z07,3040,6601340100,6601340100
4000,GBB,4680,Z07,3050,6601341500,6601341500
4000,GBB,4680,Z07,7900,6601340100,6601340100
4000,GBB,4680,Z07,7920,6601340100,6601340100
4000,GBB,4680,Z07,7921,6601340100,6601340100
4000,GBB,4680,Z07,7928,6601340100,6601340100
4000,GBB,4680,Z09,7900,6601120000,6601120000
4000,GBB,4680,Z09,7920,6601120000,6601120000
4000,GBB,4680,Z09,7921,6601120000,6601120000
4000,GBB,4680,Z09,7928,6601120000,6601120000
4000,GBB,4680,Z11,7900,6601140103,6601140103
4000,GBB,4680,Z11,7920,6601140103,6601140103
4000,GBB,4680,Z11,7921,6601140103,6601140103
4000,GBB,4680,Z11,7928,6601140103,6601140103
4000,GBB,4680,Z13,3000,6601010200,6601010200
4000,GBB,4680,Z13,3050,6601010200,6601010200
4000,GBB,4680,Z13,3400,6601010200,6601010200
4000,GBB,4680,Z13,7900,6601010200,6601010200
4000,GBB,4680,Z13,7920,6601010200,6601010200
4000,GBB,4680,Z13,7921,6601010200,6601010200
4000,GBB,4680,Z13,7928,6601010200,6601010200
4000,GBB,4680,Z15,3000,6601140101,6601140101
4000,GBB,4680,Z15,3040,6601060000,6601060000
4000,GBB,4680,Z15,3050,6601140101,6601140101
4000,GBB,4680,Z15,3400,6601140101,6601140101
4000,GBB,4680,Z15,7924,6601140101,6601140101
4000,GBB,4680,Z17,3400,6601100200,6601100200
4000,GBB,4680,Z17,7920,6601100200,6601100200
4000,GBB,4680,Z17,7921,6601100200,6601100200
4000,GBB,4680,Z17,7924,6601100200,6601100200
4000,GBB,4680,Z17,7928,6601100200,6601100200
4000,GBB,4680,Z19,3040,6601030000,6601030000
4000,GBB,4680,Z19,3050,6601030000,6601030000
4000,GBB,4680,Z19,3500,6601030000,6601030000
4000,GBB,4680,Z21,3050,6601230000,6601230000
4000,GBB,4680,Z21,3500,6601230000,6601230000
4000,GBB,4680,Z23,3040,6601060000,6601060000
4000,GBB,4680,Z23,3050,6601060000,6601060000
4000,GBB,4680,Z23,3400,6601060000,6601060000
4000,GBB,4680,Z25,3050,6601410000,6601410000
4000,GBB,4680,Z27,7920,6711060000,6711060000
4000,GBB,4680,Z27,7921,6711060000,6711060000
4000,GBB,4680,Z27,7928,6711060000,6711060000
4000,GBB,4680,Z29,7920,6601140105,6601140105
4000,GBB,4680,Z29,7921,6601140105,6601140105
4000,GBB,4680,Z29,7928,6601140105,6601140105
4000,GBB,4680,Z33,3000,6601060000,6601060000
4000,GBB,4680,Z33,3040,6601060000,6601060000
4000,GBB,4680,Z35,3050,6601080101,6601080101
4000,GBB,4680,Z37,3040,6402020000,6402020000
4000,GBB,4680,Z37,3050,6402020000,6402020000
4000,GBB,4680,Z39,7920,6601120000,6601120000
4000,GBB,4680,Z39,7921,6601120000,6601120000
4000,GBB,4680,Z39,7928,6601120000,6601120000
4000,GBB,4680,Z41,7920,6601110000,6601110000
4000,GBB,4680,Z41,7921,6601110000,6601110000
4000,GBB,4680,Z41,7922,6601110000,6601110000
4000,GBB,4680,Z41,7928,6601110000,6601110000
4000,GBB,4680,Z45,3050,6601080105,6601080105
4000,GBB,4680,Z47,3050,6601160500,6601160500
4000,GBB,4680,Z49,7920,6601140103,6601140103
4000,GBB,4680,Z49,7921,6601140103,6601140103
4000,GBB,4680,Z49,7928,6601140103,6601140103
4000,GBB,4680,Z51,7920,1406000000,1406000000
4000,GBB,4680,Z51,7921,1406000000,1406000000
4000,GBB,4680,Z51,7922,1406000000,1406000000
4000,GBB,4680,Z53,7920,6601140106,6601140106
4000,GBB,4680,Z53,7921,6601140106,6601140106
4000,GBB,4680,Z53,7922,6601140106,6601140106
4000,GBB,4680,Z53,7928,6601140106,6601140106
4000,GBB,4680,Z65,7928,6402990000,6402990000
4000,GBB,4680,Z69,7928,6402990000,6402990000
4000,GBB,4680,Z71,3050,6601330000,6601330000
4000,GBB,4680,Z71,7928,6601330000,6601330000
4000,GBB,4680,Z73,3050,6601060000,6601060000
4000,GBB,4680,Z75,3050,6601060000,6601060000
4000,GBB,4680,Z77,3040,6601060000,6601060000
4000,GBB,4680,Z77,3050,6601060000,6601060000
4000,GBB,4680,Z79,3040,6601060000,6601060000
4000,GBB,4680,Z79,3050,6601060000,6601060000
4000,GBB,4680,Z81,3050,6601060000,6601060000
4000,GBB,4680,Z83,3050,6601030000,6601030000
4000,GBB,4680,Z85,3050,6601030000,6601030000
4000,GBB,4680,Z87,3050,6601030000,6601030000
4000,GBB,4680,Z89,3050,6601030000,6601030000
4000,GBB,4680,Z91,3050,6601030000,6601030000
4000,GBB,4680,Z93,7920,6711090000,6711090000
4000,GBB,4680,Z93,7921,6711090000,6711090000
4000,GBB,4680,Z93,7928,6711090000,6711090000
4000,GBB,4680,Z95,3050,6601342500,6601342500
4000,GBB,4680,ZBR,3000,6601060000,6601060000
4000,GBB,4680,ZBR,3040,6601060000,6601060000
4000,GBB,4680,ZBR,3050,6601060000,6601060000
4000,GBB,4680,ZBR,3500,6601060000,6601060000
4000,GBB,4690,AUF,3100,5001030000,5001030000
4000,GBB,4690,BSA,3000,9999999999,9999999999
4000,GBB,4690,BSA,3040,9999999999,9999999999
4000,GBB,4690,BSA,3050,9999999999,9999999999
4000,GBB,4690,BSA,3100,9999999999,9999999999
4000,GBB,4690,BSA,3400,9999999999,9999999999
4000,GBB,4690,BSA,7920,9999999999,9999999999
4000,GBB,4690,INV,3000,1901010000,1901010000
4000,GBB,4690,INV,3040,1901010000,1901010000
4000,GBB,4690,INV,3100,1901010000,1901010000
4000,GBB,4690,INV,3400,1901010000,1901010000
4000,GBB,4690,INV,7920,1901010000,1901010000
4000,GBB,4690,VAX,3000,6402020000,6402020000
4000,GBB,4690,VAX,3040,6402020000,6402020000
4000,GBB,4690,VAX,3050,6402020000,6402020000
4000,GBB,4690,VAX,3100,6401000000,6401000000
4000,GBB,4690,VAX,3400,6402020000,6402020000
4000,GBB,4690,VAX,7920,6401000000,6401000000
4000,GBB,4690,VAY,3000,6402020000,6402020000
4000,GBB,4690,VAY,3040,6402020000,6402020000
4000,GBB,4690,VAY,3050,6402020000,6402020000
4000,GBB,4690,VAY,3100,6401000000,6401000000
4000,GBB,4690,VAY,3400,6401000000,6401000000
4000,GBB,4690,VAY,7920,6401000000,6401000000
4000,GBB,4690,VBR,3600,6601250000,6601250000
4000,GBB,4690,VNG,3000,1901010000,1901010000
4000,GBB,4690,VNG,3040,1901010000,1901010000
4000,GBB,4690,VNG,3050,1901010000,1901010000
4000,GBB,4690,VNG,3100,1901010000,1901010000
4000,GBB,4690,VNG,3400,1901010000,1901010000
4000,GBB,4690,VNG,7920,1901010000,1901010000
4000,GBB,4690,Z01,3040,6601060000,6601060000
4000,GBB,4690,Z01,3050,6601140101,6601140101
4000,GBB,4690,Z01,3100,6601140106,6601140106
4000,GBB,4690,Z01,3400,6601140101,6601140101
4000,GBB,4690,Z01,7920,6601140106,6601140106
4000,GBB,4690,Z03,3100,6601250000,6601250000
4000,GBB,4690,Z03,7920,6601250000,6601250000
4000,GBB,4690,Z09,3040,6601030000,6601030000
4000,GBB,4690,Z09,3100,6601030000,6601030000
4000,GBB,4690,Z09,3400,6601230000,6601230000
4000,GBB,4690,Z09,7920,6601060000,6601060000
4000,GBB,4690,Z11,3100,6601140103,6601140103
4000,GBB,4690,Z11,7920,6601140103,6601140103
4000,GBB,4690,Z13,3000,6601010200,6601010200
4000,GBB,4690,Z13,3100,6601010200,6601010200
4000,GBB,4690,Z13,3400,6601010200,6601010200
4000,GBB,4690,Z13,7920,6601010200,6601010200
4000,GBB,4690,Z15,3040,6601060000,6601060000
4000,GBB,4690,Z15,3050,6601140101,6601140101
4000,GBB,4690,Z15,3400,6601140101,6601140101
4000,GBB,4690,Z17,3100,6601100200,6601100200
4000,GBB,4690,Z17,3400,6601100200,6601100200
4000,GBB,4690,Z19,3040,6601030000,6601030000
4000,GBB,4690,Z19,3050,6601030000,6601030000
4000,GBB,4690,Z21,3050,6601230000,6601230000
4000,GBB,4690,Z23,3040,6601060000,6601060000
4000,GBB,4690,Z23,3050,6601060000,6601060000
4000,GBB,4690,Z23,3400,6601060000,6601060000
4000,GBB,4690,Z27,3100,6711060000,6711060000
4000,GBB,4690,Z27,7920,6711060000,6711060000
4000,GBB,4690,Z29,3100,6601140105,6601140105
4000,GBB,4690,Z29,7920,6601140105,6601140105
4000,GBB,4690,Z33,3000,6601060000,6601060000
4000,GBB,4690,Z33,3040,6601060000,6601060000
4000,GBB,4690,Z39,3100,6601120000,6601120000
4000,GBB,4690,Z39,7920,6601120000,6601120000
4000,GBB,4690,Z41,3100,6601110000,6601110000
4000,GBB,4690,Z41,7920,6601110000,6601110000
4000,GBB,4690,Z45,3050,6601080105,6601080105
4000,GBB,4690,Z47,3050,6601160500,6601160500
4000,GBB,4690,Z63,3000,5001010000,5001010000
4000,GBB,4690,Z63,3040,5001020000,5001020000
4000,GBB,4690,Z63,3100,5001010000,5001010000
4000,GBB,4690,ZOF,7920,5001030000,5001030000
4000,GBB,4710,AUF,3000,5002030000,5002030000
4000,GBB,4710,AUF,7920,5002030000,5002030000
4000,GBB,4710,AUF,7926,5002030000,5002030000
4000,GBB,4710,BSA,3000,9999999999,9999999999
4000,GBB,4710,BSA,3050,9999999999,9999999999
4000,GBB,4710,BSA,3500,9999999999,9999999999
4000,GBB,4710,BSA,7920,9999999999,9999999999
4000,GBB,4710,INV,3000,1901010000,1901010000
4000,GBB,4710,INV,3050,1901010000,1901010000
4000,GBB,4710,INV,3500,1901010000,1901010000
4000,GBB,4710,INV,7920,1901010000,1901010000
4000,GBB,4710,INV,7926,1901010000,1901010000
4000,GBB,4710,VAX,3000,6402020000,6402020000
4000,GBB,4710,VAX,3050,6402020000,6402020000
4000,GBB,4710,VAX,7920,6401000000,6401000000
4000,GBB,4710,VAX,7926,6402990000,6402990000
4000,GBB,4710,VAY,3000,6402020000,6402020000
4000,GBB,4710,VAY,3050,6402020000,6402020000
4000,GBB,4710,VAY,7920,6401000000,6401000000
4000,GBB,4710,VAY,7926,6402990000,6402990000
4000,GBB,4710,VBR,3000,5002010000,5002010000
4000,GBB,4710,VBR,3050,6601030000,6601030000
4000,GBB,4710,VBR,3500,5002040000,5002040000
4000,GBB,4710,VBR,3600,6601020000,6601020000
4000,GBB,4710,VBR,7920,5002010000,5002010000
4000,GBB,4710,VBR,7926,5002010000,5002010000
4000,GBB,4710,VNG,3000,1901010000,1901010000
4000,GBB,4710,VNG,3050,1901010000,1901010000
4000,GBB,4710,VNG,3500,1901010000,1901010000
4000,GBB,4710,VNG,7920,1901010000,1901010000
4000,GBB,4710,VNG,7926,1901010000,1901010000
4000,GBB,4710,Z07,3000,6601340100,6601340100
4000,GBB,4710,Z07,3050,6601341500,6601341500
4000,GBB,4710,Z07,7920,6601340100,6601340100
4000,GBB,4710,Z0R,3000,6601330000,6601330000
4000,GBB,4710,Z0R,3040,6601060000,6601060000
4000,GBB,4710,Z19,3000,6601030000,6601030000
4000,GBB,4710,Z19,3050,6601030000,6601030000
4000,GBB,4710,Z21,3050,6601230000,6601230000
4000,GBB,4710,Z23,3000,6601060000,6601060000
4000,GBB,4710,Z23,3050,6601060000,6601060000
4000,GBB,4710,Z25,3050,6601340200,6601340200
4000,GBB,4710,Z59,3050,6601230000,6601230000
4000,GBB,4710,Z63,3050,6601330000,6601330000
4000,GBB,4710,Z65,7920,6402990000,6402990000
4000,GBB,4710,Z67,3050,6601410000,6601410000
4000,GBB,4710,Z95,3050,6601342500,6601342500
4000,GBB,4710,ZBR,3000,5002010000,5002010000
4000,GBB,4710,ZBR,3050,6601060000,6601060000
4000,GBB,4710,ZBR,3500,5002040000,5002040000
4000,GBB,4710,ZBR,7920,5002010000,5002010000
4000,GBB,4710,ZBR,7926,5002010000,5002010000
4000,GBB,4730,BSA,3100,9999999999,9999999999
4000,GBB,4730,INV,3100,1901010000,1901010000
4000,GBB,4730,VAX,3100,6401000000,6401000000
4000,GBB,4730,VAY,3100,6401000000,6401000000
4000,GBB,4730,VNG,3100,1901010000,1901010000
4000,GBB,4730,Z01,3100,6601060000,6601060000
4000,GBB,4730,Z43,3100,1402000000,1402000000
4000,GBB,4730,Z95,3050,6601342500,6601342500
4000,GBB,4740,AUF,3000,5002030000,5002030000
4000,GBB,4740,AUF,7920,5002030000,5002030000
4000,GBB,4740,AUI,3600,6601020000,6601020000
4000,GBB,4740,BSA,3000,9999999999,9999999999
4000,GBB,4740,BSA,3050,9999999999,9999999999
4000,GBB,4740,BSA,3400,9999999999,9999999999
4000,GBB,4740,BSA,7920,9999999999,9999999999
4000,GBB,4740,INV,3000,1901010000,1901010000
4000,GBB,4740,INV,3050,1901010000,1901010000
4000,GBB,4740,INV,3400,1901010000,1901010000
4000,GBB,4740,INV,7920,1901010000,1901010000
4000,GBB,4740,VAX,3000,6402020000,6402020000
4000,GBB,4740,VAX,3050,6402020000,6402020000
4000,GBB,4740,VAX,3400,6402020000,6402020000
4000,GBB,4740,VAX,7920,6401000000,6401000000
4000,GBB,4740,VAY,3000,6402020000,6402020000
4000,GBB,4740,VAY,3050,6402020000,6402020000
4000,GBB,4740,VAY,3400,6402020000,6402020000
4000,GBB,4740,VAY,7920,6401000000,6401000000
4000,GBB,4740,VBR,3000,5002010000,5002010000
4000,GBB,4740,VBR,3600,6601020000,6601020000
4000,GBB,4740,VBR,7920,5002010000,5002010000
4000,GBB,4740,VNG,3000,1901010000,1901010000
4000,GBB,4740,VNG,3050,1901010000,1901010000
4000,GBB,4740,VNG,3400,1901010000,1901010000
4000,GBB,4740,VNG,7920,1901010000,1901010000
4000,GBB,4740,Z01,7920,6601140106,6601140106
4000,GBB,4740,Z03,7920,6601250000,6601250000
4000,GBB,4740,Z07,3000,6601340100,6601340100
4000,GBB,4740,Z07,3050,6601341500,6601341500
4000,GBB,4740,Z07,7920,6601340100,6601340100
4000,GBB,4740,Z13,7920,6601010200,6601010200
4000,GBB,4740,Z19,3000,6601030000,6601030000
4000,GBB,4740,Z19,3050,6601030000,6601030000
4000,GBB,4740,Z19,3400,6601030000,6601030000
4000,GBB,4740,Z21,3050,6601230000,6601230000
4000,GBB,4740,Z21,3400,6601230000,6601230000
4000,GBB,4740,Z23,3050,6601060000,6601060000
4000,GBB,4740,Z23,3400,6601060000,6601060000
4000,GBB,4740,Z25,3050,6601340200,6601340200
4000,GBB,4740,Z37,3050,6402020000,6402020000
4000,GBB,4740,Z37,3400,6402020000,6402020000
4000,GBB,4740,Z59,3050,6601230000,6601230000
4000,GBB,4740,Z59,3400,6601230000,6601230000
4000,GBB,4740,Z63,3000,6601330000,6601330000
4000,GBB,4740,Z63,3050,6601330000,6601330000
4000,GBB,4740,Z63,3400,6601330000,6601330000
4000,GBB,4740,Z65,7920,6402990000,6402990000
4000,GBB,4740,Z67,3050,6601410000,6601410000
4000,GBB,4740,Z67,3400,6601410000,6601410000
4000,GBB,4740,Z95,3050,6601342500,6601342500
4000,GBB,4740,ZBR,3000,5002010000,5002010000
4000,GBB,4740,ZBR,3050,6601060000,6601060000
4000,GBB,4740,ZBR,3400,6601060000,6601060000
4000,GBB,4740,ZBR,7920,5002010000,5002010000
4000,GBB,4750,AUF,3000,5002030000,5002030000
4000,GBB,4750,AUF,7920,5002030000,5002030000
4000,GBB,4750,AUI,3600,6601020000,6601020000
4000,GBB,4750,BSA,3000,9999999999,9999999999
4000,GBB,4750,BSA,3050,9999999999,9999999999
4000,GBB,4750,BSA,3400,9999999999,9999999999
4000,GBB,4750,BSA,7920,9999999999,9999999999
4000,GBB,4750,INV,3000,1901010000,1901010000
4000,GBB,4750,INV,3050,1901010000,1901010000
4000,GBB,4750,INV,3400,1901010000,1901010000
4000,GBB,4750,INV,7920,1901010000,1901010000
4000,GBB,4750,VAX,3000,6402020000,6402020000
4000,GBB,4750,VAX,3050,6402020000,6402020000
4000,GBB,4750,VAX,3400,6402020000,6402020000
4000,GBB,4750,VAX,7920,6401000000,6401000000
4000,GBB,4750,VAY,3000,6402020000,6402020000
4000,GBB,4750,VAY,3050,6402020000,6402020000
4000,GBB,4750,VAY,3400,6402020000,6402020000
4000,GBB,4750,VAY,7920,6401000000,6401000000
4000,GBB,4750,VBR,3000,5002010000,5002010000
4000,GBB,4750,VBR,3600,6601020000,6601020000
4000,GBB,4750,VBR,7920,5002010000,5002010000
4000,GBB,4750,VNG,3000,1901010000,1901010000
4000,GBB,4750,VNG,3050,1901010000,1901010000
4000,GBB,4750,VNG,3400,1901010000,1901010000
4000,GBB,4750,VNG,7920,1901010000,1901010000
4000,GBB,4750,Z01,7920,6601140106,6601140106
4000,GBB,4750,Z03,7920,6601250000,6601250000
4000,GBB,4750,Z07,3000,6601340100,6601340100
4000,GBB,4750,Z07,3050,6601341500,6601341500
4000,GBB,4750,Z07,7920,6601340100,6601340100
4000,GBB,4750,Z13,7920,6601010200,6601010200
4000,GBB,4750,Z19,3000,6601030000,6601030000
4000,GBB,4750,Z19,3050,6601030000,6601030000
4000,GBB,4750,Z19,3400,6601030000,6601030000
4000,GBB,4750,Z21,3050,6601230000,6601230000
4000,GBB,4750,Z21,3400,6601230000,6601230000
4000,GBB,4750,Z23,3050,6601060000,6601060000
4000,GBB,4750,Z23,3400,6601060000,6601060000
4000,GBB,4750,Z25,3050,6601340200,6601340200
4000,GBB,4750,Z37,3050,6402020000,6402020000
4000,GBB,4750,Z37,3400,6402020000,6402020000
4000,GBB,4750,Z59,3050,6601230000,6601230000
4000,GBB,4750,Z59,3400,6601230000,6601230000
4000,GBB,4750,Z63,3050,6601330000,6601330000
4000,GBB,4750,Z63,3400,6601330000,6601330000
4000,GBB,4750,Z65,7920,6402990000,6402990000
4000,GBB,4750,Z67,3050,6601410000,6601410000
4000,GBB,4750,Z67,3400,6601410000,6601410000
4000,GBB,4750,Z95,3050,6601342500,6601342500
4000,GBB,4750,ZBR,3000,5002010000,5002010000
4000,GBB,4750,ZBR,3050,6601060000,6601060000
4000,GBB,4750,ZBR,3400,6601060000,6601060000
4000,GBB,4750,ZBR,7920,5002010000,5002010000
4000,GBB,4770,AUF,7920,5002030000,5002030000
4000,GBB,4770,AUI,3600,6601020000,6601020000
4000,GBB,4770,BSA,3000,9999999999,9999999999
4000,GBB,4770,BSA,3040,9999999999,9999999999
4000,GBB,4770,BSA,3050,9999999999,9999999999
4000,GBB,4770,BSA,7920,9999999999,9999999999
4000,GBB,4770,INV,3000,1901010000,1901010000
4000,GBB,4770,INV,3040,1901010000,1901010000
4000,GBB,4770,INV,3050,1901010000,1901010000
4000,GBB,4770,INV,7920,1901010000,1901010000
4000,GBB,4770,VAX,3000,6402020000,6402020000
4000,GBB,4770,VAX,3040,6402020000,6402020000
4000,GBB,4770,VAX,3050,6402020000,6402020000
4000,GBB,4770,VAX,7920,6401000000,6401000000
4000,GBB,4770,VAY,3000,6402020000,6402020000
4000,GBB,4770,VAY,3040,6402020000,6402020000
4000,GBB,4770,VAY,3050,6402020000,6402020000
4000,GBB,4770,VAY,7920,6401000000,6401000000
4000,GBB,4770,VBR,3000,5002010000,5002010000
4000,GBB,4770,VBR,3600,6601020000,6601020000
4000,GBB,4770,VBR,7920,5002010000,5002010000
4000,GBB,4770,VNG,3000,1901010000,1901010000
4000,GBB,4770,VNG,3040,1901010000,1901010000
4000,GBB,4770,VNG,3050,1901010000,1901010000
4000,GBB,4770,VNG,7920,1901010000,1901010000
4000,GBB,4770,Z01,3040,6601060000,6601060000
4000,GBB,4770,Z01,7920,6601140106,6601140106
4000,GBB,4770,Z03,7920,6601250000,6601250000
4000,GBB,4770,Z13,7920,6601010200,6601010200
4000,GBB,4770,Z19,3000,6601030000,6601030000
4000,GBB,4770,Z19,3050,6601030000,6601030000
4000,GBB,4770,Z21,3050,6601230000,6601230000
4000,GBB,4770,Z23,3050,6601060000,6601060000
4000,GBB,4770,Z37,3040,6402020000,6402020000
4000,GBB,4770,Z37,3050,6402020000,6402020000
4000,GBB,4770,Z59,3050,6601230000,6601230000
4000,GBB,4770,Z63,3050,6601330000,6601330000
4000,GBB,4770,Z67,3050,6601410000,6601410000
4000,GBB,4770,Z95,3050,6601342500,6601342500
4000,GBB,4770,ZBR,3000,5002010000,5002010000
4000,GBB,4770,ZBR,3040,6601060000,6601060000
4000,GBB,4770,ZBR,3050,6601060000,6601060000
4000,GBB,4770,ZBR,7920,5002010000,5002010000
4000,GBB,4800,AUF,7928,5001030000,5001030000
4000,GBB,4800,BSA,3000,9999999999,9999999999
4000,GBB,4800,BSA,3040,9999999999,9999999999
4000,GBB,4800,BSA,3050,9999999999,9999999999
4000,GBB,4800,BSA,3400,9999999999,9999999999
4000,GBB,4800,BSA,7921,9999999999,9999999999
4000,GBB,4800,BSA,7922,9999999999,9999999999
4000,GBB,4800,BSA,7924,9999999999,9999999999
4000,GBB,4800,BSA,7928,9999999999,9999999999
4000,GBB,4800,INV,3000,1901010000,1901010000
4000,GBB,4800,INV,3001,1901010000,1901010000
4000,GBB,4800,INV,3040,1901010000,1901010000
4000,GBB,4800,INV,3050,1901010000,1901010000
4000,GBB,4800,INV,3400,1901010000,1901010000
4000,GBB,4800,INV,7901,1901010000,1901010000
4000,GBB,4800,INV,7921,1901010000,1901010000
4000,GBB,4800,INV,7922,1901010000,1901010000
4000,GBB,4800,INV,7924,1901010000,1901010000
4000,GBB,4800,INV,7928,1901010000,1901010000
4000,GBB,4800,VAX,3000,6402020000,6402020000
4000,GBB,4800,VAX,3040,6402020000,6402020000
4000,GBB,4800,VAX,3050,6402020000,6402020000
4000,GBB,4800,VAX,3400,6402020000,6402020000
4000,GBB,4800,VAX,7921,6401000000,6401000000
4000,GBB,4800,VAX,7922,6401000000,6401000000
4000,GBB,4800,VAX,7924,6401000000,6401000000
4000,GBB,4800,VAX,7928,6402090000,6402090000
4000,GBB,4800,VAY,3000,6402020000,6402020000
4000,GBB,4800,VAY,3040,6402020000,6402020000
4000,GBB,4800,VAY,3050,6402020000,6402020000
4000,GBB,4800,VAY,3400,6402020000,6402020000
4000,GBB,4800,VAY,7921,6401000000,6401000000
4000,GBB,4800,VAY,7922,6401000000,6401000000
4000,GBB,4800,VAY,7924,6401000000,6401000000
4000,GBB,4800,VAY,7928,6402090000,6402090000
4000,GBB,4800,VBO,3000,1408010000,1408010000
4000,GBB,4800,VBO,3040,1408010000,1408010000
4000,GBB,4800,VBR,3000,5001010000,5001010000
4000,GBB,4800,VBR,3040,5001020000,5001020000
4000,GBB,4800,VBR,3400,5001020000,5001020000
4000,GBB,4800,VBR,3600,6601020000,6601020000
4000,GBB,4800,VBR,7921,5001030000,5001030000
4000,GBB,4800,VBR,7928,5001030000,5001030000
4000,GBB,4800,VNG,3000,1901010000,1901010000
4000,GBB,4800,VNG,3040,1901010000,1901010000
4000,GBB,4800,VNG,3050,1901010000,1901010000
4000,GBB,4800,VNG,3400,1901010000,1901010000
4000,GBB,4800,VNG,7921,1901010000,1901010000
4000,GBB,4800,VNG,7922,1901010000,1901010000
4000,GBB,4800,VNG,7924,1901010000,1901010000
4000,GBB,4800,VNG,7928,1901010000,1901010000
4000,GBB,4800,VQP,7928,6601330000,6601330000
4000,GBB,4800,VQY,7928,6601330000,6601330000
4000,GBB,4800,Z01,3040,6601060000,6601060000
4000,GBB,4800,Z01,3050,6601140101,6601140101
4000,GBB,4800,Z01,3400,6601140101,6601140101
4000,GBB,4800,Z01,7921,6601140106,6601140106
4000,GBB,4800,Z01,7924,6601140106,6601140106
4000,GBB,4800,Z01,7928,6601140106,6601140106
4000,GBB,4800,Z03,7921,6601250000,6601250000
4000,GBB,4800,Z03,7928,6601250000,6601250000
4000,GBB,4800,Z05,3000,6601330000,6601330000
4000,GBB,4800,Z05,3040,6601330000,6601330000
4000,GBB,4800,Z05,7921,6601330000,6601330000
4000,GBB,4800,Z05,7928,6601330000,6601330000
4000,GBB,4800,Z07,7928,6601340100,6601340100
4000,GBB,4800,Z09,7921,6601120000,6601120000
4000,GBB,4800,Z09,7928,6601120000,6601120000
4000,GBB,4800,Z11,7921,6601140103,6601140103
4000,GBB,4800,Z11,7928,6601140103,6601140103
4000,GBB,4800,Z13,7921,6601010200,6601010200
4000,GBB,4800,Z13,7928,6601010200,6601010200
4000,GBB,4800,Z15,3040,6601060000,6601060000
4000,GBB,4800,Z15,3050,6601140101,6601140101
4000,GBB,4800,Z15,3400,6601140101,6601140101
4000,GBB,4800,Z17,3400,6601100200,6601100200
4000,GBB,4800,Z17,7921,6601100200,6601100200
4000,GBB,4800,Z17,7928,6601100200,6601100200
4000,GBB,4800,Z21,3050,6601230000,6601230000
4000,GBB,4800,Z23,3040,6601060000,6601060000
4000,GBB,4800,Z23,3050,6601060000,6601060000
4000,GBB,4800,Z23,3400,6601060000,6601060000
4000,GBB,4800,Z27,7921,6711060000,6711060000
4000,GBB,4800,Z27,7928,6711060000,6711060000
4000,GBB,4800,Z29,7921,6601140105,6601140105
4000,GBB,4800,Z29,7928,6601140105,6601140105
4000,GBB,4800,Z35,3050,6601080101,6601080101
4000,GBB,4800,Z39,7921,6601120000,6601120000
4000,GBB,4800,Z39,7927,6601120000,6601120000
4000,GBB,4800,Z39,7928,6601120000,6601120000
4000,GBB,4800,Z41,7920,6601110000,6601110000
4000,GBB,4800,Z41,7921,6601110000,6601110000
4000,GBB,4800,Z41,7922,6601110000,6601110000
4000,GBB,4800,Z41,7924,6601110000,6601110000
4000,GBB,4800,Z41,7928,6601110000,6601110000
4000,GBB,4800,Z45,3050,6601080105,6601080105
4000,GBB,4800,Z47,3050,6601160500,6601160500
4000,GBB,4800,Z49,7920,6601140103,6601140103
4000,GBB,4800,Z49,7921,6601140103,6601140103
4000,GBB,4800,Z49,7928,6601140103,6601140103
4000,GBB,4800,Z53,7921,6601140106,6601140106
4000,GBB,4800,Z53,7928,6601140106,6601140106
4000,GBB,4800,Z55,3050,6601160100,6601160100
4000,GBB,4800,Z65,7928,6402990000,6402990000
4000,GBB,4800,Z69,3000,6402990000,6402990000
4000,GBB,4800,Z69,3040,6402990000,6402990000
4000,GBB,4800,Z69,3050,6402990000,6402990000
4000,GBB,4800,Z69,3400,6402990000,6402990000
4000,GBB,4800,Z69,7928,6402990000,6402990000
4000,GBB,4800,Z71,7928,6601330000,6601330000
4000,GBB,4800,Z93,7921,6711090000,6711090000
4000,GBB,4800,Z93,7928,6711090000,6711090000
4000,GBB,4800,Z95,3050,6601342500,6601342500
4000,GBB,4820,AUF,7900,5001040000,5001040000
4000,GBB,4820,AUF,7920,5001030000,5001030000
4000,GBB,4820,AUF,7921,5001030000,5001030000
4000,GBB,4820,AUF,7923,5001030000,5001030000
4000,GBB,4820,AUF,7925,5001030000,5001030000
4000,GBB,4820,AUF,7927,5001010000,5001010000
4000,GBB,4820,AUF,7928,5001030000,5001030000
4000,GBB,4820,BSA,3000,9999999999,9999999999
4000,GBB,4820,BSA,3001,9999999999,9999999999
4000,GBB,4820,BSA,3002,9999999999,9999999999
4000,GBB,4820,BSA,3003,9999999999,9999999999
4000,GBB,4820,BSA,3040,9999999999,9999999999
4000,GBB,4820,BSA,3050,9999999999,9999999999
4000,GBB,4820,BSA,3400,9999999999,9999999999
4000,GBB,4820,BSA,3500,9999999999,9999999999
4000,GBB,4820,BSA,7900,9999999999,9999999999
4000,GBB,4820,BSA,7901,9999999999,9999999999
4000,GBB,4820,BSA,7920,9999999999,9999999999
4000,GBB,4820,BSA,7921,9999999999,9999999999
4000,GBB,4820,BSA,7922,9999999999,9999999999
4000,GBB,4820,BSA,7924,9999999999,9999999999
4000,GBB,4820,BSA,7925,9999999999,9999999999
4000,GBB,4820,BSA,7928,9999999999,9999999999
4000,GBB,4820,INV,3000,1901010000,1901010000
4000,GBB,4820,INV,3001,1901010000,1901010000
4000,GBB,4820,INV,3002,1901010000,1901010000
4000,GBB,4820,INV,3003,1901010000,1901010000
4000,GBB,4820,INV,3040,1901010000,1901010000
4000,GBB,4820,INV,3050,1901010000,1901010000
4000,GBB,4820,INV,3400,1901010000,1901010000
4000,GBB,4820,INV,3500,1901010000,1901010000
4000,GBB,4820,INV,7900,1901010000,1901010000
4000,GBB,4820,INV,7901,1901010000,1901010000
4000,GBB,4820,INV,7920,1901010000,1901010000
4000,GBB,4820,INV,7921,1901010000,1901010000
4000,GBB,4820,INV,7922,1901010000,1901010000
4000,GBB,4820,INV,7923,1901010000,1901010000
4000,GBB,4820,INV,7924,1901010000,1901010000
4000,GBB,4820,INV,7925,1901010000,1901010000
4000,GBB,4820,INV,7927,1901010000,1901010000
4000,GBB,4820,INV,7928,1901010000,1901010000
4000,GBB,4820,VAX,3000,6402020000,6402020000
4000,GBB,4820,VAX,3001,6402020000,6402020000
4000,GBB,4820,VAX,3002,6402020000,6402020000
4000,GBB,4820,VAX,3003,6402020000,6402020000
4000,GBB,4820,VAX,3040,6402020000,6402020000
4000,GBB,4820,VAX,3050,6402020000,6402020000
4000,GBB,4820,VAX,3400,6402020000,6402020000
4000,GBB,4820,VAX,7900,6402020000,6402020000
4000,GBB,4820,VAX,7920,6401000000,6401000000
4000,GBB,4820,VAX,7921,6401000000,6401000000
4000,GBB,4820,VAX,7922,6401000000,6401000000
4000,GBB,4820,VAX,7923,6402080000,6402080000
4000,GBB,4820,VAX,7924,6402090000,6402090000
4000,GBB,4820,VAX,7925,6402020000,6402020000
4000,GBB,4820,VAX,7927,6402020000,6402020000
4000,GBB,4820,VAX,7928,6402090000,6402090000
4000,GBB,4820,VAY,3000,6402020000,6402020000
4000,GBB,4820,VAY,3001,6402020000,6402020000
4000,GBB,4820,VAY,3002,6402020000,6402020000
4000,GBB,4820,VAY,3003,6402020000,6402020000
4000,GBB,4820,VAY,3040,6402020000,6402020000
4000,GBB,4820,VAY,3050,6402020000,6402020000
4000,GBB,4820,VAY,3400,6402020000,6402020000
4000,GBB,4820,VAY,7900,6402020000,6402020000
4000,GBB,4820,VAY,7920,6401000000,6401000000
4000,GBB,4820,VAY,7921,6401000000,6401000000
4000,GBB,4820,VAY,7922,6401000000,6401000000
4000,GBB,4820,VAY,7923,6402080000,6402080000
4000,GBB,4820,VAY,7924,6402090000,6402090000
4000,GBB,4820,VAY,7925,6402020000,6402020000
4000,GBB,4820,VAY,7927,6402020000,6402020000
4000,GBB,4820,VAY,7928,6402090000,6402090000
4000,GBB,4820,VBO,3000,1408010000,1408010000
4000,GBB,4820,VBO,3001,1408010000,1408010000
4000,GBB,4820,VBO,3040,1408010000,1408010000
4000,GBB,4820,VBO,7900,1408010000,1408010000
4000,GBB,4820,VBO,7928,1408010000,1408010000
4000,GBB,4820,VBR,3000,5001010000,5001010000
4000,GBB,4820,VBR,3001,5001070000,5001070000
4000,GBB,4820,VBR,3040,5001020000,5001020000
4000,GBB,4820,VBR,3400,5001020000,5001020000
4000,GBB,4820,VBR,3600,6601020000,6601020000
4000,GBB,4820,VBR,7900,5001040000,5001040000
4000,GBB,4820,VBR,7901,5001040000,5001040000
4000,GBB,4820,VBR,7920,5001030000,5001030000
4000,GBB,4820,VBR,7921,5001030000,5001030000
4000,GBB,4820,VBR,7923,5001030000,5001030000
4000,GBB,4820,VBR,7925,5001030000,5001030000
4000,GBB,4820,VBR,7927,5001010000,5001010000
4000,GBB,4820,VBR,7928,5001030000,5001030000
4000,GBB,4820,VNG,3000,1901010000,1901010000
4000,GBB,4820,VNG,3001,1901010000,1901010000
4000,GBB,4820,VNG,3002,1901010000,1901010000
4000,GBB,4820,VNG,3003,1901010000,1901010000
4000,GBB,4820,VNG,3040,1901010000,1901010000
4000,GBB,4820,VNG,3050,1901010000,1901010000
4000,GBB,4820,VNG,3400,1901010000,1901010000
4000,GBB,4820,VNG,3500,1901010000,1901010000
4000,GBB,4820,VNG,7900,1901010000,1901010000
4000,GBB,4820,VNG,7901,1901010000,1901010000
4000,GBB,4820,VNG,7920,1901010000,1901010000
4000,GBB,4820,VNG,7921,1901010000,1901010000
4000,GBB,4820,VNG,7927,1901010000,1901010000
4000,GBB,4820,VNG,7928,1901010000,1901010000
4000,GBB,4820,VQP,7920,6601330000,6601330000
4000,GBB,4820,VQP,7923,6601330000,6601330000
4000,GBB,4820,VQP,7927,6601330000,6601330000
4000,GBB,4820,VQP,7928,6601330000,6601330000
4000,GBB,4820,VQY,7920,6601330000,6601330000
4000,GBB,4820,VQY,7923,6601330000,6601330000
4000,GBB,4820,VQY,7927,6601330000,6601330000
4000,GBB,4820,VQY,7928,6601330000,6601330000
4000,GBB,4820,Z01,3000,6601140106,6601140106
4000,GBB,4820,Z01,3040,6601060000,6601060000
4000,GBB,4820,Z01,3050,6601140101,6601140101
4000,GBB,4820,Z01,3400,6601140101,6601140101
4000,GBB,4820,Z01,7900,6601140106,6601140106
4000,GBB,4820,Z01,7920,6601140106,6601140106
4000,GBB,4820,Z01,7921,6601140106,6601140106
4000,GBB,4820,Z01,7928,6601140106,6601140106
4000,GBB,4820,Z03,7920,6601250000,6601250000
4000,GBB,4820,Z03,7921,6601250000,6601250000
4000,GBB,4820,Z03,7928,6601250000,6601250000
4000,GBB,4820,Z05,3000,6601330000,6601330000
4000,GBB,4820,Z05,3040,6601330000,6601330000
4000,GBB,4820,Z05,3050,6601330000,6601330000
4000,GBB,4820,Z05,7900,6601330000,6601330000
4000,GBB,4820,Z05,7920,6601330000,6601330000
4000,GBB,4820,Z05,7921,6601330000,6601330000
4000,GBB,4820,Z05,7923,6601330000,6601330000
4000,GBB,4820,Z05,7927,6601330000,6601330000
4000,GBB,4820,Z05,7928,6601330000,6601330000
4000,GBB,4820,Z07,3000,6601340100,6601340100
4000,GBB,4820,Z07,3001,6601340100,6601340100
4000,GBB,4820,Z07,3002,6601340100,6601340100
4000,GBB,4820,Z07,3003,6601340100,6601340100
4000,GBB,4820,Z07,3040,6601340100,6601340100
4000,GBB,4820,Z07,7900,6601340100,6601340100
4000,GBB,4820,Z07,7920,6601340100,6601340100
4000,GBB,4820,Z07,7921,6601340100,6601340100
4000,GBB,4820,Z07,7928,6601340100,6601340100
4000,GBB,4820,Z09,7900,6601120000,6601120000
4000,GBB,4820,Z09,7920,6601120000,6601120000
4000,GBB,4820,Z09,7921,6601120000,6601120000
4000,GBB,4820,Z09,7928,6601120000,6601120000
4000,GBB,4820,Z11,7900,6601140103,6601140103
4000,GBB,4820,Z11,7920,6601140103,6601140103
4000,GBB,4820,Z11,7921,6601140103,6601140103
4000,GBB,4820,Z11,7928,6601140103,6601140103
4000,GBB,4820,Z13,3003,6601010200,6601010200
4000,GBB,4820,Z13,7900,6601010200,6601010200
4000,GBB,4820,Z13,7920,6601010200,6601010200
4000,GBB,4820,Z13,7921,6601010200,6601010200
4000,GBB,4820,Z13,7928,6601010200,6601010200
4000,GBB,4820,Z15,3040,6601060000,6601060000
4000,GBB,4820,Z15,3050,6601140101,6601140101
4000,GBB,4820,Z15,3400,6601140101,6601140101
4000,GBB,4820,Z17,3400,6601100200,6601100200
4000,GBB,4820,Z17,7920,6601100200,6601100200
4000,GBB,4820,Z17,7921,6601100200,6601100200
4000,GBB,4820,Z17,7928,6601100200,6601100200
4000,GBB,4820,Z19,3040,6601030000,6601030000
4000,GBB,4820,Z19,3050,6601030000,6601030000
4000,GBB,4820,Z19,3500,6601030000,6601030000
4000,GBB,4820,Z21,3050,6601230000,6601230000
4000,GBB,4820,Z21,3500,6601230000,6601230000
4000,GBB,4820,Z23,3040,6601060000,6601060000
4000,GBB,4820,Z23,3050,6601060000,6601060000
4000,GBB,4820,Z23,3400,6601060000,6601060000
4000,GBB,4820,Z25,3050,6601410000,6601410000
4000,GBB,4820,Z27,7920,6711060000,6711060000
4000,GBB,4820,Z27,7921,6711060000,6711060000
4000,GBB,4820,Z27,7928,6711060000,6711060000
4000,GBB,4820,Z29,7920,6601140105,6601140105
4000,GBB,4820,Z29,7921,6601140105,6601140105
4000,GBB,4820,Z29,7928,6601140105,6601140105
4000,GBB,4820,Z33,3000,6601060000,6601060000
4000,GBB,4820,Z33,3040,6601060000,6601060000
4000,GBB,4820,Z35,3050,6601080101,6601080101
4000,GBB,4820,Z37,3040,6402020000,6402020000
4000,GBB,4820,Z37,3050,6402020000,6402020000
4000,GBB,4820,Z39,7920,6601120000,6601120000
4000,GBB,4820,Z39,7921,6601120000,6601120000
4000,GBB,4820,Z39,7927,6601120000,6601120000
4000,GBB,4820,Z39,7928,6601120000,6601120000
4000,GBB,4820,Z41,7920,6601110000,6601110000
4000,GBB,4820,Z41,7921,6601110000,6601110000
4000,GBB,4820,Z41,7922,6601110000,6601110000
4000,GBB,4820,Z41,7928,6601110000,6601110000
4000,GBB,4820,Z45,3050,6601080105,6601080105
4000,GBB,4820,Z47,3050,6601160500,6601160500
4000,GBB,4820,Z49,7920,6601140103,6601140103
4000,GBB,4820,Z49,7921,6601140103,6601140103
4000,GBB,4820,Z49,7924,6601140103,6601140103
4000,GBB,4820,Z49,7928,6601140103,6601140103
4000,GBB,4820,Z53,7920,6601140106,6601140106
4000,GBB,4820,Z53,7921,6601140106,6601140106
4000,GBB,4820,Z53,7928,6601140106,6601140106
4000,GBB,4820,Z55,3050,6601160100,6601160100
4000,GBB,4820,Z65,7920,6402990000,6402990000
4000,GBB,4820,Z65,7928,6402990000,6402990000
4000,GBB,4820,Z69,3000,6402990000,6402990000
4000,GBB,4820,Z69,3040,6402990000,6402990000
4000,GBB,4820,Z69,3050,6402990000,6402990000
4000,GBB,4820,Z69,3400,6402990000,6402990000
4000,GBB,4820,Z69,7920,6402990000,6402990000
4000,GBB,4820,Z69,7928,6402990000,6402990000
4000,GBB,4820,Z71,3000,6601330000,6601330000
4000,GBB,4820,Z71,3040,6601330000,6601330000
4000,GBB,4820,Z71,3050,6601330000,6601330000
4000,GBB,4820,Z71,7900,6601330000,6601330000
4000,GBB,4820,Z71,7920,6601330000,6601330000
4000,GBB,4820,Z71,7921,6601330000,6601330000
4000,GBB,4820,Z71,7923,6601330000,6601330000
4000,GBB,4820,Z71,7927,6601330000,6601330000
4000,GBB,4820,Z71,7928,6601330000,6601330000
4000,GBB,4820,Z73,3050,6601060000,6601060000
4000,GBB,4820,Z75,3050,6601060000,6601060000
4000,GBB,4820,Z77,3040,6601060000,6601060000
4000,GBB,4820,Z77,3050,6601060000,6601060000
4000,GBB,4820,Z79,3040,6601060000,6601060000
4000,GBB,4820,Z79,3050,6601060000,6601060000
4000,GBB,4820,Z81,3050,6601060000,6601060000
4000,GBB,4820,Z83,3050,6601030000,6601030000
4000,GBB,4820,Z85,3050,6601030000,6601030000
4000,GBB,4820,Z87,3050,6601030000,6601030000
4000,GBB,4820,Z89,3050,6601030000,6601030000
4000,GBB,4820,Z91,3050,6601030000,6601030000
4000,GBB,4820,Z93,7920,6711090000,6711090000
4000,GBB,4820,Z93,7921,6711090000,6711090000
4000,GBB,4820,Z93,7928,6711090000,6711090000
4000,GBB,4820,Z95,3050,6601342500,6601342500
4000,GBB,4820,ZBR,3000,6601060000,6601060000
4000,GBB,4820,ZBR,3040,6601060000,6601060000
4000,GBB,4820,ZBR,3050,6601060000,6601060000
4000,GBB,4820,ZBR,3500,6601060000,6601060000
4000,GBB,4820,ZOF,7900,5001040000,5001040000
4000,GBB,4830,AUF,7900,5001040000,5001040000
4000,GBB,4830,AUF,7920,5001030000,5001030000
4000,GBB,4830,AUF,7921,5001030000,5001030000
4000,GBB,4830,AUF,7923,5001030000,5001030000
4000,GBB,4830,AUF,7927,5001010000,5001010000
4000,GBB,4830,AUF,7928,5001030000,5001030000
4000,GBB,4830,BSA,3000,9999999999,9999999999
4000,GBB,4830,BSA,3001,9999999999,9999999999
4000,GBB,4830,BSA,3002,9999999999,9999999999
4000,GBB,4830,BSA,3003,9999999999,9999999999
4000,GBB,4830,BSA,3040,9999999999,9999999999
4000,GBB,4830,BSA,3050,9999999999,9999999999
4000,GBB,4830,BSA,3400,9999999999,9999999999
4000,GBB,4830,BSA,3500,9999999999,9999999999
4000,GBB,4830,BSA,7900,9999999999,9999999999
4000,GBB,4830,BSA,7901,9999999999,9999999999
4000,GBB,4830,BSA,7920,9999999999,9999999999
4000,GBB,4830,BSA,7921,9999999999,9999999999
4000,GBB,4830,BSA,7922,9999999999,9999999999
4000,GBB,4830,BSA,7928,9999999999,9999999999
4000,GBB,4830,INV,3000,1901010000,1901010000
4000,GBB,4830,INV,3001,1901010000,1901010000
4000,GBB,4830,INV,3002,1901010000,1901010000
4000,GBB,4830,INV,3003,1901010000,1901010000
4000,GBB,4830,INV,3040,1901010000,1901010000
4000,GBB,4830,INV,3050,1901010000,1901010000
4000,GBB,4830,INV,3400,1901010000,1901010000
4000,GBB,4830,INV,3500,1901010000,1901010000
4000,GBB,4830,INV,7900,1901010000,1901010000
4000,GBB,4830,INV,7901,1901010000,1901010000
4000,GBB,4830,INV,7920,1901010000,1901010000
4000,GBB,4830,INV,7921,1901010000,1901010000
4000,GBB,4830,INV,7922,1901010000,1901010000
4000,GBB,4830,INV,7923,1901010000,1901010000
4000,GBB,4830,INV,7924,1901010000,1901010000
4000,GBB,4830,INV,7927,1901010000,1901010000
4000,GBB,4830,INV,7928,1901010000,1901010000
4000,GBB,4830,VAX,3000,6402020000,6402020000
4000,GBB,4830,VAX,3001,6402020000,6402020000
4000,GBB,4830,VAX,3002,6402020000,6402020000
4000,GBB,4830,VAX,3003,6402020000,6402020000
4000,GBB,4830,VAX,3040,6402020000,6402020000
4000,GBB,4830,VAX,3050,6402020000,6402020000
4000,GBB,4830,VAX,3400,6402020000,6402020000
4000,GBB,4830,VAX,7900,6402020000,6402020000
4000,GBB,4830,VAX,7920,6401000000,6401000000
4000,GBB,4830,VAX,7921,6401000000,6401000000
4000,GBB,4830,VAX,7923,6402080000,6402080000
4000,GBB,4830,VAX,7924,6402020000,6402020000
4000,GBB,4830,VAX,7927,6402020000,6402020000
4000,GBB,4830,VAX,7928,6402090000,6402090000
4000,GBB,4830,VAY,3000,6402020000,6402020000
4000,GBB,4830,VAY,3001,6402020000,6402020000
4000,GBB,4830,VAY,3002,6402020000,6402020000
4000,GBB,4830,VAY,3003,6402020000,6402020000
4000,GBB,4830,VAY,3040,6402020000,6402020000
4000,GBB,4830,VAY,3050,6402020000,6402020000
4000,GBB,4830,VAY,3400,6402020000,6402020000
4000,GBB,4830,VAY,7900,6402020000,6402020000
4000,GBB,4830,VAY,7920,6401000000,6401000000
4000,GBB,4830,VAY,7921,6401000000,6401000000
4000,GBB,4830,VAY,7923,6402080000,6402080000
4000,GBB,4830,VAY,7924,6402020000,6402020000
4000,GBB,4830,VAY,7927,6402020000,6402020000
4000,GBB,4830,VAY,7928,6402090000,6402090000
4000,GBB,4830,VBO,3000,1408010000,1408010000
4000,GBB,4830,VBO,3001,1408010000,1408010000
4000,GBB,4830,VBO,3002,1408010000,1408010000
4000,GBB,4830,VBO,3003,1408010000,1408010000
4000,GBB,4830,VBO,3040,1408010000,1408010000
4000,GBB,4830,VBR,3000,5001010000,5001010000
4000,GBB,4830,VBR,3001,5001070000,5001070000
4000,GBB,4830,VBR,3002,5001080000,5001080000
4000,GBB,4830,VBR,3003,5001090000,5001090000
4000,GBB,4830,VBR,3040,5001020000,5001020000
4000,GBB,4830,VBR,3400,5001020000,5001020000
4000,GBB,4830,VBR,3600,6601020000,6601020000
4000,GBB,4830,VBR,7900,5001040000,5001040000
4000,GBB,4830,VBR,7901,5001040000,5001040000
4000,GBB,4830,VBR,7920,5001030000,5001030000
4000,GBB,4830,VBR,7921,5001030000,5001030000
4000,GBB,4830,VBR,7923,5001030000,5001030000
4000,GBB,4830,VBR,7927,5001010000,5001010000
4000,GBB,4830,VBR,7928,5001030000,5001030000
4000,GBB,4830,VNG,3000,1901010000,1901010000
4000,GBB,4830,VNG,3001,1901010000,1901010000
4000,GBB,4830,VNG,3002,1901010000,1901010000
4000,GBB,4830,VNG,3003,1901010000,1901010000
4000,GBB,4830,VNG,3040,1901010000,1901010000
4000,GBB,4830,VNG,3050,1901010000,1901010000
4000,GBB,4830,VNG,3400,1901010000,1901010000
4000,GBB,4830,VNG,3500,1901010000,1901010000
4000,GBB,4830,VNG,7900,1901010000,1901010000
4000,GBB,4830,VNG,7901,1901010000,1901010000
4000,GBB,4830,VNG,7920,1901010000,1901010000
4000,GBB,4830,VNG,7921,1901010000,1901010000
4000,GBB,4830,VNG,7927,1901010000,1901010000
4000,GBB,4830,VNG,7928,1901010000,1901010000
4000,GBB,4830,VQP,7920,6601330000,6601330000
4000,GBB,4830,VQP,7923,6601330000,6601330000
4000,GBB,4830,VQP,7927,6601330000,6601330000
4000,GBB,4830,VQP,7928,6601330000,6601330000
4000,GBB,4830,VQY,7920,6601330000,6601330000
4000,GBB,4830,VQY,7923,6601330000,6601330000
4000,GBB,4830,VQY,7927,6601330000,6601330000
4000,GBB,4830,VQY,7928,6601330000,6601330000
4000,GBB,4830,Z01,3000,6601140106,6601140106
4000,GBB,4830,Z01,3040,6601060000,6601060000
4000,GBB,4830,Z01,3050,6601140101,6601140101
4000,GBB,4830,Z01,3400,6601140101,6601140101
4000,GBB,4830,Z01,7900,6601140106,6601140106
4000,GBB,4830,Z01,7920,6601140106,6601140106
4000,GBB,4830,Z01,7921,6601140106,6601140106
4000,GBB,4830,Z01,7928,6601140106,6601140106
4000,GBB,4830,Z03,7920,6601250000,6601250000
4000,GBB,4830,Z03,7921,6601250000,6601250000
4000,GBB,4830,Z03,7928,6601250000,6601250000
4000,GBB,4830,Z05,3000,6601330000,6601330000
4000,GBB,4830,Z05,3040,6601330000,6601330000
4000,GBB,4830,Z05,3050,6601330000,6601330000
4000,GBB,4830,Z05,7900,6601330000,6601330000
4000,GBB,4830,Z05,7920,6601330000,6601330000
4000,GBB,4830,Z05,7921,6601330000,6601330000
4000,GBB,4830,Z05,7923,6601330000,6601330000
4000,GBB,4830,Z05,7927,6601330000,6601330000
4000,GBB,4830,Z05,7928,6601330000,6601330000
4000,GBB,4830,Z07,3000,6601340100,6601340100
4000,GBB,4830,Z07,3001,6601340100,6601340100
4000,GBB,4830,Z07,3002,6601340100,6601340100
4000,GBB,4830,Z07,3003,6601340100,6601340100
4000,GBB,4830,Z07,3040,6601340100,6601340100
4000,GBB,4830,Z07,7900,6601340100,6601340100
4000,GBB,4830,Z07,7920,6601340100,6601340100
4000,GBB,4830,Z07,7921,6601340100,6601340100
4000,GBB,4830,Z07,7928,6601340100,6601340100
4000,GBB,4830,Z09,7900,6601120000,6601120000
4000,GBB,4830,Z09,7920,6601120000,6601120000
4000,GBB,4830,Z09,7921,6601120000,6601120000
4000,GBB,4830,Z09,7928,6601120000,6601120000
4000,GBB,4830,Z11,7900,6601140103,6601140103
4000,GBB,4830,Z11,7920,6601140103,6601140103
4000,GBB,4830,Z11,7921,6601140103,6601140103
4000,GBB,4830,Z11,7928,6601140103,6601140103
4000,GBB,4830,Z13,3003,6601010200,6601010200
4000,GBB,4830,Z13,3050,6601010200,6601010200
4000,GBB,4830,Z13,7900,6601010200,6601010200
4000,GBB,4830,Z13,7920,6601010200,6601010200
4000,GBB,4830,Z13,7921,6601010200,6601010200
4000,GBB,4830,Z13,7928,6601010200,6601010200
4000,GBB,4830,Z15,3040,6601060000,6601060000
4000,GBB,4830,Z15,3050,6601140101,6601140101
4000,GBB,4830,Z15,3400,6601140101,6601140101
4000,GBB,4830,Z17,3400,6601100200,6601100200
4000,GBB,4830,Z17,7920,6601100200,6601100200
4000,GBB,4830,Z17,7921,6601100200,6601100200
4000,GBB,4830,Z17,7928,6601100200,6601100200
4000,GBB,4830,Z19,3040,6601030000,6601030000
4000,GBB,4830,Z19,3050,6601030000,6601030000
4000,GBB,4830,Z19,3500,6601030000,6601030000
4000,GBB,4830,Z21,3050,6601230000,6601230000
4000,GBB,4830,Z21,3500,6601230000,6601230000
4000,GBB,4830,Z23,3040,6601060000,6601060000
4000,GBB,4830,Z23,3050,6601060000,6601060000
4000,GBB,4830,Z23,3400,6601060000,6601060000
4000,GBB,4830,Z25,3050,6601410000,6601410000
4000,GBB,4830,Z27,7920,6711060000,6711060000
4000,GBB,4830,Z27,7921,6711060000,6711060000
4000,GBB,4830,Z27,7928,6711060000,6711060000
4000,GBB,4830,Z29,7920,6601140105,6601140105
4000,GBB,4830,Z29,7921,6601140105,6601140105
4000,GBB,4830,Z29,7928,6601140105,6601140105
4000,GBB,4830,Z33,3000,6601060000,6601060000
4000,GBB,4830,Z33,3040,6601060000,6601060000
4000,GBB,4830,Z35,3050,6601080101,6601080101
4000,GBB,4830,Z37,3040,6402020000,6402020000
4000,GBB,4830,Z37,3050,6402020000,6402020000
4000,GBB,4830,Z39,7920,6601120000,6601120000
4000,GBB,4830,Z39,7921,6601120000,6601120000
4000,GBB,4830,Z39,7927,6601120000,6601120000
4000,GBB,4830,Z39,7928,6601120000,6601120000
4000,GBB,4830,Z41,7920,6601110000,6601110000
4000,GBB,4830,Z41,7921,6601110000,6601110000
4000,GBB,4830,Z41,7922,6601110000,6601110000
4000,GBB,4830,Z41,7928,6601110000,6601110000
4000,GBB,4830,Z45,3050,6601080105,6601080105
4000,GBB,4830,Z47,3050,6601160500,6601160500
4000,GBB,4830,Z49,7920,6601140103,6601140103
4000,GBB,4830,Z49,7921,6601140103,6601140103
4000,GBB,4830,Z49,7924,6601140103,6601140103
4000,GBB,4830,Z49,7928,6601140103,6601140103
4000,GBB,4830,Z53,7920,6601140106,6601140106
4000,GBB,4830,Z53,7921,6601140106,6601140106
4000,GBB,4830,Z53,7928,6601140106,6601140106
4000,GBB,4830,Z55,3050,6601160100,6601160100
4000,GBB,4830,Z65,7920,6402990000,6402990000
4000,GBB,4830,Z65,7928,6402990000,6402990000
4000,GBB,4830,Z69,3000,6402990000,6402990000
4000,GBB,4830,Z69,3040,6402990000,6402990000
4000,GBB,4830,Z69,3050,6402990000,6402990000
4000,GBB,4830,Z69,3400,6402990000,6402990000
4000,GBB,4830,Z69,7920,6402990000,6402990000
4000,GBB,4830,Z69,7928,6402990000,6402990000
4000,GBB,4830,Z71,3000,6601330000,6601330000
4000,GBB,4830,Z71,3040,6601330000,6601330000
4000,GBB,4830,Z71,3050,6601330000,6601330000
4000,GBB,4830,Z71,7900,6601330000,6601330000
4000,GBB,4830,Z71,7920,6601330000,6601330000
4000,GBB,4830,Z71,7921,6601330000,6601330000
4000,GBB,4830,Z71,7923,6601330000,6601330000
4000,GBB,4830,Z71,7927,6601330000,6601330000
4000,GBB,4830,Z71,7928,6601330000,6601330000
4000,GBB,4830,Z73,3050,6601060000,6601060000
4000,GBB,4830,Z75,3050,6601060000,6601060000
4000,GBB,4830,Z77,3040,6601060000,6601060000
4000,GBB,4830,Z77,3050,6601060000,6601060000
4000,GBB,4830,Z79,3040,6601060000,6601060000
4000,GBB,4830,Z79,3050,6601060000,6601060000
4000,GBB,4830,Z81,3050,6601060000,6601060000
4000,GBB,4830,Z83,3050,6601030000,6601030000
4000,GBB,4830,Z85,3050,6601030000,6601030000
4000,GBB,4830,Z87,3050,6601030000,6601030000
4000,GBB,4830,Z89,3050,6601030000,6601030000
4000,GBB,4830,Z91,3050,6601030000,6601030000
4000,GBB,4830,Z93,7920,6711090000,6711090000
4000,GBB,4830,Z93,7921,6711090000,6711090000
4000,GBB,4830,Z93,7928,6711090000,6711090000
4000,GBB,4830,Z95,3050,6601342500,6601342500
4000,GBB,4830,ZBR,3000,6601060000,6601060000
4000,GBB,4830,ZBR,3040,6601060000,6601060000
4000,GBB,4830,ZBR,3050,6601060000,6601060000
4000,GBB,4830,ZBR,3500,6601060000,6601060000
4000,GBB,4830,ZOF,7900,5001040000,5001040000
4000,GBB,4840,AUF,3000,5002030000,5002030000
4000,GBB,4840,AUF,7920,5002030000,5002030000
4000,GBB,4840,AUF,7925,5002030000,5002030000
4000,GBB,4840,AUI,3600,6601020000,6601020000
4000,GBB,4840,BSA,3000,9999999999,9999999999
4000,GBB,4840,BSA,3050,9999999999,9999999999
4000,GBB,4840,BSA,3400,9999999999,9999999999
4000,GBB,4840,BSA,7920,9999999999,9999999999
4000,GBB,4840,INV,3000,1901010000,1901010000
4000,GBB,4840,INV,3050,1901010000,1901010000
4000,GBB,4840,INV,3400,1901010000,1901010000
4000,GBB,4840,INV,7920,1901010000,1901010000
4000,GBB,4840,VAX,3000,6402020000,6402020000
4000,GBB,4840,VAX,3050,6402020000,6402020000
4000,GBB,4840,VAX,3400,6402020000,6402020000
4000,GBB,4840,VAX,7920,6401000000,6401000000
4000,GBB,4840,VAX,7925,6402990000,6402990000
4000,GBB,4840,VAY,3000,6402020000,6402020000
4000,GBB,4840,VAY,3050,6402020000,6402020000
4000,GBB,4840,VAY,3400,6402020000,6402020000
4000,GBB,4840,VAY,7920,6401000000,6401000000
4000,GBB,4840,VAY,7925,6402990000,6402990000
4000,GBB,4840,VBR,3000,5002010000,5002010000
4000,GBB,4840,VBR,3600,6601020000,6601020000
4000,GBB,4840,VBR,7920,5002010000,5002010000
4000,GBB,4840,VNG,3000,1901010000,1901010000
4000,GBB,4840,VNG,3050,1901010000,1901010000
4000,GBB,4840,VNG,3400,1901010000,1901010000
4000,GBB,4840,VNG,7920,1901010000,1901010000
4000,GBB,4840,Z01,7920,6601140106,6601140106
4000,GBB,4840,Z03,7920,6601250000,6601250000
4000,GBB,4840,Z13,7920,6601010200,6601010200
4000,GBB,4840,Z19,3000,6601030000,6601030000
4000,GBB,4840,Z19,3050,6601030000,6601030000
4000,GBB,4840,Z19,3400,6601030000,6601030000
4000,GBB,4840,Z21,3050,6601230000,6601230000
4000,GBB,4840,Z21,3400,6601230000,6601230000
4000,GBB,4840,Z23,3050,6601060000,6601060000
4000,GBB,4840,Z23,3400,6601060000,6601060000
4000,GBB,4840,Z37,3050,6402020000,6402020000
4000,GBB,4840,Z37,3400,6402020000,6402020000
4000,GBB,4840,Z59,3050,6601230000,6601230000
4000,GBB,4840,Z59,3400,6601230000,6601230000
4000,GBB,4840,Z63,3050,6601330000,6601330000
4000,GBB,4840,Z63,3400,6601330000,6601330000
4000,GBB,4840,Z65,7920,6402990000,6402990000
4000,GBB,4840,Z67,3050,6601410000,6601410000
4000,GBB,4840,Z67,3400,6601410000,6601410000
4000,GBB,4840,Z95,3050,6601342500,6601342500
4000,GBB,4840,ZBR,3000,5002010000,5002010000
4000,GBB,4840,ZBR,3050,6601060000,6601060000
4000,GBB,4840,ZBR,3400,6601060000,6601060000
4000,GBB,4840,ZBR,7920,5002010000,5002010000
4000,GBB,4870,BSA,3000,9999999999,9999999999
4000,GBB,4870,BSA,3040,9999999999,9999999999
4000,GBB,4870,BSA,3050,9999999999,9999999999
4000,GBB,4870,BSA,3400,9999999999,9999999999
4000,GBB,4870,BSA,7901,9999999999,9999999999
4000,GBB,4870,BSA,7921,9999999999,9999999999
4000,GBB,4870,BSA,7922,9999999999,9999999999
4000,GBB,4870,INV,3000,1901010000,1901010000
4000,GBB,4870,INV,3001,1901010000,1901010000
4000,GBB,4870,INV,3040,1901010000,1901010000
4000,GBB,4870,INV,3050,1901010000,1901010000
4000,GBB,4870,INV,3400,1901010000,1901010000
4000,GBB,4870,INV,7901,1901010000,1901010000
4000,GBB,4870,INV,7921,1901010000,1901010000
4000,GBB,4870,INV,7922,1901010000,1901010000
4000,GBB,4870,INV,7924,1901010000,1901010000
4000,GBB,4870,VAX,3000,6402020000,6402020000
4000,GBB,4870,VAX,3040,6402020000,6402020000
4000,GBB,4870,VAX,3050,6402020000,6402020000
4000,GBB,4870,VAX,3400,6402020000,6402020000
4000,GBB,4870,VAX,7921,6401000000,6401000000
4000,GBB,4870,VAX,7922,6401000000,6401000000
4000,GBB,4870,VAX,7923,6402080000,6402080000
4000,GBB,4870,VAX,7924,6402090000,6402090000
4000,GBB,4870,VAY,3000,6402020000,6402020000
4000,GBB,4870,VAY,3040,6402020000,6402020000
4000,GBB,4870,VAY,3050,6402020000,6402020000
4000,GBB,4870,VAY,3400,6402020000,6402020000
4000,GBB,4870,VAY,7921,6401000000,6401000000
4000,GBB,4870,VAY,7922,6401000000,6401000000
4000,GBB,4870,VAY,7923,6402080000,6402080000
4000,GBB,4870,VAY,7924,6402090000,6402090000
4000,GBB,4870,VBR,3600,6601020000,6601020000
4000,GBB,4870,VNG,3000,1901010000,1901010000
4000,GBB,4870,VNG,3040,1901010000,1901010000
4000,GBB,4870,VNG,3050,1901010000,1901010000
4000,GBB,4870,VNG,3400,1901010000,1901010000
4000,GBB,4870,VNG,3500,1901010000,1901010000
4000,GBB,4870,VNG,7901,1901010000,1901010000
4000,GBB,4870,VNG,7921,1901010000,1901010000
4000,GBB,4870,Z01,3040,6601060000,6601060000
4000,GBB,4870,Z01,3050,6601140101,6601140101
4000,GBB,4870,Z01,3400,6601140101,6601140101
4000,GBB,4870,Z01,7921,6601140106,6601140106
4000,GBB,4870,Z03,7921,6601250000,6601250000
4000,GBB,4870,Z05,3000,6601330000,6601330000
4000,GBB,4870,Z05,3040,6601330000,6601330000
4000,GBB,4870,Z05,3050,6601330000,6601330000
4000,GBB,4870,Z05,3500,6601330000,6601330000
4000,GBB,4870,Z05,7900,6601330000,6601330000
4000,GBB,4870,Z05,7920,6601330000,6601330000
4000,GBB,4870,Z05,7921,6601330000,6601330000
4000,GBB,4870,Z05,7923,6601330000,6601330000
4000,GBB,4870,Z05,7924,6601330000,6601330000
4000,GBB,4870,Z09,7921,6601120000,6601120000
4000,GBB,4870,Z11,7921,6601140103,6601140103
4000,GBB,4870,Z13,7921,6601010200,6601010200
4000,GBB,4870,Z15,3040,6601060000,6601060000
4000,GBB,4870,Z15,3050,6601140101,6601140101
4000,GBB,4870,Z15,3400,6601140101,6601140101
4000,GBB,4870,Z17,3400,6601100200,6601100200
4000,GBB,4870,Z17,7921,6601100200,6601100200
4000,GBB,4870,Z21,3050,6601230000,6601230000
4000,GBB,4870,Z23,3040,6601060000,6601060000
4000,GBB,4870,Z23,3050,6601060000,6601060000
4000,GBB,4870,Z23,3400,6601060000,6601060000
4000,GBB,4870,Z27,7921,6711060000,6711060000
4000,GBB,4870,Z29,7921,6601140105,6601140105
4000,GBB,4870,Z33,3040,6601060000,6601060000
4000,GBB,4870,Z35,3050,6601080101,6601080101
4000,GBB,4870,Z39,7921,6601120000,6601120000
4000,GBB,4870,Z39,7927,6601120000,6601120000
4000,GBB,4870,Z41,7920,6601110000,6601110000
4000,GBB,4870,Z41,7921,6601110000,6601110000
4000,GBB,4870,Z41,7922,6601110000,6601110000
4000,GBB,4870,Z45,3050,6601080105,6601080105
4000,GBB,4870,Z47,3050,6601160500,6601160500
4000,GBB,4870,Z49,7920,6601140103,6601140103
4000,GBB,4870,Z49,7921,6601140103,6601140103
4000,GBB,4870,Z53,7921,6601140106,6601140106
4000,GBB,4870,Z55,3050,6601160100,6601160100
4000,GBB,4870,Z69,3000,6402990000,6402990000
4000,GBB,4870,Z69,3040,6402990000,6402990000
4000,GBB,4870,Z69,3050,6402990000,6402990000
4000,GBB,4870,Z69,3400,6402990000,6402990000
4000,GBB,4870,Z73,3050,6601060000,6601060000
4000,GBB,4870,Z75,3050,6601060000,6601060000
4000,GBB,4870,Z77,3040,6601060000,6601060000
4000,GBB,4870,Z77,3050,6601060000,6601060000
4000,GBB,4870,Z79,3040,6601060000,6601060000
4000,GBB,4870,Z79,3050,6601060000,6601060000
4000,GBB,4870,Z81,3050,6601060000,6601060000
4000,GBB,4870,Z83,3050,6601030000,6601030000
4000,GBB,4870,Z85,3050,6601030000,6601030000
4000,GBB,4870,Z87,3050,6601030000,6601030000
4000,GBB,4870,Z89,3050,6601030000,6601030000
4000,GBB,4870,Z91,3050,6601030000,6601030000
4000,GBB,4870,Z93,7921,6711090000,6711090000
4000,GBB,4870,Z95,3050,6601342500,6601342500
4000,GBB,4900,AUF,3000,5002030000,5002030000
4000,GBB,4900,AUF,7920,5002030000,5002030000
4000,GBB,4900,AUI,3600,6601020000,6601020000
4000,GBB,4900,BSA,3000,9999999999,9999999999
4000,GBB,4900,BSA,3050,9999999999,9999999999
4000,GBB,4900,BSA,3400,9999999999,9999999999
4000,GBB,4900,BSA,7920,9999999999,9999999999
4000,GBB,4900,INV,3000,1901010000,1901010000
4000,GBB,4900,INV,3050,1901010000,1901010000
4000,GBB,4900,INV,3400,1901010000,1901010000
4000,GBB,4900,INV,7920,1901010000,1901010000
4000,GBB,4900,VAX,3000,6402020000,6402020000
4000,GBB,4900,VAX,3050,6402020000,6402020000
4000,GBB,4900,VAX,3400,6402020000,6402020000
4000,GBB,4900,VAX,7920,6401000000,6401000000
4000,GBB,4900,VAY,3000,6402020000,6402020000
4000,GBB,4900,VAY,3050,6402020000,6402020000
4000,GBB,4900,VAY,3400,6402020000,6402020000
4000,GBB,4900,VAY,7920,6401000000,6401000000
4000,GBB,4900,VBR,3600,6601020000,6601020000
4000,GBB,4900,VBR,7920,5002010000,5002010000
4000,GBB,4900,VNG,3000,1901010000,1901010000
4000,GBB,4900,VNG,3050,1901010000,1901010000
4000,GBB,4900,VNG,3400,1901010000,1901010000
4000,GBB,4900,VNG,7920,1901010000,1901010000
4000,GBB,4900,Z01,7920,6601140106,6601140106
4000,GBB,4900,Z03,7920,6601250000,6601250000
4000,GBB,4900,Z13,7920,6601010200,6601010200
4000,GBB,4900,Z19,3000,6601030000,6601030000
4000,GBB,4900,Z19,3050,6601030000,6601030000
4000,GBB,4900,Z19,3400,6601030000,6601030000
4000,GBB,4900,Z21,3050,6601230000,6601230000
4000,GBB,4900,Z21,3400,6601230000,6601230000
4000,GBB,4900,Z23,3000,6601060000,6601060000
4000,GBB,4900,Z23,3050,6601060000,6601060000
4000,GBB,4900,Z23,3400,6601060000,6601060000
4000,GBB,4900,Z37,3050,6402020000,6402020000
4000,GBB,4900,Z37,3400,6402020000,6402020000
4000,GBB,4900,Z59,3050,6601230000,6601230000
4000,GBB,4900,Z59,3400,6601230000,6601230000
4000,GBB,4900,Z63,3050,6601330000,6601330000
4000,GBB,4900,Z63,3400,6601330000,6601330000
4000,GBB,4900,Z65,7920,6402990000,6402990000
4000,GBB,4900,Z67,3050,6601410000,6601410000
4000,GBB,4900,Z67,3400,6601410000,6601410000
4000,GBB,4900,Z95,3050,6601342500,6601342500
4000,GBB,4900,ZBR,3000,5002010000,5002010000
4000,GBB,4900,ZBR,3050,6601060000,6601060000
4000,GBB,4900,ZBR,3400,6601060000,6601060000
4000,GBB,4900,ZBR,7920,5002010000,5002010000
4000,GBB,4990,AUF,7921,5001030000,5001030000
4000,GBB,4990,AUI,3050,5001060000,5001060000
4000,GBB,4990,AUI,3400,6601140101,6601140101
4000,GBB,4990,AUI,3600,6601020000,6601020000
4000,GBB,4990,AUI,7921,5001030000,5001030000
4000,GBB,4990,BSA,3000,9999999999,9999999999
4000,GBB,4990,BSA,3050,9999999999,9999999999
4000,GBB,4990,BSA,3400,9999999999,9999999999
4000,GBB,4990,BSA,7921,9999999999,9999999999
4000,GBB,4990,BSA,7924,9999999999,9999999999
4000,GBB,4990,INV,3000,1901010000,1901010000
4000,GBB,4990,INV,3050,1901010000,1901010000
4000,GBB,4990,INV,3400,1901010000,1901010000
4000,GBB,4990,INV,7921,1901010000,1901010000
4000,GBB,4990,INV,7924,1901010000,1901010000
4000,GBB,4990,VAX,3000,6402020000,6402020000
4000,GBB,4990,VAX,3040,6402020000,6402020000
4000,GBB,4990,VAX,3050,6402020000,6402020000
4000,GBB,4990,VAX,3400,6402020000,6402020000
4000,GBB,4990,VAX,7921,6401000000,6401000000
4000,GBB,4990,VAX,7924,6402020000,6402020000
4000,GBB,4990,VAY,3000,6402020000,6402020000
4000,GBB,4990,VAY,3050,6402020000,6402020000
4000,GBB,4990,VAY,3400,6402020000,6402020000
4000,GBB,4990,VAY,7921,6401000000,6401000000
4000,GBB,4990,VAY,7924,6402020000,6402020000
4000,GBB,4990,VBO,3000,1408010000,1408010000
4000,GBB,4990,VBR,3050,5001060000,5001060000
4000,GBB,4990,VBR,3400,5001020000,5001020000
4000,GBB,4990,VBR,3600,6601020000,6601020000
4000,GBB,4990,VBR,7921,5001030000,5001030000
4000,GBB,4990,VBR,7924,5001030000,5001030000
4000,GBB,4990,VNG,3000,1901010000,1901010000
4000,GBB,4990,VNG,3040,1901010000,1901010000
4000,GBB,4990,VNG,3050,1901010000,1901010000
4000,GBB,4990,VNG,3400,1901010000,1901010000
4000,GBB,4990,VNG,7921,1901010000,1901010000
4000,GBB,4990,Z01,3000,6601140106,6601140106
4000,GBB,4990,Z01,3050,6601140101,6601140101
4000,GBB,4990,Z01,3400,6601140101,6601140101
4000,GBB,4990,Z01,7921,6601140106,6601140106
4000,GBB,4990,Z01,7924,6601140106,6601140106
4000,GBB,4990,Z03,7921,6601250000,6601250000
4000,GBB,4990,Z05,3000,6601330000,6601330000
4000,GBB,4990,Z05,3050,6601330000,6601330000
4000,GBB,4990,Z05,7921,6601330000,6601330000
4000,GBB,4990,Z07,3000,6601340100,6601340100
4000,GBB,4990,Z07,3050,6601341500,6601341500
4000,GBB,4990,Z07,7921,6601340100,6601340100
4000,GBB,4990,Z09,7921,6601120000,6601120000
4000,GBB,4990,Z11,7921,6601140103,6601140103
4000,GBB,4990,Z13,3050,6601010200,6601010200
4000,GBB,4990,Z13,3400,6601010200,6601010200
4000,GBB,4990,Z13,7921,6601010200,6601010200
4000,GBB,4990,Z15,3050,6601140101,6601140101
4000,GBB,4990,Z15,3400,6601140101,6601140101
4000,GBB,4990,Z15,7924,6601140101,6601140101
4000,GBB,4990,Z17,3400,6601100200,6601100200
4000,GBB,4990,Z17,7921,6601100200,6601100200
4000,GBB,4990,Z17,7924,6601100200,6601100200
4000,GBB,4990,Z19,3050,6601030000,6601030000
4000,GBB,4990,Z21,3050,6601230000,6601230000
4000,GBB,4990,Z23,3050,6601060000,6601060000
4000,GBB,4990,Z23,3400,6601060000,6601060000
4000,GBB,4990,Z25,3050,6601410000,6601410000
4000,GBB,4990,Z27,7921,6711060000,6711060000
4000,GBB,4990,Z29,7921,6601140105,6601140105
4000,GBB,4990,Z33,3000,6601060000,6601060000
4000,GBB,4990,Z35,3050,6601080101,6601080101
4000,GBB,4990,Z37,3050,6402020000,6402020000
4000,GBB,4990,Z39,7921,6601120000,6601120000
4000,GBB,4990,Z41,7921,6601110000,6601110000
4000,GBB,4990,Z45,3050,6601080105,6601080105
4000,GBB,4990,Z47,3050,6601160500,6601160500
4000,GBB,4990,Z49,7921,6601140103,6601140103
4000,GBB,4990,Z51,7921,1406000000,1406000000
4000,GBB,4990,Z53,3400,6601140106,6601140106
4000,GBB,4990,Z53,7921,6601140106,6601140106
4000,GBB,4990,Z69,3000,6402990000,6402990000
4000,GBB,4990,Z71,3000,6601330000,6601330000
4000,GBB,4990,Z95,3050,6601342500,6601342500
4000,GBB,4990,ZBR,3050,6601060000,6601060000
4000,GBB,5010,AUF,7921,5001030000,5001030000
4000,GBB,5010,AUI,3050,5001060000,5001060000
4000,GBB,5010,AUI,3400,6601140101,6601140101
4000,GBB,5010,AUI,3600,6601020000,6601020000
4000,GBB,5010,AUI,7921,5001030000,5001030000
4000,GBB,5010,BSA,3000,9999999999,9999999999
4000,GBB,5010,BSA,3050,9999999999,9999999999
4000,GBB,5010,BSA,3400,9999999999,9999999999
4000,GBB,5010,BSA,7921,9999999999,9999999999
4000,GBB,5010,BSA,7924,9999999999,9999999999
4000,GBB,5010,INV,3000,1901010000,1901010000
4000,GBB,5010,INV,3050,1901010000,1901010000
4000,GBB,5010,INV,3400,1901010000,1901010000
4000,GBB,5010,INV,7921,1901010000,1901010000
4000,GBB,5010,INV,7924,1901010000,1901010000
4000,GBB,5010,VAX,3000,6402020000,6402020000
4000,GBB,5010,VAX,3040,6402020000,6402020000
4000,GBB,5010,VAX,3050,6402020000,6402020000
4000,GBB,5010,VAX,3400,6402020000,6402020000
4000,GBB,5010,VAX,7921,6401000000,6401000000
4000,GBB,5010,VAX,7924,6402090000,6402090000
4000,GBB,5010,VAY,3000,6402020000,6402020000
4000,GBB,5010,VAY,3040,6402020000,6402020000
4000,GBB,5010,VAY,3050,6402020000,6402020000
4000,GBB,5010,VAY,3400,6402020000,6402020000
4000,GBB,5010,VAY,7921,6401000000,6401000000
4000,GBB,5010,VAY,7924,6402090000,6402090000
4000,GBB,5010,VBO,3000,1408010000,1408010000
4000,GBB,5010,VBR,3050,5001060000,5001060000
4000,GBB,5010,VBR,3400,5001020000,5001020000
4000,GBB,5010,VBR,3600,6601020000,6601020000
4000,GBB,5010,VBR,7921,5001030000,5001030000
4000,GBB,5010,VBR,7924,5001030000,5001030000
4000,GBB,5010,VNG,3000,1901010000,1901010000
4000,GBB,5010,VNG,3040,1901010000,1901010000
4000,GBB,5010,VNG,3050,1901010000,1901010000
4000,GBB,5010,VNG,3400,1901010000,1901010000
4000,GBB,5010,VNG,7921,1901010000,1901010000
4000,GBB,5010,Z01,3000,6601140106,6601140106
4000,GBB,5010,Z01,3050,6601140101,6601140101
4000,GBB,5010,Z01,3400,6601140101,6601140101
4000,GBB,5010,Z01,7921,6601140106,6601140106
4000,GBB,5010,Z01,7924,6601140106,6601140106
4000,GBB,5010,Z03,7921,6601250000,6601250000
4000,GBB,5010,Z05,3000,6601330000,6601330000
4000,GBB,5010,Z05,3050,6601330000,6601330000
4000,GBB,5010,Z05,7921,6601330000,6601330000
4000,GBB,5010,Z07,3000,6601340100,6601340100
4000,GBB,5010,Z07,3050,6601341500,6601341500
4000,GBB,5010,Z07,7921,6601340100,6601340100
4000,GBB,5010,Z09,7921,6601120000,6601120000
4000,GBB,5010,Z11,7921,6601140103,6601140103
4000,GBB,5010,Z11,7924,6601140103,6601140103
4000,GBB,5010,Z13,3050,6601010200,6601010200
4000,GBB,5010,Z13,3400,6601010200,6601010200
4000,GBB,5010,Z13,7921,6601010200,6601010200
4000,GBB,5010,Z15,3050,6601140101,6601140101
4000,GBB,5010,Z15,3400,6601140101,6601140101
4000,GBB,5010,Z15,7924,6601140101,6601140101
4000,GBB,5010,Z17,3400,6601100200,6601100200
4000,GBB,5010,Z17,7921,6601100200,6601100200
4000,GBB,5010,Z17,7924,6601100200,6601100200
4000,GBB,5010,Z19,3050,6601030000,6601030000
4000,GBB,5010,Z21,3050,6601230000,6601230000
4000,GBB,5010,Z23,3050,6601060000,6601060000
4000,GBB,5010,Z23,3400,6601060000,6601060000
4000,GBB,5010,Z25,3050,6601410000,6601410000
4000,GBB,5010,Z27,7921,6711060000,6711060000
4000,GBB,5010,Z29,7921,6601140105,6601140105
4000,GBB,5010,Z33,3000,6601060000,6601060000
4000,GBB,5010,Z35,3050,6601080101,6601080101
4000,GBB,5010,Z37,3050,6402020000,6402020000
4000,GBB,5010,Z39,7921,6601120000,6601120000
4000,GBB,5010,Z41,7921,6601110000,6601110000
4000,GBB,5010,Z45,3050,6601080105,6601080105
4000,GBB,5010,Z47,3050,6601160500,6601160500
4000,GBB,5010,Z49,7921,6601140103,6601140103
4000,GBB,5010,Z51,7921,1406000000,1406000000
4000,GBB,5010,Z53,3400,6601140106,6601140106
4000,GBB,5010,Z53,7921,6601140106,6601140106
4000,GBB,5010,Z69,3000,6402990000,6402990000
4000,GBB,5010,Z71,3000,6601330000,6601330000
4000,GBB,5010,Z95,3050,6601342500,6601342500
4000,GBB,5010,ZBR,3000,6601060000,6601060000
4000,GBB,5010,ZBR,3050,6601060000,6601060000
4000,GBB,5020,AUF,3000,5002030000,5002030000
4000,GBB,5020,AUF,7921,5001030000,5001030000
4000,GBB,5020,AUI,3050,5001060000,5001060000
4000,GBB,5020,AUI,3400,6601140101,6601140101
4000,GBB,5020,AUI,3600,6601020000,6601020000
4000,GBB,5020,AUI,7921,5001030000,5001030000
4000,GBB,5020,BSA,3000,9999999999,9999999999
4000,GBB,5020,BSA,3040,9999999999,9999999999
4000,GBB,5020,BSA,3050,9999999999,9999999999
4000,GBB,5020,BSA,3400,9999999999,9999999999
4000,GBB,5020,BSA,7921,9999999999,9999999999
4000,GBB,5020,BSA,7924,9999999999,9999999999
4000,GBB,5020,INV,3000,1901010000,1901010000
4000,GBB,5020,INV,3040,1901010000,1901010000
4000,GBB,5020,INV,3050,1901010000,1901010000
4000,GBB,5020,INV,3400,1901010000,1901010000
4000,GBB,5020,INV,7921,1901010000,1901010000
4000,GBB,5020,INV,7924,1901010000,1901010000
4000,GBB,5020,VAX,3000,6402020000,6402020000
4000,GBB,5020,VAX,3040,6402020000,6402020000
4000,GBB,5020,VAX,3050,6402020000,6402020000
4000,GBB,5020,VAX,3400,6402020000,6402020000
4000,GBB,5020,VAX,7921,6401000000,6401000000
4000,GBB,5020,VAX,7924,6402020000,6402020000
4000,GBB,5020,VAY,3000,6402020000,6402020000
4000,GBB,5020,VAY,3040,6402020000,6402020000
4000,GBB,5020,VAY,3050,6402020000,6402020000
4000,GBB,5020,VAY,3400,6402020000,6402020000
4000,GBB,5020,VAY,7921,6401000000,6401000000
4000,GBB,5020,VAY,7924,6402020000,6402020000
4000,GBB,5020,VBO,3000,1408010000,1408010000
4000,GBB,5020,VBO,3040,1408010000,1408010000
4000,GBB,5020,VBR,3000,5001010000,5001010000
4000,GBB,5020,VBR,3040,5001020000,5001020000
4000,GBB,5020,VBR,3050,5001060000,5001060000
4000,GBB,5020,VBR,3400,5001020000,5001020000
4000,GBB,5020,VBR,3600,6601020000,6601020000
4000,GBB,5020,VBR,7921,5001030000,5001030000
4000,GBB,5020,VBR,7924,5001030000,5001030000
4000,GBB,5020,VNG,3000,1901010000,1901010000
4000,GBB,5020,VNG,3040,1901010000,1901010000
4000,GBB,5020,VNG,3050,1901010000,1901010000
4000,GBB,5020,VNG,3400,1901010000,1901010000
4000,GBB,5020,VNG,7921,1901010000,1901010000
4000,GBB,5020,Z01,3000,6601140106,6601140106
4000,GBB,5020,Z01,3040,6601060000,6601060000
4000,GBB,5020,Z01,3050,6601140101,6601140101
4000,GBB,5020,Z01,3400,6601140101,6601140101
4000,GBB,5020,Z01,7921,6601140106,6601140106
4000,GBB,5020,Z01,7924,6601140106,6601140106
4000,GBB,5020,Z03,7921,6601250000,6601250000
4000,GBB,5020,Z05,3000,6601330000,6601330000
4000,GBB,5020,Z05,3040,6601330000,6601330000
4000,GBB,5020,Z05,3050,6601330000,6601330000
4000,GBB,5020,Z05,7921,6601330000,6601330000
4000,GBB,5020,Z07,3000,6601340100,6601340100
4000,GBB,5020,Z07,3040,6601340100,6601340100
4000,GBB,5020,Z07,3050,6601341500,6601341500
4000,GBB,5020,Z07,7921,6601340100,6601340100
4000,GBB,5020,Z09,7921,6601120000,6601120000
4000,GBB,5020,Z11,7921,6601140103,6601140103
4000,GBB,5020,Z13,3050,6601010200,6601010200
4000,GBB,5020,Z13,3400,6601010200,6601010200
4000,GBB,5020,Z13,7921,6601010200,6601010200
4000,GBB,5020,Z15,3040,6601060000,6601060000
4000,GBB,5020,Z15,3050,6601140101,6601140101
4000,GBB,5020,Z15,3400,6601140101,6601140101
4000,GBB,5020,Z15,7924,6601140101,6601140101
4000,GBB,5020,Z17,3400,6601100200,6601100200
4000,GBB,5020,Z17,7921,6601100200,6601100200
4000,GBB,5020,Z17,7924,6601100200,6601100200
4000,GBB,5020,Z19,3040,6601030000,6601030000
4000,GBB,5020,Z19,3050,6601030000,6601030000
4000,GBB,5020,Z21,3050,6601230000,6601230000
4000,GBB,5020,Z23,3040,6601060000,6601060000
4000,GBB,5020,Z23,3050,6601060000,6601060000
4000,GBB,5020,Z23,3400,6601060000,6601060000
4000,GBB,5020,Z25,3050,6601410000,6601410000
4000,GBB,5020,Z27,7921,6711060000,6711060000
4000,GBB,5020,Z29,7921,6601140105,6601140105
4000,GBB,5020,Z33,3000,6601060000,6601060000
4000,GBB,5020,Z33,3040,6601060000,6601060000
4000,GBB,5020,Z35,3050,6601080101,6601080101
4000,GBB,5020,Z37,3040,6402020000,6402020000
4000,GBB,5020,Z37,3050,6402020000,6402020000
4000,GBB,5020,Z39,7921,6601120000,6601120000
4000,GBB,5020,Z41,7921,6601110000,6601110000
4000,GBB,5020,Z45,3050,6601080105,6601080105
4000,GBB,5020,Z47,3050,6601160500,6601160500
4000,GBB,5020,Z49,7921,6601140103,6601140103
4000,GBB,5020,Z51,7921,1406000000,1406000000
4000,GBB,5020,Z53,3400,6601140106,6601140106
4000,GBB,5020,Z53,7921,6601140106,6601140106
4000,GBB,5020,Z69,3000,6402990000,6402990000
4000,GBB,5020,Z69,3040,6402990000,6402990000
4000,GBB,5020,Z71,3000,6601330000,6601330000
4000,GBB,5020,Z71,3040,6601330000,6601330000
4000,GBB,5020,Z77,3040,6601060000,6601060000
4000,GBB,5020,Z79,3040,6601060000,6601060000
4000,GBB,5020,Z95,3050,6601342500,6601342500
4000,GBB,5020,ZBR,3000,6601060000,6601060000
4000,GBB,5020,ZBR,3040,6601060000,6601060000
4000,GBB,5020,ZBR,3050,6601060000,6601060000
4000,GBB,5030,AUF,7921,5001030000,5001030000
4000,GBB,5030,AUI,3050,5001060000,5001060000
4000,GBB,5030,AUI,3400,6601140101,6601140101
4000,GBB,5030,AUI,3600,6601020000,6601020000
4000,GBB,5030,AUI,7921,5001030000,5001030000
4000,GBB,5030,BSA,3050,9999999999,9999999999
4000,GBB,5030,BSA,3400,9999999999,9999999999
4000,GBB,5030,BSA,7921,9999999999,9999999999
4000,GBB,5030,BSA,7924,9999999999,9999999999
4000,GBB,5030,INV,3050,1901010000,1901010000
4000,GBB,5030,INV,3400,1901010000,1901010000
4000,GBB,5030,INV,7921,1901010000,1901010000
4000,GBB,5030,INV,7924,1901010000,1901010000
4000,GBB,5030,VAX,3050,6402020000,6402020000
4000,GBB,5030,VAX,3400,6402020000,6402020000
4000,GBB,5030,VAX,7921,6401000000,6401000000
4000,GBB,5030,VAX,7924,6402020000,6402020000
4000,GBB,5030,VAY,3050,6402020000,6402020000
4000,GBB,5030,VAY,3400,6402020000,6402020000
4000,GBB,5030,VAY,7921,6401000000,6401000000
4000,GBB,5030,VAY,7924,6402020000,6402020000
4000,GBB,5030,VBR,3050,5001060000,5001060000
4000,GBB,5030,VBR,3400,5001020000,5001020000
4000,GBB,5030,VBR,3600,6601020000,6601020000
4000,GBB,5030,VBR,7921,5001030000,5001030000
4000,GBB,5030,VBR,7924,5001030000,5001030000
4000,GBB,5030,VNG,3050,1901010000,1901010000
4000,GBB,5030,VNG,3400,1901010000,1901010000
4000,GBB,5030,VNG,7921,1901010000,1901010000
4000,GBB,5030,Z01,3050,6601140101,6601140101
4000,GBB,5030,Z01,3400,6601140101,6601140101
4000,GBB,5030,Z01,7921,6601140106,6601140106
4000,GBB,5030,Z01,7924,6601140106,6601140106
4000,GBB,5030,Z03,7921,6601250000,6601250000
4000,GBB,5030,Z05,3050,6601330000,6601330000
4000,GBB,5030,Z05,7921,6601330000,6601330000
4000,GBB,5030,Z07,3050,6601341500,6601341500
4000,GBB,5030,Z07,7921,6601340100,6601340100
4000,GBB,5030,Z09,7921,6601120000,6601120000
4000,GBB,5030,Z11,7921,6601140103,6601140103
4000,GBB,5030,Z13,3050,6601010200,6601010200
4000,GBB,5030,Z13,3400,6601010200,6601010200
4000,GBB,5030,Z13,7921,6601010200,6601010200
4000,GBB,5030,Z15,3050,6601140101,6601140101
4000,GBB,5030,Z15,3400,6601140101,6601140101
4000,GBB,5030,Z15,7924,6601140101,6601140101
4000,GBB,5030,Z17,3400,6601100200,6601100200
4000,GBB,5030,Z17,7921,6601100200,6601100200
4000,GBB,5030,Z17,7924,6601100200,6601100200
4000,GBB,5030,Z19,3050,6601030000,6601030000
4000,GBB,5030,Z21,3050,6601230000,6601230000
4000,GBB,5030,Z23,3050,6601060000,6601060000
4000,GBB,5030,Z23,3400,6601060000,6601060000
4000,GBB,5030,Z25,3050,6601410000,6601410000
4000,GBB,5030,Z27,7921,6711060000,6711060000
4000,GBB,5030,Z29,7921,6601140105,6601140105
4000,GBB,5030,Z35,3050,6601080101,6601080101
4000,GBB,5030,Z37,3050,6402020000,6402020000
4000,GBB,5030,Z39,7921,6601120000,6601120000
4000,GBB,5030,Z41,7921,6601110000,6601110000
4000,GBB,5030,Z45,3050,6601080105,6601080105
4000,GBB,5030,Z47,3050,6601160500,6601160500
4000,GBB,5030,Z49,7921,6601140103,6601140103
4000,GBB,5030,Z51,7921,1406000000,1406000000
4000,GBB,5030,Z53,3400,6601140106,6601140106
4000,GBB,5030,Z53,7921,6601140106,6601140106
4000,GBB,5030,Z95,3050,6601342500,6601342500
4000,GBB,5030,ZBR,3050,6601060000,6601060000
4000,GBB,5050,AUF,7900,5001040000,5001040000
4000,GBB,5050,AUF,7920,5001030000,5001030000
4000,GBB,5050,AUF,7921,5001030000,5001030000
4000,GBB,5050,AUF,7923,5001030000,5001030000
4000,GBB,5050,AUF,7925,5001030000,5001030000
4000,GBB,5050,AUF,7928,5001030000,5001030000
4000,GBB,5050,BSA,3000,9999999999,9999999999
4000,GBB,5050,BSA,3040,9999999999,9999999999
4000,GBB,5050,BSA,3050,9999999999,9999999999
4000,GBB,5050,BSA,3400,9999999999,9999999999
4000,GBB,5050,BSA,7900,9999999999,9999999999
4000,GBB,5050,BSA,7920,9999999999,9999999999
4000,GBB,5050,BSA,7921,9999999999,9999999999
4000,GBB,5050,BSA,7922,9999999999,9999999999
4000,GBB,5050,BSA,7924,9999999999,9999999999
4000,GBB,5050,BSA,7928,9999999999,9999999999
4000,GBB,5050,INV,3000,1901010000,1901010000
4000,GBB,5050,INV,3001,1901010000,1901010000
4000,GBB,5050,INV,3040,1901010000,1901010000
4000,GBB,5050,INV,3050,1901010000,1901010000
4000,GBB,5050,INV,3400,1901010000,1901010000
4000,GBB,5050,INV,7900,1901010000,1901010000
4000,GBB,5050,INV,7901,1901010000,1901010000
4000,GBB,5050,INV,7920,1901010000,1901010000
4000,GBB,5050,INV,7921,1901010000,1901010000
4000,GBB,5050,INV,7922,1901010000,1901010000
4000,GBB,5050,INV,7924,1901010000,1901010000
4000,GBB,5050,INV,7928,1901010000,1901010000
4000,GBB,5050,VAX,3000,6402020000,6402020000
4000,GBB,5050,VAX,3040,6402020000,6402020000
4000,GBB,5050,VAX,3050,6402020000,6402020000
4000,GBB,5050,VAX,3400,6402020000,6402020000
4000,GBB,5050,VAX,7900,6402020000,6402020000
4000,GBB,5050,VAX,7920,6401000000,6401000000
4000,GBB,5050,VAX,7921,6401000000,6401000000
4000,GBB,5050,VAX,7922,6401000000,6401000000
4000,GBB,5050,VAX,7923,6402080000,6402080000
4000,GBB,5050,VAX,7924,6401000000,6401000000
4000,GBB,5050,VAX,7928,6402090000,6402090000
4000,GBB,5050,VAY,3000,6402020000,6402020000
4000,GBB,5050,VAY,3040,6402020000,6402020000
4000,GBB,5050,VAY,3050,6402020000,6402020000
4000,GBB,5050,VAY,3400,6402020000,6402020000
4000,GBB,5050,VAY,7900,6402020000,6402020000
4000,GBB,5050,VAY,7920,6401000000,6401000000
4000,GBB,5050,VAY,7921,6401000000,6401000000
4000,GBB,5050,VAY,7922,6401000000,6401000000
4000,GBB,5050,VAY,7923,6402080000,6402080000
4000,GBB,5050,VAY,7924,6401000000,6401000000
4000,GBB,5050,VAY,7928,6402090000,6402090000
4000,GBB,5050,VBO,3000,1408010000,1408010000
4000,GBB,5050,VBO,3040,1408010000,1408010000
4000,GBB,5050,VBO,7923,1408010000,1408010000
4000,GBB,5050,VBR,3000,5001010000,5001010000
4000,GBB,5050,VBR,3001,5001070000,5001070000
4000,GBB,5050,VBR,3040,5001020000,5001020000
4000,GBB,5050,VBR,3400,5001020000,5001020000
4000,GBB,5050,VBR,3600,6601020000,6601020000
4000,GBB,5050,VBR,7900,5001040000,5001040000
4000,GBB,5050,VBR,7901,5001040000,5001040000
4000,GBB,5050,VBR,7920,5001030000,5001030000
4000,GBB,5050,VBR,7921,5001030000,5001030000
4000,GBB,5050,VBR,7923,5001030000,5001030000
4000,GBB,5050,VBR,7925,5001030000,5001030000
4000,GBB,5050,VBR,7927,5001010000,5001010000
4000,GBB,5050,VBR,7928,5001030000,5001030000
4000,GBB,5050,VNG,3000,1901010000,1901010000
4000,GBB,5050,VNG,3040,1901010000,1901010000
4000,GBB,5050,VNG,3050,1901010000,1901010000
4000,GBB,5050,VNG,3400,1901010000,1901010000
4000,GBB,5050,VNG,7900,1901010000,1901010000
4000,GBB,5050,VNG,7920,1901010000,1901010000
4000,GBB,5050,VNG,7921,1901010000,1901010000
4000,GBB,5050,VNG,7922,1901010000,1901010000
4000,GBB,5050,VNG,7924,1901010000,1901010000
4000,GBB,5050,VNG,7928,1901010000,1901010000
4000,GBB,5050,VQP,7928,6601330000,6601330000
4000,GBB,5050,VQY,7928,6601330000,6601330000
4000,GBB,5050,Z01,3040,6601060000,6601060000
4000,GBB,5050,Z01,3050,6601140101,6601140101
4000,GBB,5050,Z01,3400,6601140101,6601140101
4000,GBB,5050,Z01,7920,6601140106,6601140106
4000,GBB,5050,Z01,7921,6601140106,6601140106
4000,GBB,5050,Z01,7924,6601140106,6601140106
4000,GBB,5050,Z01,7928,6601140106,6601140106
4000,GBB,5050,Z03,7920,6601250000,6601250000
4000,GBB,5050,Z03,7921,6601250000,6601250000
4000,GBB,5050,Z03,7928,6601250000,6601250000
4000,GBB,5050,Z05,3000,6601330000,6601330000
4000,GBB,5050,Z05,3040,6601330000,6601330000
4000,GBB,5050,Z05,3050,6601330000,6601330000
4000,GBB,5050,Z05,7920,6601330000,6601330000
4000,GBB,5050,Z05,7921,6601330000,6601330000
4000,GBB,5050,Z05,7923,6601330000,6601330000
4000,GBB,5050,Z05,7928,6601330000,6601330000
4000,GBB,5050,Z07,3000,6601340100,6601340100
4000,GBB,5050,Z07,3040,6601340100,6601340100
4000,GBB,5050,Z07,7920,6601340100,6601340100
4000,GBB,5050,Z07,7928,6601340100,6601340100
4000,GBB,5050,Z09,7920,6601120000,6601120000
4000,GBB,5050,Z09,7921,6601120000,6601120000
4000,GBB,5050,Z09,7928,6601120000,6601120000
4000,GBB,5050,Z11,7920,6601140103,6601140103
4000,GBB,5050,Z11,7921,6601140103,6601140103
4000,GBB,5050,Z11,7928,6601140103,6601140103
4000,GBB,5050,Z13,7920,6601010200,6601010200
4000,GBB,5050,Z13,7921,6601010200,6601010200
4000,GBB,5050,Z13,7928,6601010200,6601010200
4000,GBB,5050,Z15,3040,6601060000,6601060000
4000,GBB,5050,Z15,3050,6601140101,6601140101
4000,GBB,5050,Z15,3400,6601140101,6601140101
4000,GBB,5050,Z17,3400,6601100200,6601100200
4000,GBB,5050,Z17,7921,6601100200,6601100200
4000,GBB,5050,Z17,7928,6601100200,6601100200
4000,GBB,5050,Z21,3050,6601230000,6601230000
4000,GBB,5050,Z23,3040,6601060000,6601060000
4000,GBB,5050,Z23,3050,6601060000,6601060000
4000,GBB,5050,Z23,3400,6601060000,6601060000
4000,GBB,5050,Z27,7921,6711060000,6711060000
4000,GBB,5050,Z27,7928,6711060000,6711060000
4000,GBB,5050,Z29,7921,6601140105,6601140105
4000,GBB,5050,Z29,7928,6601140105,6601140105
4000,GBB,5050,Z35,3050,6601080101,6601080101
4000,GBB,5050,Z39,7921,6601120000,6601120000
4000,GBB,5050,Z39,7927,6601120000,6601120000
4000,GBB,5050,Z39,7928,6601120000,6601120000
4000,GBB,5050,Z41,7920,6601110000,6601110000
4000,GBB,5050,Z41,7921,6601110000,6601110000
4000,GBB,5050,Z41,7922,6601110000,6601110000
4000,GBB,5050,Z41,7924,6601110000,6601110000
4000,GBB,5050,Z41,7928,6601110000,6601110000
4000,GBB,5050,Z45,3050,6601080105,6601080105
4000,GBB,5050,Z47,3050,6601160500,6601160500
4000,GBB,5050,Z49,7920,6601140103,6601140103
4000,GBB,5050,Z49,7921,6601140103,6601140103
4000,GBB,5050,Z49,7928,6601140103,6601140103
4000,GBB,5050,Z53,7921,6601140106,6601140106
4000,GBB,5050,Z53,7928,6601140106,6601140106
4000,GBB,5050,Z55,3050,6601160100,6601160100
4000,GBB,5050,Z65,7928,6402990000,6402990000
4000,GBB,5050,Z69,3000,6402990000,6402990000
4000,GBB,5050,Z69,3040,6402990000,6402990000
4000,GBB,5050,Z69,3050,6402990000,6402990000
4000,GBB,5050,Z69,3400,6402990000,6402990000
4000,GBB,5050,Z69,7928,6402990000,6402990000
4000,GBB,5050,Z71,7928,6601330000,6601330000
4000,GBB,5050,Z73,3050,6601060000,6601060000
4000,GBB,5050,Z75,3050,6601060000,6601060000
4000,GBB,5050,Z77,3050,6601060000,6601060000
4000,GBB,5050,Z81,3050,6601060000,6601060000
4000,GBB,5050,Z83,3050,6601030000,6601030000
4000,GBB,5050,Z89,3050,6601030000,6601030000
4000,GBB,5050,Z93,7921,6711090000,6711090000
4000,GBB,5050,Z93,7928,6711090000,6711090000
4000,GBB,5050,Z95,3050,6601342500,6601342500
4000,GBB,5050,ZBR,3050,6601060000,6601060000
4000,GBB,5060,AUF,3000,5002030000,5002030000
4000,GBB,5060,AUF,7920,5002030000,5002030000
4000,GBB,5060,AUI,3600,6601020000,6601020000
4000,GBB,5060,BSA,3000,9999999999,9999999999
4000,GBB,5060,BSA,3050,9999999999,9999999999
4000,GBB,5060,BSA,3400,9999999999,9999999999
4000,GBB,5060,BSA,7920,9999999999,9999999999
4000,GBB,5060,INV,3000,1901010000,1901010000
4000,GBB,5060,INV,3050,1901010000,1901010000
4000,GBB,5060,INV,3400,1901010000,1901010000
4000,GBB,5060,INV,7920,1901010000,1901010000
4000,GBB,5060,VAX,3000,6401000000,6401000000
4000,GBB,5060,VAX,3050,6401000000,6401000000
4000,GBB,5060,VAX,3400,6401000000,6401000000
4000,GBB,5060,VAX,7920,6401000000,6401000000
4000,GBB,5060,VAY,3000,6401000000,6401000000
4000,GBB,5060,VAY,3050,6401000000,6401000000
4000,GBB,5060,VAY,3400,6401000000,6401000000
4000,GBB,5060,VAY,7920,6401000000,6401000000
4000,GBB,5060,VBR,3600,6601020000,6601020000
4000,GBB,5060,VBR,7920,5002010000,5002010000
4000,GBB,5060,VNG,3000,1901010000,1901010000
4000,GBB,5060,VNG,3050,1901010000,1901010000
4000,GBB,5060,VNG,3400,1901010000,1901010000
4000,GBB,5060,VNG,7920,1901010000,1901010000
4000,GBB,5060,Z01,7920,6601140106,6601140106
4000,GBB,5060,Z03,7920,6601250000,6601250000
4000,GBB,5060,Z07,3000,6601340100,6601340100
4000,GBB,5060,Z07,3040,6601340100,6601340100
4000,GBB,5060,Z07,3050,6601341500,6601341500
4000,GBB,5060,Z07,7900,6601340100,6601340100
4000,GBB,5060,Z07,7920,6601340100,6601340100
4000,GBB,5060,Z07,7921,6601340100,6601340100
4000,GBB,5060,Z07,7924,6601340100,6601340100
4000,GBB,5060,Z07,7928,6601340100,6601340100
4000,GBB,5060,Z13,7920,6601010200,6601010200
4000,GBB,5060,Z19,3000,6601030000,6601030000
4000,GBB,5060,Z19,3050,6601030000,6601030000
4000,GBB,5060,Z19,3400,6601030000,6601030000
4000,GBB,5060,Z21,3050,6601230000,6601230000
4000,GBB,5060,Z21,3400,6601230000,6601230000
4000,GBB,5060,Z23,3050,6601060000,6601060000
4000,GBB,5060,Z23,3400,6601060000,6601060000
4000,GBB,5060,Z37,3050,6402020000,6402020000
4000,GBB,5060,Z37,3400,6402020000,6402020000
4000,GBB,5060,Z59,3050,6601230000,6601230000
4000,GBB,5060,Z59,3400,6601230000,6601230000
4000,GBB,5060,Z63,3050,6601330000,6601330000
4000,GBB,5060,Z63,3400,6601330000,6601330000
4000,GBB,5060,Z65,7920,6402990000,6402990000
4000,GBB,5060,Z67,3050,6601410000,6601410000
4000,GBB,5060,Z67,3400,6601410000,6601410000
4000,GBB,5060,Z95,3050,6601342500,6601342500
4000,GBB,5060,ZBR,3000,5002010000,5002010000
4000,GBB,5060,ZBR,3050,6601060000,6601060000
4000,GBB,5060,ZBR,3400,6601060000,6601060000
4000,GBB,5060,ZBR,7920,5002010000,5002010000
4000,GBB,5080,AUF,7900,5001040000,5001040000
4000,GBB,5080,AUF,7920,5001030000,5001030000
4000,GBB,5080,BSA,3000,9999999999,9999999999
4000,GBB,5080,BSA,3040,9999999999,9999999999
4000,GBB,5080,BSA,3050,9999999999,9999999999
4000,GBB,5080,BSA,3400,9999999999,9999999999
4000,GBB,5080,BSA,3500,9999999999,9999999999
4000,GBB,5080,BSA,7900,9999999999,9999999999
4000,GBB,5080,BSA,7920,9999999999,9999999999
4000,GBB,5080,INV,3000,1901010000,1901010000
4000,GBB,5080,INV,3040,1901010000,1901010000
4000,GBB,5080,INV,3050,1901010000,1901010000
4000,GBB,5080,INV,3400,1901010000,1901010000
4000,GBB,5080,INV,3500,1901010000,1901010000
4000,GBB,5080,INV,7900,1901010000,1901010000
4000,GBB,5080,INV,7920,1901010000,1901010000
4000,GBB,5080,VAX,3000,6402020000,6402020000
4000,GBB,5080,VAX,3040,6402020000,6402020000
4000,GBB,5080,VAX,3050,6402020000,6402020000
4000,GBB,5080,VAX,7900,6402020000,6402020000
4000,GBB,5080,VAX,7920,6401000000,6401000000
4000,GBB,5080,VAX,7921,6401000000,6401000000
4000,GBB,5080,VAY,3000,6402020000,6402020000
4000,GBB,5080,VAY,3040,6402020000,6402020000
4000,GBB,5080,VAY,3050,6402020000,6402020000
4000,GBB,5080,VAY,7900,6402020000,6402020000
4000,GBB,5080,VAY,7920,6401000000,6401000000
4000,GBB,5080,VAY,7921,6401000000,6401000000
4000,GBB,5080,VBR,3000,5001010000,5001010000
4000,GBB,5080,VBR,3050,6601030000,6601030000
4000,GBB,5080,VBR,3500,5002040000,5002040000
4000,GBB,5080,VBR,3600,6601020000,6601020000
4000,GBB,5080,VBR,7920,5001030000,5001030000
4000,GBB,5080,VNG,3000,1901010000,1901010000
4000,GBB,5080,VNG,3040,1901010000,1901010000
4000,GBB,5080,VNG,3050,1901010000,1901010000
4000,GBB,5080,VNG,3400,1901010000,1901010000
4000,GBB,5080,VNG,3500,1901010000,1901010000
4000,GBB,5080,VNG,7900,1901010000,1901010000
4000,GBB,5080,VNG,7920,1901010000,1901010000
4000,GBB,5080,Z01,3000,6601140101,6601140101
4000,GBB,5080,Z01,3050,6601140101,6601140101
4000,GBB,5080,Z01,3400,6601140101,6601140101
4000,GBB,5080,Z01,7900,6601140106,6601140106
4000,GBB,5080,Z01,7920,6601140106,6601140106
4000,GBB,5080,Z07,3000,6601340100,6601340100
4000,GBB,5080,Z07,3040,6601340100,6601340100
4000,GBB,5080,Z07,3050,6601341500,6601341500
4000,GBB,5080,Z07,7900,6601340100,6601340100
4000,GBB,5080,Z07,7920,6601340100,6601340100
4000,GBB,5080,Z07,7921,6601340100,6601340100
4000,GBB,5080,Z07,7924,6601340100,6601340100
4000,GBB,5080,Z07,7928,6601340100,6601340100
4000,GBB,5080,Z0R,3000,6601330000,6601330000
4000,GBB,5080,Z0R,3040,6601060000,6601060000
4000,GBB,5080,Z0R,3400,6601140101,6601140101
4000,GBB,5080,Z17,7920,6601100200,6601100200
4000,GBB,5080,Z17,7921,6601100200,6601100200
4000,GBB,5080,Z19,3000,6601030000,6601030000
4000,GBB,5080,Z19,3050,6601030000,6601030000
4000,GBB,5080,Z21,3050,6601230000,6601230000
4000,GBB,5080,Z23,3000,6601060000,6601060000
4000,GBB,5080,Z23,3050,6601060000,6601060000
4000,GBB,5080,Z39,7920,6601120000,6601120000
4000,GBB,5080,Z39,7921,6601120000,6601120000
4000,GBB,5080,Z95,3050,6601342500,6601342500
4000,GBB,5080,ZBR,3000,5001010000,5001010000
4000,GBB,5080,ZBR,3040,5001020000,5001020000
4000,GBB,5080,ZBR,3050,5002040000,5002040000
4000,GBB,5080,ZBR,3500,5002040000,5002040000
4000,GBB,5080,ZBR,7900,5001040000,5001040000
4000,GBB,5080,ZBR,7920,5001030000,5001030000
4000,GBB,5140,AUF,7921,5001030000,5001030000
4000,GBB,5140,BSA,3400,9999999999,9999999999
4000,GBB,5140,BSA,3500,9999999999,9999999999
4000,GBB,5140,BSA,7920,9999999999,9999999999
4000,GBB,5140,BSA,7921,9999999999,9999999999
4000,GBB,5140,INV,3400,1901010000,1901010000
4000,GBB,5140,INV,3500,1901010000,1901010000
4000,GBB,5140,INV,7920,1901010000,1901010000
4000,GBB,5140,INV,7921,1901010000,1901010000
4000,GBB,5140,VAX,3400,6402020000,6402020000
4000,GBB,5140,VAX,7920,6401000000,6401000000
4000,GBB,5140,VAX,7921,6401000000,6401000000
4000,GBB,5140,VAY,3400,6402020000,6402020000
4000,GBB,5140,VAY,7920,6401000000,6401000000
4000,GBB,5140,VAY,7921,6401000000,6401000000
4000,GBB,5140,VBR,7921,5001030000,5001030000
4000,GBB,5140,VNG,3400,1901010000,1901010000
4000,GBB,5140,VNG,3500,1901010000,1901010000
4000,GBB,5140,VNG,7920,1901010000,1901010000
4000,GBB,5140,VNG,7921,1901010000,1901010000
4000,GBB,5140,Z01,3400,6601140101,6601140101
4000,GBB,5140,Z01,7921,6601140106,6601140106
4000,GBB,5140,Z03,7921,6601250000,6601250000
4000,GBB,5140,Z09,7921,6601120000,6601120000
4000,GBB,5140,Z11,7921,6601140103,6601140103
4000,GBB,5140,Z13,7921,6601010200,6601010200
4000,GBB,5140,Z15,3400,6601140101,6601140101
4000,GBB,5140,Z17,3400,6601100200,6601100200
4000,GBB,5140,Z17,7921,6601100200,6601100200
4000,GBB,5140,Z27,7921,6711060000,6711060000
4000,GBB,5140,Z39,7921,6601120000,6601120000
4000,GBB,5140,Z41,7921,6601110000,6601110000
4000,GBB,5140,Z49,7921,6601140103,6601140103
4000,PRD,4000,nan,3400,1403999999,1403999999
4000,PRD,4000,PRA,3400,1403999999,1403999999
4000,PRD,4000,PRF,3400,1403999999,1403999999
4000,PRD,4010,nan,3000,1403999999,1403999999
4000,PRD,4010,nan,3040,1403999999,1403999999
4000,PRD,4010,nan,3050,1403999999,1403999999
4000,PRD,4010,nan,3400,1403999999,1403999999
4000,PRD,4010,nan,3500,1403999999,1403999999
4000,PRD,4010,nan,7900,1407999999,1407999999
4000,PRD,4010,nan,7901,1407999999,1407999999
4000,PRD,4010,nan,7920,1405999999,1405999999
4000,PRD,4010,nan,7921,1405999999,1405999999
4000,PRD,4010,nan,7922,1405999999,1405999999
4000,PRD,4010,nan,7923,1405999999,1405999999
4000,PRD,4010,nan,7925,1405999999,1405999999
4000,PRD,4010,PRA,3000,1403999999,1403999999
4000,PRD,4010,PRA,3040,1403999999,1403999999
4000,PRD,4010,PRA,3050,1403999999,1403999999
4000,PRD,4010,PRA,3400,1403999999,1403999999
4000,PRD,4010,PRA,3500,1403999999,1403999999
4000,PRD,4010,PRA,7900,1407999999,1407999999
4000,PRD,4010,PRA,7901,1407999999,1407999999
4000,PRD,4010,PRA,7920,1405999999,1405999999
4000,PRD,4010,PRA,7921,1405999999,1405999999
4000,PRD,4010,PRA,7922,1405999999,1405999999
4000,PRD,4010,PRA,7923,1405999999,1405999999
4000,PRD,4010,PRA,7925,1405999999,1405999999
4000,PRD,4010,PRF,3000,1403999999,1403999999
4000,PRD,4010,PRF,3040,1403999999,1403999999
4000,PRD,4010,PRF,3050,1403999999,1403999999
4000,PRD,4010,PRF,3400,1403999999,1403999999
4000,PRD,4010,PRF,3500,1403999999,1403999999
4000,PRD,4010,PRF,7900,1407999999,1407999999
4000,PRD,4010,PRF,7901,1407999999,1407999999
4000,PRD,4010,PRF,7920,1405999999,1405999999
4000,PRD,4010,PRF,7921,1405999999,1405999999
4000,PRD,4010,PRF,7922,1405999999,1405999999
4000,PRD,4010,PRF,7925,1405999999,1405999999
4000,PRD,4020,nan,3000,1403999999,1403999999
4000,PRD,4020,nan,3040,1403999999,1403999999
4000,PRD,4020,nan,3050,1403999999,1403999999
4000,PRD,4020,nan,3400,1403999999,1403999999
4000,PRD,4020,nan,3500,1403999999,1403999999
4000,PRD,4020,nan,7900,1407999999,1407999999
4000,PRD,4020,nan,7901,1407999999,1407999999
4000,PRD,4020,nan,7920,1405999999,1405999999
4000,PRD,4020,nan,7921,1405999999,1405999999
4000,PRD,4020,nan,7922,1405999999,1405999999
4000,PRD,4020,nan,7923,1405999999,1405999999
4000,PRD,4020,nan,7924,1405999999,1405999999
4000,PRD,4020,nan,7925,1405999999,1405999999
4000,PRD,4020,nan,7927,1403999999,1403999999
4000,PRD,4020,nan,7928,1405999999,1405999999
4000,PRD,4020,PRA,3000,1403999999,1403999999
4000,PRD,4020,PRA,3040,1403999999,1403999999
4000,PRD,4020,PRA,3050,1403999999,1403999999
4000,PRD,4020,PRA,3400,1403999999,1403999999
4000,PRD,4020,PRA,3500,1403999999,1403999999
4000,PRD,4020,PRA,7900,1407999999,1407999999
4000,PRD,4020,PRA,7901,1407999999,1407999999
4000,PRD,4020,PRA,7920,1405999999,1405999999
4000,PRD,4020,PRA,7921,1405999999,1405999999
4000,PRD,4020,PRA,7922,1405999999,1405999999
4000,PRD,4020,PRA,7923,1405999999,1405999999
4000,PRD,4020,PRA,7925,1405999999,1405999999
4000,PRD,4020,PRA,7927,1403999999,1403999999
4000,PRD,4020,PRA,7928,1405999999,1405999999
4000,PRD,4020,PRF,3000,1403999999,1403999999
4000,PRD,4020,PRF,3040,1403999999,1403999999
4000,PRD,4020,PRF,3050,1403999999,1403999999
4000,PRD,4020,PRF,3400,1403999999,1403999999
4000,PRD,4020,PRF,3500,1403999999,1403999999
4000,PRD,4020,PRF,7900,1407999999,1407999999
4000,PRD,4020,PRF,7901,1407999999,1407999999
4000,PRD,4020,PRF,7920,1405999999,1405999999
4000,PRD,4020,PRF,7921,1405999999,1405999999
4000,PRD,4020,PRF,7922,1405999999,1405999999
4000,PRD,4020,PRF,7923,1405999999,1405999999
4000,PRD,4020,PRF,7925,1405999999,1405999999
4000,PRD,4020,PRF,7927,1403999999,1403999999
4000,PRD,4020,PRF,7928,1405999999,1405999999
4000,PRD,4030,nan,3000,1403999999,1403999999
4000,PRD,4030,nan,3040,1403999999,1403999999
4000,PRD,4030,nan,3050,1403999999,1403999999
4000,PRD,4030,nan,3400,1403999999,1403999999
4000,PRD,4030,nan,3500,1403999999,1403999999
4000,PRD,4030,nan,7900,1407999999,1407999999
4000,PRD,4030,nan,7901,1407999999,1407999999
4000,PRD,4030,nan,7920,1405999999,1405999999
4000,PRD,4030,nan,7921,1405999999,1405999999
4000,PRD,4030,nan,7925,1405999999,1405999999
4000,PRD,4030,nan,7928,1405999999,1405999999
4000,PRD,4030,PRA,3000,1403999999,1403999999
4000,PRD,4030,PRA,3040,1403999999,1403999999
4000,PRD,4030,PRA,3050,1403999999,1403999999
4000,PRD,4030,PRA,3400,1403999999,1403999999
4000,PRD,4030,PRA,3500,1403999999,1403999999
4000,PRD,4030,PRA,7900,1407999999,1407999999
4000,PRD,4030,PRA,7901,1407999999,1407999999
4000,PRD,4030,PRA,7920,1405999999,1405999999
4000,PRD,4030,PRA,7921,1405999999,1405999999
4000,PRD,4030,PRA,7925,1405999999,1405999999
4000,PRD,4030,PRA,7928,1405999999,1405999999
4000,PRD,4030,PRF,3000,1403999999,1403999999
4000,PRD,4030,PRF,3040,1403999999,1403999999
4000,PRD,4030,PRF,3050,1403999999,1403999999
4000,PRD,4030,PRF,3400,1403999999,1403999999
4000,PRD,4030,PRF,3500,1403999999,1403999999
4000,PRD,4030,PRF,7900,1407999999,1407999999
4000,PRD,4030,PRF,7901,1407999999,1407999999
4000,PRD,4030,PRF,7920,1405999999,1405999999
4000,PRD,4030,PRF,7921,1405999999,1405999999
4000,PRD,4030,PRF,7925,1405999999,1405999999
4000,PRD,4030,PRF,7928,1405999999,1405999999
4000,PRD,4040,nan,3000,1403999999,1403999999
4000,PRD,4040,nan,3040,1403999999,1403999999
4000,PRD,4040,nan,3050,1403999999,1403999999
4000,PRD,4040,nan,3400,1403999999,1403999999
4000,PRD,4040,nan,3500,1403999999,1403999999
4000,PRD,4040,nan,7900,1407999999,1407999999
4000,PRD,4040,nan,7920,1405999999,1405999999
4000,PRD,4040,PRA,3000,1403999999,1403999999
4000,PRD,4040,PRA,3040,1403999999,1403999999
4000,PRD,4040,PRA,3050,1403999999,1403999999
4000,PRD,4040,PRA,3400,1403999999,1403999999
4000,PRD,4040,PRA,3500,1403999999,1403999999
4000,PRD,4040,PRA,7900,1407999999,1407999999
4000,PRD,4040,PRA,7920,1405999999,1405999999
4000,PRD,4040,PRF,3000,1403999999,1403999999
4000,PRD,4040,PRF,3040,1403999999,1403999999
4000,PRD,4040,PRF,3050,1403999999,1403999999
4000,PRD,4040,PRF,3400,1403999999,1403999999
4000,PRD,4040,PRF,3500,1403999999,1403999999
4000,PRD,4040,PRF,7900,1407999999,1407999999
4000,PRD,4040,PRF,7920,1405999999,1405999999
4000,PRD,4040,PRF,7926,1405999999,1405999999
4000,PRD,4050,nan,3000,1403999999,1403999999
4000,PRD,4050,nan,3040,1403999999,1403999999
4000,PRD,4050,nan,3050,1403999999,1403999999
4000,PRD,4050,nan,3400,1403999999,1403999999
4000,PRD,4050,nan,3500,1403999999,1403999999
4000,PRD,4050,nan,7901,1407999999,1407999999
4000,PRD,4050,nan,7921,1405999999,1405999999
4000,PRD,4050,PRA,3000,1403999999,1403999999
4000,PRD,4050,PRA,3040,1403999999,1403999999
4000,PRD,4050,PRA,3050,1403999999,1403999999
4000,PRD,4050,PRA,3400,1403999999,1403999999
4000,PRD,4050,PRA,3500,1403999999,1403999999
4000,PRD,4050,PRA,7901,1407999999,1407999999
4000,PRD,4050,PRA,7921,1405999999,1405999999
4000,PRD,4060,nan,3100,1405999999,1405999999
4000,PRD,4060,PRA,3100,1405999999,1405999999
4000,PRD,4070,nan,3040,1403999999,1403999999
4000,PRD,4070,nan,3400,1403999999,1403999999
4000,PRD,4070,nan,3401,1403999999,1403999999
4000,PRD,4070,nan,7921,1405999999,1405999999
4000,PRD,4070,nan,7922,1405999999,1405999999
4000,PRD,4070,PRA,3040,1403999999,1403999999
4000,PRD,4070,PRA,3400,1403999999,1403999999
4000,PRD,4070,PRA,3401,1403999999,1403999999
4000,PRD,4070,PRA,7921,1405999999,1405999999
4000,PRD,4070,PRF,3040,1403999999,1403999999
4000,PRD,4070,PRF,3400,1403999999,1403999999
4000,PRD,4070,PRF,3401,1403999999,1403999999
4000,PRD,4070,PRF,7921,1405999999,1405999999
4000,PRD,4090,nan,3000,1403999999,1403999999
4000,PRD,4090,nan,3050,1403999999,1403999999
4000,PRD,4090,nan,3500,1403999999,1403999999
4000,PRD,4090,nan,7920,1405999999,1405999999
4000,PRD,4090,PRA,3000,1403999999,1403999999
4000,PRD,4090,PRA,3050,1403999999,1403999999
4000,PRD,4090,PRA,3500,1403999999,1403999999
4000,PRD,4090,PRA,7920,1405999999,1405999999
4000,PRD,4090,PRF,3000,1403999999,1403999999
4000,PRD,4090,PRF,3050,1403999999,1403999999
4000,PRD,4090,PRF,3500,1403999999,1403999999
4000,PRD,4090,PRF,7920,1405999999,1405999999
4000,PRD,4090,PRF,7926,1405999999,1405999999
4000,PRD,4100,nan,3000,1403999999,1403999999
4000,PRD,4100,nan,3040,1403999999,1403999999
4000,PRD,4100,nan,3050,1403999999,1403999999
4000,PRD,4100,nan,3400,1403999999,1403999999
4000,PRD,4100,nan,3500,1403999999,1403999999
4000,PRD,4100,nan,7900,1407999999,1407999999
4000,PRD,4100,nan,7901,1407999999,1407999999
4000,PRD,4100,nan,7920,1405999999,1405999999
4000,PRD,4100,nan,7921,1405999999,1405999999
4000,PRD,4100,nan,7922,1405999999,1405999999
4000,PRD,4100,nan,7924,1405999999,1405999999
4000,PRD,4100,nan,7925,1405999999,1405999999
4000,PRD,4100,nan,7927,1403999999,1403999999
4000,PRD,4100,nan,7928,1405999999,1405999999
4000,PRD,4100,PRA,3000,1403999999,1403999999
4000,PRD,4100,PRA,3040,1403999999,1403999999
4000,PRD,4100,PRA,3050,1403999999,1403999999
4000,PRD,4100,PRA,3400,1403999999,1403999999
4000,PRD,4100,PRA,3500,1403999999,1403999999
4000,PRD,4100,PRA,7900,1407999999,1407999999
4000,PRD,4100,PRA,7901,1407999999,1407999999
4000,PRD,4100,PRA,7920,1405999999,1405999999
4000,PRD,4100,PRA,7921,1405999999,1405999999
4000,PRD,4100,PRA,7924,1405999999,1405999999
4000,PRD,4100,PRA,7925,1405999999,1405999999
4000,PRD,4100,PRA,7927,1403999999,1403999999
4000,PRD,4100,PRA,7928,1405999999,1405999999
4000,PRD,4100,PRF,3000,1403999999,1403999999
4000,PRD,4100,PRF,3040,1403999999,1403999999
4000,PRD,4100,PRF,3050,1403999999,1403999999
4000,PRD,4100,PRF,3400,1403999999,1403999999
4000,PRD,4100,PRF,3500,1403999999,1403999999
4000,PRD,4100,PRF,7900,1407999999,1407999999
4000,PRD,4100,PRF,7901,1407999999,1407999999
4000,PRD,4100,PRF,7920,1405999999,1405999999
4000,PRD,4100,PRF,7921,1405999999,1405999999
4000,PRD,4100,PRF,7924,1405999999,1405999999
4000,PRD,4100,PRF,7925,1405999999,1405999999
4000,PRD,4100,PRF,7927,1403999999,1403999999
4000,PRD,4100,PRF,7928,1405999999,1405999999
4000,PRD,4110,nan,3000,1403999999,1403999999
4000,PRD,4110,nan,3040,1403999999,1403999999
4000,PRD,4110,nan,3050,1403999999,1403999999
4000,PRD,4110,nan,3400,1403999999,1403999999
4000,PRD,4110,nan,3500,1403999999,1403999999
4000,PRD,4110,nan,7900,1407999999,1407999999
4000,PRD,4110,nan,7901,1407999999,1407999999
4000,PRD,4110,nan,7920,1405999999,1405999999
4000,PRD,4110,nan,7921,1405999999,1405999999
4000,PRD,4110,nan,7922,1405999999,1405999999
4000,PRD,4110,nan,7924,1405999999,1405999999
4000,PRD,4110,nan,7925,1405999999,1405999999
4000,PRD,4110,nan,7927,1403999999,1403999999
4000,PRD,4110,nan,7928,1405999999,1405999999
4000,PRD,4110,PRA,3000,1403999999,1403999999
4000,PRD,4110,PRA,3040,1403999999,1403999999
4000,PRD,4110,PRA,3050,1403999999,1403999999
4000,PRD,4110,PRA,3400,1403999999,1403999999
4000,PRD,4110,PRA,3500,1403999999,1403999999
4000,PRD,4110,PRA,7900,1407999999,1407999999
4000,PRD,4110,PRA,7901,1407999999,1407999999
4000,PRD,4110,PRA,7920,1405999999,1405999999
4000,PRD,4110,PRA,7921,1405999999,1405999999
4000,PRD,4110,PRA,7922,1405999999,1405999999
4000,PRD,4110,PRA,7923,1405999999,1405999999
4000,PRD,4110,PRA,7924,1405999999,1405999999
4000,PRD,4110,PRA,7925,1405999999,1405999999
4000,PRD,4110,PRA,7927,1403999999,1403999999
4000,PRD,4110,PRA,7928,1405999999,1405999999
4000,PRD,4110,PRF,3000,1403999999,1403999999
4000,PRD,4110,PRF,3040,1403999999,1403999999
4000,PRD,4110,PRF,3050,1403999999,1403999999
4000,PRD,4110,PRF,3400,1403999999,1403999999
4000,PRD,4110,PRF,3500,1403999999,1403999999
4000,PRD,4110,PRF,7900,1407999999,1407999999
4000,PRD,4110,PRF,7901,1407999999,1407999999
4000,PRD,4110,PRF,7920,1405999999,1405999999
4000,PRD,4110,PRF,7921,1405999999,1405999999
4000,PRD,4110,PRF,7922,1405999999,1405999999
4000,PRD,4110,PRF,7923,1405999999,1405999999
4000,PRD,4110,PRF,7924,1405999999,1405999999
4000,PRD,4110,PRF,7925,1405999999,1405999999
4000,PRD,4110,PRF,7927,1403999999,1403999999
4000,PRD,4110,PRF,7928,1405999999,1405999999
4000,PRD,4120,nan,3000,1403999999,1403999999
4000,PRD,4120,nan,3040,1403999999,1403999999
4000,PRD,4120,nan,3050,1403999999,1403999999
4000,PRD,4120,nan,3400,1403999999,1403999999
4000,PRD,4120,nan,3500,1403999999,1403999999
4000,PRD,4120,nan,7900,1407999999,1407999999
4000,PRD,4120,nan,7901,1407999999,1407999999
4000,PRD,4120,nan,7920,1405999999,1405999999
4000,PRD,4120,nan,7921,1405999999,1405999999
4000,PRD,4120,nan,7922,1405999999,1405999999
4000,PRD,4120,nan,7923,1405999999,1405999999
4000,PRD,4120,nan,7924,1405999999,1405999999
4000,PRD,4120,nan,7925,1405999999,1405999999
4000,PRD,4120,nan,7927,1403999999,1403999999
4000,PRD,4120,nan,7928,1405999999,1405999999
4000,PRD,4120,PRA,3000,1403999999,1403999999
4000,PRD,4120,PRA,3040,1403999999,1403999999
4000,PRD,4120,PRA,3050,1403999999,1403999999
4000,PRD,4120,PRA,3400,1403999999,1403999999
4000,PRD,4120,PRA,3500,1403999999,1403999999
4000,PRD,4120,PRA,7900,1407999999,1407999999
4000,PRD,4120,PRA,7901,1407999999,1407999999
4000,PRD,4120,PRA,7920,1405999999,1405999999
4000,PRD,4120,PRA,7921,1405999999,1405999999
4000,PRD,4120,PRA,7922,1405999999,1405999999
4000,PRD,4120,PRA,7923,1405999999,1405999999
4000,PRD,4120,PRA,7924,1405999999,1405999999
4000,PRD,4120,PRA,7925,1405999999,1405999999
4000,PRD,4120,PRA,7927,1403999999,1403999999
4000,PRD,4120,PRA,7928,1405999999,1405999999
4000,PRD,4120,PRF,3000,1403999999,1403999999
4000,PRD,4120,PRF,3040,1403999999,1403999999
4000,PRD,4120,PRF,3050,1403999999,1403999999
4000,PRD,4120,PRF,3400,1403999999,1403999999
4000,PRD,4120,PRF,3500,1403999999,1403999999
4000,PRD,4120,PRF,7900,1407999999,1407999999
4000,PRD,4120,PRF,7901,1407999999,1407999999
4000,PRD,4120,PRF,7920,1405999999,1405999999
4000,PRD,4120,PRF,7921,1405999999,1405999999
4000,PRD,4120,PRF,7922,1405999999,1405999999
4000,PRD,4120,PRF,7923,1405999999,1405999999
4000,PRD,4120,PRF,7924,1405999999,1405999999
4000,PRD,4120,PRF,7925,1405999999,1405999999
4000,PRD,4120,PRF,7927,1403999999,1403999999
4000,PRD,4120,PRF,7928,1405999999,1405999999
4000,PRD,4130,nan,3000,1403999999,1403999999
4000,PRD,4130,nan,3040,1403999999,1403999999
4000,PRD,4130,nan,3050,1403999999,1403999999
4000,PRD,4130,nan,3400,1403999999,1403999999
4000,PRD,4130,nan,3500,1403999999,1403999999
4000,PRD,4130,nan,7900,1407999999,1407999999
4000,PRD,4130,nan,7901,1407999999,1407999999
4000,PRD,4130,nan,7920,1405999999,1405999999
4000,PRD,4130,nan,7921,1405999999,1405999999
4000,PRD,4130,nan,7922,1405999999,1405999999
4000,PRD,4130,nan,7924,1405999999,1405999999
4000,PRD,4130,nan,7925,1405999999,1405999999
4000,PRD,4130,nan,7927,1403999999,1403999999
4000,PRD,4130,nan,7928,1405999999,1405999999
4000,PRD,4130,PRA,3000,1403999999,1403999999
4000,PRD,4130,PRA,3040,1403999999,1403999999
4000,PRD,4130,PRA,3050,1403999999,1403999999
4000,PRD,4130,PRA,3400,1403999999,1403999999
4000,PRD,4130,PRA,3500,1403999999,1403999999
4000,PRD,4130,PRA,7900,1407999999,1407999999
4000,PRD,4130,PRA,7901,1407999999,1407999999
4000,PRD,4130,PRA,7920,1405999999,1405999999
4000,PRD,4130,PRA,7921,1405999999,1405999999
4000,PRD,4130,PRA,7922,1405999999,1405999999
4000,PRD,4130,PRA,7923,1405999999,1405999999
4000,PRD,4130,PRA,7924,1405999999,1405999999
4000,PRD,4130,PRA,7925,1405999999,1405999999
4000,PRD,4130,PRA,7927,1403999999,1403999999
4000,PRD,4130,PRA,7928,1405999999,1405999999
4000,PRD,4130,PRF,3000,1403999999,1403999999
4000,PRD,4130,PRF,3040,1403999999,1403999999
4000,PRD,4130,PRF,3050,1403999999,1403999999
4000,PRD,4130,PRF,3400,1403999999,1403999999
4000,PRD,4130,PRF,3500,1403999999,1403999999
4000,PRD,4130,PRF,7900,1407999999,1407999999
4000,PRD,4130,PRF,7901,1407999999,1407999999
4000,PRD,4130,PRF,7920,1405999999,1405999999
4000,PRD,4130,PRF,7921,1405999999,1405999999
4000,PRD,4130,PRF,7922,1405999999,1405999999
4000,PRD,4130,PRF,7923,1405999999,1405999999
4000,PRD,4130,PRF,7924,1405999999,1405999999
4000,PRD,4130,PRF,7925,1405999999,1405999999
4000,PRD,4130,PRF,7927,1403999999,1403999999
4000,PRD,4130,PRF,7928,1405999999,1405999999
4000,PRD,4140,nan,3000,1403999999,1403999999
4000,PRD,4140,nan,3040,1403999999,1403999999
4000,PRD,4140,nan,3050,1403999999,1403999999
4000,PRD,4140,nan,3400,1403999999,1403999999
4000,PRD,4140,nan,3500,1403999999,1403999999
4000,PRD,4140,nan,7900,1407999999,1407999999
4000,PRD,4140,nan,7901,1407999999,1407999999
4000,PRD,4140,nan,7920,1405999999,1405999999
4000,PRD,4140,nan,7921,1405999999,1405999999
4000,PRD,4140,nan,7928,1405999999,1405999999
4000,PRD,4140,PRA,3000,1403999999,1403999999
4000,PRD,4140,PRA,3040,1403999999,1403999999
4000,PRD,4140,PRA,3050,1403999999,1403999999
4000,PRD,4140,PRA,3400,1403999999,1403999999
4000,PRD,4140,PRA,3500,1403999999,1403999999
4000,PRD,4140,PRA,7900,1407999999,1407999999
4000,PRD,4140,PRA,7901,1407999999,1407999999
4000,PRD,4140,PRA,7920,1405999999,1405999999
4000,PRD,4140,PRA,7921,1405999999,1405999999
4000,PRD,4140,PRA,7928,1405999999,1405999999
4000,PRD,4140,PRF,3000,1403999999,1403999999
4000,PRD,4140,PRF,3040,1403999999,1403999999
4000,PRD,4140,PRF,3050,1403999999,1403999999
4000,PRD,4140,PRF,3400,1403999999,1403999999
4000,PRD,4140,PRF,3500,1403999999,1403999999
4000,PRD,4140,PRF,7900,1407999999,1407999999
4000,PRD,4140,PRF,7901,1407999999,1407999999
4000,PRD,4140,PRF,7920,1405999999,1405999999
4000,PRD,4140,PRF,7921,1405999999,1405999999
4000,PRD,4140,PRF,7928,1405999999,1405999999
4000,PRD,4150,nan,3000,1403999999,1403999999
4000,PRD,4150,nan,3040,1403999999,1403999999
4000,PRD,4150,nan,3050,1403999999,1403999999
4000,PRD,4150,nan,3400,1403999999,1403999999
4000,PRD,4150,nan,3500,1403999999,1403999999
4000,PRD,4150,nan,7900,1407999999,1407999999
4000,PRD,4150,nan,7901,1407999999,1407999999
4000,PRD,4150,nan,7920,1405999999,1405999999
4000,PRD,4150,nan,7921,1405999999,1405999999
4000,PRD,4150,nan,7922,1405999999,1405999999
4000,PRD,4150,nan,7923,1405999999,1405999999
4000,PRD,4150,nan,7924,1405999999,1405999999
4000,PRD,4150,nan,7925,1405999999,1405999999
4000,PRD,4150,nan,7927,1403999999,1403999999
4000,PRD,4150,nan,7928,1405999999,1405999999
4000,PRD,4150,PRA,3000,1403999999,1403999999
4000,PRD,4150,PRA,3040,1403999999,1403999999
4000,PRD,4150,PRA,3050,1403999999,1403999999
4000,PRD,4150,PRA,3400,1403999999,1403999999
4000,PRD,4150,PRA,3500,1403999999,1403999999
4000,PRD,4150,PRA,7900,1407999999,1407999999
4000,PRD,4150,PRA,7901,1407999999,1407999999
4000,PRD,4150,PRA,7920,1405999999,1405999999
4000,PRD,4150,PRA,7921,1405999999,1405999999
4000,PRD,4150,PRA,7922,1405999999,1405999999
4000,PRD,4150,PRA,7923,1405999999,1405999999
4000,PRD,4150,PRA,7924,1405999999,1405999999
4000,PRD,4150,PRA,7925,1405999999,1405999999
4000,PRD,4150,PRA,7927,1403999999,1403999999
4000,PRD,4150,PRA,7928,1405999999,1405999999
4000,PRD,4150,PRF,3000,1403999999,1403999999
4000,PRD,4150,PRF,3040,1403999999,1403999999
4000,PRD,4150,PRF,3050,1403999999,1403999999
4000,PRD,4150,PRF,3400,1403999999,1403999999
4000,PRD,4150,PRF,3500,1403999999,1403999999
4000,PRD,4150,PRF,7900,1407999999,1407999999
4000,PRD,4150,PRF,7901,1407999999,1407999999
4000,PRD,4150,PRF,7920,1405999999,1405999999
4000,PRD,4150,PRF,7921,1405999999,1405999999
4000,PRD,4150,PRF,7922,1405999999,1405999999
4000,PRD,4150,PRF,7923,1405999999,1405999999
4000,PRD,4150,PRF,7924,1405999999,1405999999
4000,PRD,4150,PRF,7925,1405999999,1405999999
4000,PRD,4150,PRF,7927,1403999999,1403999999
4000,PRD,4150,PRF,7928,1405999999,1405999999
4000,PRD,4170,nan,3000,1403999999,1403999999
4000,PRD,4170,nan,3040,1403999999,1403999999
4000,PRD,4170,nan,3050,1403999999,1403999999
4000,PRD,4170,nan,3400,1403999999,1403999999
4000,PRD,4170,nan,3500,1403999999,1403999999
4000,PRD,4170,nan,7900,1407999999,1407999999
4000,PRD,4170,nan,7901,1407999999,1407999999
4000,PRD,4170,nan,7920,1405999999,1405999999
4000,PRD,4170,nan,7921,1405999999,1405999999
4000,PRD,4170,nan,7924,1405999999,1405999999
4000,PRD,4170,nan,7928,1405999999,1405999999
4000,PRD,4170,PRA,3000,1403999999,1403999999
4000,PRD,4170,PRA,3040,1403999999,1403999999
4000,PRD,4170,PRA,3050,1403999999,1403999999
4000,PRD,4170,PRA,3400,1403999999,1403999999
4000,PRD,4170,PRA,3500,1403999999,1403999999
4000,PRD,4170,PRA,7900,1407999999,1407999999
4000,PRD,4170,PRA,7901,1407999999,1407999999
4000,PRD,4170,PRA,7920,1405999999,1405999999
4000,PRD,4170,PRA,7921,1405999999,1405999999
4000,PRD,4170,PRA,7924,1405999999,1405999999
4000,PRD,4170,PRA,7928,1405999999,1405999999
4000,PRD,4170,PRF,3000,1403999999,1403999999
4000,PRD,4170,PRF,3040,1403999999,1403999999
4000,PRD,4170,PRF,3050,1403999999,1403999999
4000,PRD,4170,PRF,3400,1403999999,1403999999
4000,PRD,4170,PRF,3500,1403999999,1403999999
4000,PRD,4170,PRF,7900,1407999999,1407999999
4000,PRD,4170,PRF,7901,1407999999,1407999999
4000,PRD,4170,PRF,7920,1405999999,1405999999
4000,PRD,4170,PRF,7921,1405999999,1405999999
4000,PRD,4170,PRF,7924,1405999999,1405999999
4000,PRD,4170,PRF,7928,1405999999,1405999999
4000,PRD,4180,nan,3000,1403999999,1403999999
4000,PRD,4180,nan,3040,1403999999,1403999999
4000,PRD,4180,nan,3050,1403999999,1403999999
4000,PRD,4180,nan,3400,1403999999,1403999999
4000,PRD,4180,nan,3500,1403999999,1403999999
4000,PRD,4180,nan,7900,1407999999,1407999999
4000,PRD,4180,nan,7901,1407999999,1407999999
4000,PRD,4180,nan,7920,1405999999,1405999999
4000,PRD,4180,nan,7921,1405999999,1405999999
4000,PRD,4180,nan,7922,1405999999,1405999999
4000,PRD,4180,nan,7923,1405999999,1405999999
4000,PRD,4180,nan,7924,1405999999,1405999999
4000,PRD,4180,nan,7925,1405999999,1405999999
4000,PRD,4180,nan,7927,1403999999,1403999999
4000,PRD,4180,nan,7928,1405999999,1405999999
4000,PRD,4180,PRA,3000,1403999999,1403999999
4000,PRD,4180,PRA,3040,1403999999,1403999999
4000,PRD,4180,PRA,3050,1403999999,1403999999
4000,PRD,4180,PRA,3400,1403999999,1403999999
4000,PRD,4180,PRA,3500,1403999999,1403999999
4000,PRD,4180,PRA,7900,1407999999,1407999999
4000,PRD,4180,PRA,7901,1407999999,1407999999
4000,PRD,4180,PRA,7920,1405999999,1405999999
4000,PRD,4180,PRA,7921,1405999999,1405999999
4000,PRD,4180,PRA,7922,1405999999,1405999999
4000,PRD,4180,PRA,7923,1405999999,1405999999
4000,PRD,4180,PRA,7924,1405999999,1405999999
4000,PRD,4180,PRA,7925,1405999999,1405999999
4000,PRD,4180,PRA,7927,1403999999,1403999999
4000,PRD,4180,PRA,7928,1405999999,1405999999
4000,PRD,4180,PRF,3000,1403999999,1403999999
4000,PRD,4180,PRF,3040,1403999999,1403999999
4000,PRD,4180,PRF,3050,1403999999,1403999999
4000,PRD,4180,PRF,3400,1403999999,1403999999
4000,PRD,4180,PRF,3500,1403999999,1403999999
4000,PRD,4180,PRF,7900,1407999999,1407999999
4000,PRD,4180,PRF,7901,1407999999,1407999999
4000,PRD,4180,PRF,7920,1405999999,1405999999
4000,PRD,4180,PRF,7921,1405999999,1405999999
4000,PRD,4180,PRF,7922,1405999999,1405999999
4000,PRD,4180,PRF,7923,1405999999,1405999999
4000,PRD,4180,PRF,7924,1405999999,1405999999
4000,PRD,4180,PRF,7925,1405999999,1405999999
4000,PRD,4180,PRF,7927,1403999999,1403999999
4000,PRD,4180,PRF,7928,1405999999,1405999999
4000,PRD,4220,nan,3000,1403999999,1403999999
4000,PRD,4220,nan,3040,1403999999,1403999999
4000,PRD,4220,nan,3050,1403999999,1403999999
4000,PRD,4220,nan,3400,1403999999,1403999999
4000,PRD,4220,nan,3500,1403999999,1403999999
4000,PRD,4220,nan,7900,1407999999,1407999999
4000,PRD,4220,nan,7920,1405999999,1405999999
4000,PRD,4220,PRA,3000,1403999999,1403999999
4000,PRD,4220,PRA,3040,1403999999,1403999999
4000,PRD,4220,PRA,3050,1403999999,1403999999
4000,PRD,4220,PRA,3400,1403999999,1403999999
4000,PRD,4220,PRA,3500,1403999999,1403999999
4000,PRD,4220,PRA,7900,1407999999,1407999999
4000,PRD,4220,PRA,7920,1405999999,1405999999
4000,PRD,4220,PRF,3000,1403999999,1403999999
4000,PRD,4220,PRF,3040,1403999999,1403999999
4000,PRD,4220,PRF,3050,1403999999,1403999999
4000,PRD,4220,PRF,3400,1403999999,1403999999
4000,PRD,4220,PRF,3500,1403999999,1403999999
4000,PRD,4220,PRF,7900,1407999999,1407999999
4000,PRD,4220,PRF,7920,1405999999,1405999999
4000,PRD,4220,PRF,7926,1405999999,1405999999
4000,PRD,4230,nan,3000,1403999999,1403999999
4000,PRD,4230,nan,3040,1403999999,1403999999
4000,PRD,4230,nan,3050,1403999999,1403999999
4000,PRD,4230,nan,3400,1403999999,1403999999
4000,PRD,4230,nan,3500,1403999999,1403999999
4000,PRD,4230,nan,7900,1407999999,1407999999
4000,PRD,4230,nan,7920,1405999999,1405999999
4000,PRD,4230,PRA,3000,1403999999,1403999999
4000,PRD,4230,PRA,3040,1403999999,1403999999
4000,PRD,4230,PRA,3050,1403999999,1403999999
4000,PRD,4230,PRA,3400,1403999999,1403999999
4000,PRD,4230,PRA,3500,1403999999,1403999999
4000,PRD,4230,PRA,7900,1407999999,1407999999
4000,PRD,4230,PRA,7920,1405999999,1405999999
4000,PRD,4230,PRF,3000,1403999999,1403999999
4000,PRD,4230,PRF,3040,1403999999,1403999999
4000,PRD,4230,PRF,3050,1403999999,1403999999
4000,PRD,4230,PRF,3400,1403999999,1403999999
4000,PRD,4230,PRF,3500,1403999999,1403999999
4000,PRD,4230,PRF,7900,1407999999,1407999999
4000,PRD,4230,PRF,7920,1405999999,1405999999
4000,PRD,4240,nan,3000,1403999999,1403999999
4000,PRD,4240,nan,3040,1403999999,1403999999
4000,PRD,4240,nan,3050,1403999999,1403999999
4000,PRD,4240,nan,3400,1403999999,1403999999
4000,PRD,4240,nan,3500,1403999999,1403999999
4000,PRD,4240,nan,7900,1407999999,1407999999
4000,PRD,4240,nan,7920,1405999999,1405999999
4000,PRD,4240,PRA,3000,1403999999,1403999999
4000,PRD,4240,PRA,3040,1403999999,1403999999
4000,PRD,4240,PRA,3050,1403999999,1403999999
4000,PRD,4240,PRA,3400,1403999999,1403999999
4000,PRD,4240,PRA,3500,1403999999,1403999999
4000,PRD,4240,PRA,7900,1407999999,1407999999
4000,PRD,4240,PRA,7920,1405999999,1405999999
4000,PRD,4240,PRF,3000,1403999999,1403999999
4000,PRD,4240,PRF,3040,1403999999,1403999999
4000,PRD,4240,PRF,3050,1403999999,1403999999
4000,PRD,4240,PRF,3400,1403999999,1403999999
4000,PRD,4240,PRF,3500,1403999999,1403999999
4000,PRD,4240,PRF,7900,1407999999,1407999999
4000,PRD,4240,PRF,7920,1405999999,1405999999
4000,PRD,4240,PRF,7926,1405999999,1405999999
4000,PRD,4250,nan,3000,1403999999,1403999999
4000,PRD,4250,nan,3040,1403999999,1403999999
4000,PRD,4250,nan,3050,1403999999,1403999999
4000,PRD,4250,nan,3400,1403999999,1403999999
4000,PRD,4250,nan,3500,1403999999,1403999999
4000,PRD,4250,nan,7900,1407999999,1407999999
4000,PRD,4250,nan,7920,1405999999,1405999999
4000,PRD,4250,PRA,3000,1403999999,1403999999
4000,PRD,4250,PRA,3040,1403999999,1403999999
4000,PRD,4250,PRA,3050,1403999999,1403999999
4000,PRD,4250,PRA,3400,1403999999,1403999999
4000,PRD,4250,PRA,3500,1403999999,1403999999
4000,PRD,4250,PRA,7900,1407999999,1407999999
4000,PRD,4250,PRA,7920,1405999999,1405999999
4000,PRD,4250,PRF,3000,1403999999,1403999999
4000,PRD,4250,PRF,3040,1403999999,1403999999
4000,PRD,4250,PRF,3050,1403999999,1403999999
4000,PRD,4250,PRF,3400,1403999999,1403999999
4000,PRD,4250,PRF,3500,1403999999,1403999999
4000,PRD,4250,PRF,7900,1407999999,1407999999
4000,PRD,4250,PRF,7920,1405999999,1405999999
4000,PRD,4260,nan,3000,1403999999,1403999999
4000,PRD,4260,nan,3040,1403999999,1403999999
4000,PRD,4260,nan,3050,1403999999,1403999999
4000,PRD,4260,nan,3400,1403999999,1403999999
4000,PRD,4260,nan,3500,1403999999,1403999999
4000,PRD,4260,nan,7900,1407999999,1407999999
4000,PRD,4260,nan,7920,1405999999,1405999999
4000,PRD,4260,PRA,3000,1403999999,1403999999
4000,PRD,4260,PRA,3040,1403999999,1403999999
4000,PRD,4260,PRA,3050,1403999999,1403999999
4000,PRD,4260,PRA,3400,1403999999,1403999999
4000,PRD,4260,PRA,3500,1403999999,1403999999
4000,PRD,4260,PRA,7900,1407999999,1407999999
4000,PRD,4260,PRA,7920,1405999999,1405999999
4000,PRD,4260,PRF,3000,1403999999,1403999999
4000,PRD,4260,PRF,3040,1403999999,1403999999
4000,PRD,4260,PRF,3050,1403999999,1403999999
4000,PRD,4260,PRF,3400,1403999999,1403999999
4000,PRD,4260,PRF,3500,1403999999,1403999999
4000,PRD,4260,PRF,7900,1407999999,1407999999
4000,PRD,4260,PRF,7920,1405999999,1405999999
4000,PRD,4260,PRF,7926,1405999999,1405999999
4000,PRD,4270,PRF,7926,1405999999,1405999999
4000,PRD,4300,nan,3100,1405999999,1405999999
4000,PRD,4300,PRA,3100,1405999999,1405999999
4000,PRD,4300,PRF,3100,1405999999,1405999999
4000,PRD,4300,PRF,7926,1405999999,1405999999
4000,PRD,4310,nan,3000,1403999999,1403999999
4000,PRD,4310,nan,3040,1403999999,1403999999
4000,PRD,4310,nan,3050,1403999999,1403999999
4000,PRD,4310,nan,3400,1403999999,1403999999
4000,PRD,4310,nan,3500,1403999999,1403999999
4000,PRD,4310,nan,7900,1407999999,1407999999
4000,PRD,4310,nan,7920,1405999999,1405999999
4000,PRD,4310,PRA,3000,1403999999,1403999999
4000,PRD,4310,PRA,3040,1403999999,1403999999
4000,PRD,4310,PRA,3050,1403999999,1403999999
4000,PRD,4310,PRA,3400,1403999999,1403999999
4000,PRD,4310,PRA,3500,1403999999,1403999999
4000,PRD,4310,PRA,7900,1407999999,1407999999
4000,PRD,4310,PRA,7920,1405999999,1405999999
4000,PRD,4310,PRF,3000,1403999999,1403999999
4000,PRD,4310,PRF,3040,1403999999,1403999999
4000,PRD,4310,PRF,3050,1403999999,1403999999
4000,PRD,4310,PRF,3400,1403999999,1403999999
4000,PRD,4310,PRF,3500,1403999999,1403999999
4000,PRD,4310,PRF,7900,1407999999,1407999999
4000,PRD,4310,PRF,7920,1405999999,1405999999
4000,PRD,4350,nan,3000,1403999999,1403999999
4000,PRD,4350,nan,3050,1403999999,1403999999
4000,PRD,4350,nan,3500,1403999999,1403999999
4000,PRD,4350,nan,7920,1405999999,1405999999
4000,PRD,4350,PRA,3000,1403999999,1403999999
4000,PRD,4350,PRA,3050,1403999999,1403999999
4000,PRD,4350,PRA,3500,1403999999,1403999999
4000,PRD,4350,PRA,7920,1405999999,1405999999
4000,PRD,4350,PRF,3000,1403999999,1403999999
4000,PRD,4350,PRF,3050,1403999999,1403999999
4000,PRD,4350,PRF,3500,1403999999,1403999999
4000,PRD,4350,PRF,7920,1405999999,1405999999
4000,PRD,4350,PRF,7926,1405999999,1405999999
4000,PRD,4370,nan,3000,1403999999,1403999999
4000,PRD,4370,nan,3040,1403999999,1403999999
4000,PRD,4370,nan,3050,1403999999,1403999999
4000,PRD,4370,nan,3400,1403999999,1403999999
4000,PRD,4370,nan,3500,1403999999,1403999999
4000,PRD,4370,nan,7900,1407999999,1407999999
4000,PRD,4370,nan,7920,1405999999,1405999999
4000,PRD,4370,PRA,3000,1403999999,1403999999
4000,PRD,4370,PRA,3040,1403999999,1403999999
4000,PRD,4370,PRA,3050,1403999999,1403999999
4000,PRD,4370,PRA,3400,1403999999,1403999999
4000,PRD,4370,PRA,3500,1403999999,1403999999
4000,PRD,4370,PRA,7900,1407999999,1407999999
4000,PRD,4370,PRA,7920,1405999999,1405999999
4000,PRD,4370,PRF,3000,1403999999,1403999999
4000,PRD,4370,PRF,3040,1403999999,1403999999
4000,PRD,4370,PRF,3050,1403999999,1403999999
4000,PRD,4370,PRF,3400,1403999999,1403999999
4000,PRD,4370,PRF,3500,1403999999,1403999999
4000,PRD,4370,PRF,7900,1407999999,1407999999
4000,PRD,4370,PRF,7920,1405999999,1405999999
4000,PRD,4380,nan,3000,1403999999,1403999999
4000,PRD,4380,nan,3040,1403999999,1403999999
4000,PRD,4380,nan,3050,1403999999,1403999999
4000,PRD,4380,nan,3400,1403999999,1403999999
4000,PRD,4380,nan,3500,1403999999,1403999999
4000,PRD,4380,nan,7900,1407999999,1407999999
4000,PRD,4380,nan,7920,1405999999,1405999999
4000,PRD,4380,PRA,3000,1403999999,1403999999
4000,PRD,4380,PRA,3040,1403999999,1403999999
4000,PRD,4380,PRA,3050,1403999999,1403999999
4000,PRD,4380,PRA,3400,1403999999,1403999999
4000,PRD,4380,PRA,3500,1403999999,1403999999
4000,PRD,4380,PRA,7900,1407999999,1407999999
4000,PRD,4380,PRA,7920,1405999999,1405999999
4000,PRD,4380,PRF,3000,1403999999,1403999999
4000,PRD,4380,PRF,3040,1403999999,1403999999
4000,PRD,4380,PRF,3050,1403999999,1403999999
4000,PRD,4380,PRF,3400,1403999999,1403999999
4000,PRD,4380,PRF,3500,1403999999,1403999999
4000,PRD,4380,PRF,7900,1407999999,1407999999
4000,PRD,4380,PRF,7920,1405999999,1405999999
4000,PRD,4380,PRF,7926,1405999999,1405999999
4000,PRD,4410,nan,3000,1403999999,1403999999
4000,PRD,4410,nan,3040,1403999999,1403999999
4000,PRD,4410,nan,3050,1403999999,1403999999
4000,PRD,4410,nan,3400,1403999999,1403999999
4000,PRD,4410,nan,3500,1403999999,1403999999
4000,PRD,4410,nan,7900,1407999999,1407999999
4000,PRD,4410,nan,7901,1407999999,1407999999
4000,PRD,4410,nan,7920,1405999999,1405999999
4000,PRD,4410,nan,7921,1405999999,1405999999
4000,PRD,4410,nan,7922,1405999999,1405999999
4000,PRD,4410,nan,7924,1405999999,1405999999
4000,PRD,4410,PRA,3000,1403999999,1403999999
4000,PRD,4410,PRA,3040,1403999999,1403999999
4000,PRD,4410,PRA,3050,1403999999,1403999999
4000,PRD,4410,PRA,3400,1403999999,1403999999
4000,PRD,4410,PRA,3500,1403999999,1403999999
4000,PRD,4410,PRA,7900,1407999999,1407999999
4000,PRD,4410,PRA,7901,1407999999,1407999999
4000,PRD,4410,PRA,7920,1405999999,1405999999
4000,PRD,4410,PRA,7921,1405999999,1405999999
4000,PRD,4410,PRA,7922,1405999999,1405999999
4000,PRD,4410,PRA,7924,1405999999,1405999999
4000,PRD,4410,PRF,3000,1403999999,1403999999
4000,PRD,4410,PRF,3040,1403999999,1403999999
4000,PRD,4410,PRF,3050,1403999999,1403999999
4000,PRD,4410,PRF,3400,1403999999,1403999999
4000,PRD,4410,PRF,3500,1403999999,1403999999
4000,PRD,4410,PRF,7900,1407999999,1407999999
4000,PRD,4410,PRF,7901,1407999999,1407999999
4000,PRD,4410,PRF,7920,1405999999,1405999999
4000,PRD,4410,PRF,7921,1405999999,1405999999
4000,PRD,4410,PRF,7922,1405999999,1405999999
4000,PRD,4410,PRF,7924,1405999999,1405999999
4000,PRD,4420,nan,3000,1403999999,1403999999
4000,PRD,4420,nan,3040,1403999999,1403999999
4000,PRD,4420,nan,3050,1403999999,1403999999
4000,PRD,4420,nan,3100,1405999999,1405999999
4000,PRD,4420,nan,3400,1403999999,1403999999
4000,PRD,4420,nan,3500,1403999999,1403999999
4000,PRD,4420,PRA,3000,1403999999,1403999999
4000,PRD,4420,PRA,3040,1403999999,1403999999
4000,PRD,4420,PRA,3050,1403999999,1403999999
4000,PRD,4420,PRA,3100,1405999999,1405999999
4000,PRD,4420,PRA,3400,1403999999,1403999999
4000,PRD,4420,PRA,3500,1403999999,1403999999
4000,PRD,4420,PRF,3000,1403999999,1403999999
4000,PRD,4420,PRF,3040,1403999999,1403999999
4000,PRD,4420,PRF,3050,1403999999,1403999999
4000,PRD,4420,PRF,3100,1405999999,1405999999
4000,PRD,4420,PRF,3400,1403999999,1403999999
4000,PRD,4420,PRF,3500,1403999999,1403999999
4000,PRD,4460,nan,3000,1403999999,1403999999
4000,PRD,4460,nan,3050,1403999999,1403999999
4000,PRD,4460,nan,3500,1403999999,1403999999
4000,PRD,4460,nan,7920,1405999999,1405999999
4000,PRD,4460,PRA,3000,1403999999,1403999999
4000,PRD,4460,PRA,3050,1403999999,1403999999
4000,PRD,4460,PRA,3500,1403999999,1403999999
4000,PRD,4460,PRA,7920,1405999999,1405999999
4000,PRD,4460,PRF,3000,1403999999,1403999999
4000,PRD,4460,PRF,3050,1403999999,1403999999
4000,PRD,4460,PRF,3500,1403999999,1403999999
4000,PRD,4460,PRF,7920,1405999999,1405999999
4000,PRD,4460,PRF,7926,1405999999,1405999999
4000,PRD,4470,nan,3000,1403999999,1403999999
4000,PRD,4470,nan,3050,1403999999,1403999999
4000,PRD,4470,nan,3500,1403999999,1403999999
4000,PRD,4470,nan,7920,1405999999,1405999999
4000,PRD,4470,PRA,3000,1403999999,1403999999
4000,PRD,4470,PRA,3050,1403999999,1403999999
4000,PRD,4470,PRA,3500,1403999999,1403999999
4000,PRD,4470,PRA,7920,1405999999,1405999999
4000,PRD,4470,PRF,3000,1403999999,1403999999
4000,PRD,4470,PRF,3050,1403999999,1403999999
4000,PRD,4470,PRF,3500,1403999999,1403999999
4000,PRD,4470,PRF,7920,1405999999,1405999999
4000,PRD,4470,PRF,7926,1405999999,1405999999
4000,PRD,4480,nan,3000,1403999999,1403999999
4000,PRD,4480,nan,3040,1403999999,1403999999
4000,PRD,4480,nan,3050,1403999999,1403999999
4000,PRD,4480,nan,3400,1403999999,1403999999
4000,PRD,4480,nan,3500,1403999999,1403999999
4000,PRD,4480,nan,7900,1407999999,1407999999
4000,PRD,4480,nan,7901,1407999999,1407999999
4000,PRD,4480,nan,7920,1405999999,1405999999
4000,PRD,4480,nan,7921,1405999999,1405999999
4000,PRD,4480,nan,7922,1405999999,1405999999
4000,PRD,4480,nan,7923,1405999999,1405999999
4000,PRD,4480,nan,7925,1405999999,1405999999
4000,PRD,4480,PRA,3000,1403999999,1403999999
4000,PRD,4480,PRA,3040,1403999999,1403999999
4000,PRD,4480,PRA,3050,1403999999,1403999999
4000,PRD,4480,PRA,3400,1403999999,1403999999
4000,PRD,4480,PRA,3500,1403999999,1403999999
4000,PRD,4480,PRA,7900,1407999999,1407999999
4000,PRD,4480,PRA,7901,1407999999,1407999999
4000,PRD,4480,PRA,7920,1405999999,1405999999
4000,PRD,4480,PRA,7921,1405999999,1405999999
4000,PRD,4480,PRA,7922,1405999999,1405999999
4000,PRD,4480,PRA,7923,1405999999,1405999999
4000,PRD,4480,PRA,7925,1405999999,1405999999
4000,PRD,4480,PRF,3000,1403999999,1403999999
4000,PRD,4480,PRF,3040,1403999999,1403999999
4000,PRD,4480,PRF,3050,1403999999,1403999999
4000,PRD,4480,PRF,3400,1403999999,1403999999
4000,PRD,4480,PRF,3500,1403999999,1403999999
4000,PRD,4480,PRF,7900,1407999999,1407999999
4000,PRD,4480,PRF,7901,1407999999,1407999999
4000,PRD,4480,PRF,7920,1405999999,1405999999
4000,PRD,4480,PRF,7921,1405999999,1405999999
4000,PRD,4480,PRF,7922,1405999999,1405999999
4000,PRD,4480,PRF,7923,1405999999,1405999999
4000,PRD,4480,PRF,7925,1405999999,1405999999
4000,PRD,4510,nan,3000,1403999999,1403999999
4000,PRD,4510,nan,3040,1403999999,1403999999
4000,PRD,4510,nan,3050,1403999999,1403999999
4000,PRD,4510,nan,3400,1403999999,1403999999
4000,PRD,4510,nan,3500,1403999999,1403999999
4000,PRD,4510,nan,7900,1407999999,1407999999
4000,PRD,4510,nan,7901,1407999999,1407999999
4000,PRD,4510,nan,7920,1405999999,1405999999
4000,PRD,4510,nan,7921,1405999999,1405999999
4000,PRD,4510,nan,7922,1405999999,1405999999
4000,PRD,4510,nan,7923,1405999999,1405999999
4000,PRD,4510,nan,7924,1405999999,1405999999
4000,PRD,4510,nan,7925,1405999999,1405999999
4000,PRD,4510,nan,7927,1403999999,1403999999
4000,PRD,4510,nan,7928,1405999999,1405999999
4000,PRD,4510,PRA,3000,1403999999,1403999999
4000,PRD,4510,PRA,3040,1403999999,1403999999
4000,PRD,4510,PRA,3050,1403999999,1403999999
4000,PRD,4510,PRA,3400,1403999999,1403999999
4000,PRD,4510,PRA,3500,1403999999,1403999999
4000,PRD,4510,PRA,7900,1407999999,1407999999
4000,PRD,4510,PRA,7901,1407999999,1407999999
4000,PRD,4510,PRA,7920,1405999999,1405999999
4000,PRD,4510,PRA,7921,1405999999,1405999999
4000,PRD,4510,PRA,7922,1405999999,1405999999
4000,PRD,4510,PRA,7923,1405999999,1405999999
4000,PRD,4510,PRA,7924,1405999999,1405999999
4000,PRD,4510,PRA,7925,1405999999,1405999999
4000,PRD,4510,PRA,7927,1403999999,1403999999
4000,PRD,4510,PRA,7928,1405999999,1405999999
4000,PRD,4510,PRF,3000,1403999999,1403999999
4000,PRD,4510,PRF,3040,1403999999,1403999999
4000,PRD,4510,PRF,3050,1403999999,1403999999
4000,PRD,4510,PRF,3400,1403999999,1403999999
4000,PRD,4510,PRF,3500,1403999999,1403999999
4000,PRD,4510,PRF,7900,1407999999,1407999999
4000,PRD,4510,PRF,7901,1407999999,1407999999
4000,PRD,4510,PRF,7920,1405999999,1405999999
4000,PRD,4510,PRF,7921,1405999999,1405999999
4000,PRD,4510,PRF,7922,1405999999,1405999999
4000,PRD,4510,PRF,7923,1405999999,1405999999
4000,PRD,4510,PRF,7924,1405999999,1405999999
4000,PRD,4510,PRF,7925,1405999999,1405999999
4000,PRD,4510,PRF,7927,1403999999,1403999999
4000,PRD,4510,PRF,7928,1405999999,1405999999
4000,PRD,4520,nan,3000,1403999999,1403999999
4000,PRD,4520,nan,3001,1403999999,1403999999
4000,PRD,4520,nan,3002,1403999999,1403999999
4000,PRD,4520,nan,3003,1403999999,1403999999
4000,PRD,4520,nan,3040,1403999999,1403999999
4000,PRD,4520,nan,3050,1403999999,1403999999
4000,PRD,4520,nan,3400,1403999999,1403999999
4000,PRD,4520,nan,3500,1403999999,1403999999
4000,PRD,4520,nan,7900,1407999999,1407999999
4000,PRD,4520,nan,7901,1407999999,1407999999
4000,PRD,4520,nan,7920,1405999999,1405999999
4000,PRD,4520,nan,7921,1405999999,1405999999
4000,PRD,4520,nan,7922,1405999999,1405999999
4000,PRD,4520,nan,7923,1405999999,1405999999
4000,PRD,4520,nan,7924,1405999999,1405999999
4000,PRD,4520,nan,7925,1405999999,1405999999
4000,PRD,4520,nan,7928,1405999999,1405999999
4000,PRD,4520,PRA,3000,1403999999,1403999999
4000,PRD,4520,PRA,3001,1403999999,1403999999
4000,PRD,4520,PRA,3002,1403999999,1403999999
4000,PRD,4520,PRA,3003,1403999999,1403999999
4000,PRD,4520,PRA,3040,1403999999,1403999999
4000,PRD,4520,PRA,3050,1403999999,1403999999
4000,PRD,4520,PRA,3400,1403999999,1403999999
4000,PRD,4520,PRA,3500,1403999999,1403999999
4000,PRD,4520,PRA,7900,1407999999,1407999999
4000,PRD,4520,PRA,7901,1407999999,1407999999
4000,PRD,4520,PRA,7920,1405999999,1405999999
4000,PRD,4520,PRA,7921,1405999999,1405999999
4000,PRD,4520,PRA,7922,1405999999,1405999999
4000,PRD,4520,PRA,7923,1405999999,1405999999
4000,PRD,4520,PRA,7924,1405999999,1405999999
4000,PRD,4520,PRA,7925,1405999999,1405999999
4000,PRD,4520,PRA,7928,1405999999,1405999999
4000,PRD,4520,PRF,3000,1403999999,1403999999
4000,PRD,4520,PRF,3001,1403999999,1403999999
4000,PRD,4520,PRF,3002,1403999999,1403999999
4000,PRD,4520,PRF,3003,1403999999,1403999999
4000,PRD,4520,PRF,3040,1403999999,1403999999
4000,PRD,4520,PRF,3050,1403999999,1403999999
4000,PRD,4520,PRF,3400,1403999999,1403999999
4000,PRD,4520,PRF,3500,1403999999,1403999999
4000,PRD,4520,PRF,7900,1407999999,1407999999
4000,PRD,4520,PRF,7901,1407999999,1407999999
4000,PRD,4520,PRF,7920,1405999999,1405999999
4000,PRD,4520,PRF,7921,1405999999,1405999999
4000,PRD,4520,PRF,7922,1405999999,1405999999
4000,PRD,4520,PRF,7923,1405999999,1405999999
4000,PRD,4520,PRF,7924,1405999999,1405999999
4000,PRD,4520,PRF,7925,1405999999,1405999999
4000,PRD,4520,PRF,7928,1405999999,1405999999
4000,PRD,4530,nan,3000,1403999999,1403999999
4000,PRD,4530,nan,3050,1403999999,1403999999
4000,PRD,4530,nan,3500,1403999999,1403999999
4000,PRD,4530,nan,7920,1405999999,1405999999
4000,PRD,4530,PRA,3000,1403999999,1403999999
4000,PRD,4530,PRA,3050,1403999999,1403999999
4000,PRD,4530,PRA,3500,1403999999,1403999999
4000,PRD,4530,PRA,7920,1405999999,1405999999
4000,PRD,4530,PRF,3000,1403999999,1403999999
4000,PRD,4530,PRF,3050,1403999999,1403999999
4000,PRD,4530,PRF,3500,1403999999,1403999999
4000,PRD,4530,PRF,7920,1405999999,1405999999
4000,PRD,4530,PRF,7926,1405999999,1405999999
4000,PRD,4540,nan,3050,1403999999,1403999999
4000,PRD,4540,nan,3400,1403999999,1403999999
4000,PRD,4540,nan,7921,1405999999,1405999999
4000,PRD,4540,nan,7924,1405999999,1405999999
4000,PRD,4540,PRA,3050,1403999999,1403999999
4000,PRD,4540,PRA,3400,1403999999,1403999999
4000,PRD,4540,PRA,7921,1405999999,1405999999
4000,PRD,4540,PRA,7924,1405999999,1405999999
4000,PRD,4540,PRF,3050,1403999999,1403999999
4000,PRD,4540,PRF,3400,1403999999,1403999999
4000,PRD,4540,PRF,7921,1405999999,1405999999
4000,PRD,4540,PRF,7924,1405999999,1405999999
4000,PRD,4580,nan,3000,1403999999,1403999999
4000,PRD,4580,nan,3001,1403999999,1403999999
4000,PRD,4580,nan,3002,1403999999,1403999999
4000,PRD,4580,nan,3003,1403999999,1403999999
4000,PRD,4580,nan,3040,1403999999,1403999999
4000,PRD,4580,nan,3050,1403999999,1403999999
4000,PRD,4580,nan,3400,1403999999,1403999999
4000,PRD,4580,nan,3500,1403999999,1403999999
4000,PRD,4580,nan,7900,1407999999,1407999999
4000,PRD,4580,nan,7901,1407999999,1407999999
4000,PRD,4580,nan,7920,1405999999,1405999999
4000,PRD,4580,nan,7921,1405999999,1405999999
4000,PRD,4580,nan,7922,1405999999,1405999999
4000,PRD,4580,nan,7923,1405999999,1405999999
4000,PRD,4580,nan,7924,1405999999,1405999999
4000,PRD,4580,nan,7925,1405999999,1405999999
4000,PRD,4580,nan,7928,1405999999,1405999999
4000,PRD,4580,PRA,3000,1403999999,1403999999
4000,PRD,4580,PRA,3001,1403999999,1403999999
4000,PRD,4580,PRA,3002,1403999999,1403999999
4000,PRD,4580,PRA,3003,1403999999,1403999999
4000,PRD,4580,PRA,3040,1403999999,1403999999
4000,PRD,4580,PRA,3050,1403999999,1403999999
4000,PRD,4580,PRA,3400,1403999999,1403999999
4000,PRD,4580,PRA,3500,1403999999,1403999999
4000,PRD,4580,PRA,7900,1407999999,1407999999
4000,PRD,4580,PRA,7901,1407999999,1407999999
4000,PRD,4580,PRA,7920,1405999999,1405999999
4000,PRD,4580,PRA,7921,1405999999,1405999999
4000,PRD,4580,PRA,7922,1405999999,1405999999
4000,PRD,4580,PRA,7923,1405999999,1405999999
4000,PRD,4580,PRA,7924,1405999999,1405999999
4000,PRD,4580,PRA,7925,1405999999,1405999999
4000,PRD,4580,PRA,7928,1405999999,1405999999
4000,PRD,4580,PRF,3000,1403999999,1403999999
4000,PRD,4580,PRF,3001,1403999999,1403999999
4000,PRD,4580,PRF,3002,1403999999,1403999999
4000,PRD,4580,PRF,3003,1403999999,1403999999
4000,PRD,4580,PRF,3040,1403999999,1403999999
4000,PRD,4580,PRF,3050,1403999999,1403999999
4000,PRD,4580,PRF,3400,1403999999,1403999999
4000,PRD,4580,PRF,3500,1403999999,1403999999
4000,PRD,4580,PRF,7900,1407999999,1407999999
4000,PRD,4580,PRF,7901,1407999999,1407999999
4000,PRD,4580,PRF,7920,1405999999,1405999999
4000,PRD,4580,PRF,7921,1405999999,1405999999
4000,PRD,4580,PRF,7922,1405999999,1405999999
4000,PRD,4580,PRF,7923,1405999999,1405999999
4000,PRD,4580,PRF,7924,1405999999,1405999999
4000,PRD,4580,PRF,7925,1405999999,1405999999
4000,PRD,4580,PRF,7928,1405999999,1405999999
4000,PRD,4610,nan,3040,1403999999,1403999999
4000,PRD,4610,nan,3400,1403999999,1403999999
4000,PRD,4610,nan,7921,1405999999,1405999999
4000,PRD,4610,PRA,3040,1403999999,1403999999
4000,PRD,4610,PRA,3400,1403999999,1403999999
4000,PRD,4610,PRA,7921,1405999999,1405999999
4000,PRD,4610,PRF,3040,1403999999,1403999999
4000,PRD,4610,PRF,3400,1403999999,1403999999
4000,PRD,4610,PRF,7921,1405999999,1405999999
4000,PRD,4620,nan,3000,1403999999,1403999999
4000,PRD,4620,nan,3050,1403999999,1403999999
4000,PRD,4620,nan,3500,1403999999,1403999999
4000,PRD,4620,nan,7920,1405999999,1405999999
4000,PRD,4620,PRA,3000,1403999999,1403999999
4000,PRD,4620,PRA,3050,1403999999,1403999999
4000,PRD,4620,PRA,3500,1403999999,1403999999
4000,PRD,4620,PRA,7920,1405999999,1405999999
4000,PRD,4620,PRF,3000,1403999999,1403999999
4000,PRD,4620,PRF,3050,1403999999,1403999999
4000,PRD,4620,PRF,3500,1403999999,1403999999
4000,PRD,4620,PRF,7920,1405999999,1405999999
4000,PRD,4620,PRF,7926,1405999999,1405999999
4000,PRD,4670,nan,3000,1403999999,1403999999
4000,PRD,4670,nan,3050,1403999999,1403999999
4000,PRD,4670,nan,3500,1403999999,1403999999
4000,PRD,4670,nan,7920,1405999999,1405999999
4000,PRD,4670,nan,7925,1405999999,1405999999
4000,PRD,4670,PRA,3000,1403999999,1403999999
4000,PRD,4670,PRA,3040,1403999999,1403999999
4000,PRD,4670,PRA,3050,1403999999,1403999999
4000,PRD,4670,PRA,3500,1403999999,1403999999
4000,PRD,4670,PRA,7920,1405999999,1405999999
4000,PRD,4670,PRA,7925,1405999999,1405999999
4000,PRD,4670,PRF,3000,1403999999,1403999999
4000,PRD,4670,PRF,3050,1403999999,1403999999
4000,PRD,4670,PRF,3500,1403999999,1403999999
4000,PRD,4670,PRF,7920,1405999999,1405999999
4000,PRD,4670,PRF,7925,1405999999,1405999999
4000,PRD,4670,PRF,7926,1405999999,1405999999
4000,PRD,4680,nan,3000,1403999999,1403999999
4000,PRD,4680,nan,3040,1403999999,1403999999
4000,PRD,4680,nan,3050,1403999999,1403999999
4000,PRD,4680,nan,3400,1403999999,1403999999
4000,PRD,4680,nan,3500,1403999999,1403999999
4000,PRD,4680,nan,7900,1407999999,1407999999
4000,PRD,4680,nan,7901,1407999999,1407999999
4000,PRD,4680,nan,7920,1405999999,1405999999
4000,PRD,4680,nan,7921,1405999999,1405999999
4000,PRD,4680,nan,7922,1405999999,1405999999
4000,PRD,4680,nan,7924,1405999999,1405999999
4000,PRD,4680,nan,7925,1405999999,1405999999
4000,PRD,4680,nan,7928,1405999999,1405999999
4000,PRD,4680,PRA,3000,1403999999,1403999999
4000,PRD,4680,PRA,3040,1403999999,1403999999
4000,PRD,4680,PRA,3050,1403999999,1403999999
4000,PRD,4680,PRA,3400,1403999999,1403999999
4000,PRD,4680,PRA,3500,1403999999,1403999999
4000,PRD,4680,PRA,7900,1407999999,1407999999
4000,PRD,4680,PRA,7901,1407999999,1407999999
4000,PRD,4680,PRA,7920,1405999999,1405999999
4000,PRD,4680,PRA,7921,1405999999,1405999999
4000,PRD,4680,PRA,7922,1405999999,1405999999
4000,PRD,4680,PRA,7923,1405999999,1405999999
4000,PRD,4680,PRA,7924,1405999999,1405999999
4000,PRD,4680,PRA,7925,1405999999,1405999999
4000,PRD,4680,PRA,7928,1405999999,1405999999
4000,PRD,4680,PRF,3000,1403999999,1403999999
4000,PRD,4680,PRF,3040,1403999999,1403999999
4000,PRD,4680,PRF,3050,1403999999,1403999999
4000,PRD,4680,PRF,3400,1403999999,1403999999
4000,PRD,4680,PRF,3500,1403999999,1403999999
4000,PRD,4680,PRF,7900,1407999999,1407999999
4000,PRD,4680,PRF,7901,1407999999,1407999999
4000,PRD,4680,PRF,7920,1405999999,1405999999
4000,PRD,4680,PRF,7921,1405999999,1405999999
4000,PRD,4680,PRF,7922,1405999999,1405999999
4000,PRD,4680,PRF,7923,1405999999,1405999999
4000,PRD,4680,PRF,7924,1405999999,1405999999
4000,PRD,4680,PRF,7925,1405999999,1405999999
4000,PRD,4680,PRF,7928,1405999999,1405999999
4000,PRD,4690,nan,3000,1403999999,1403999999
4000,PRD,4690,nan,3040,1403999999,1403999999
4000,PRD,4690,nan,3050,1403999999,1403999999
4000,PRD,4690,nan,3100,1405999999,1405999999
4000,PRD,4690,nan,3400,1403999999,1403999999
4000,PRD,4690,PRA,3000,1403999999,1403999999
4000,PRD,4690,PRA,3040,1403999999,1403999999
4000,PRD,4690,PRA,3050,1403999999,1403999999
4000,PRD,4690,PRA,3100,1405999999,1405999999
4000,PRD,4690,PRA,3400,1403999999,1403999999
4000,PRD,4690,PRF,3000,1403999999,1403999999
4000,PRD,4690,PRF,3040,1403999999,1403999999
4000,PRD,4690,PRF,3050,1403999999,1403999999
4000,PRD,4690,PRF,3100,1405999999,1405999999
4000,PRD,4690,PRF,3400,1403999999,1403999999
4000,PRD,4710,nan,3000,1403999999,1403999999
4000,PRD,4710,nan,3050,1403999999,1403999999
4000,PRD,4710,nan,3500,1403999999,1403999999
4000,PRD,4710,nan,7920,1405999999,1405999999
4000,PRD,4710,PRA,3000,1403999999,1403999999
4000,PRD,4710,PRA,3050,1403999999,1403999999
4000,PRD,4710,PRA,3500,1403999999,1403999999
4000,PRD,4710,PRA,7920,1405999999,1405999999
4000,PRD,4710,PRF,3000,1403999999,1403999999
4000,PRD,4710,PRF,3050,1403999999,1403999999
4000,PRD,4710,PRF,3500,1403999999,1403999999
4000,PRD,4710,PRF,7920,1405999999,1405999999
4000,PRD,4710,PRF,7926,1405999999,1405999999
4000,PRD,4730,nan,3100,1405999999,1405999999
4000,PRD,4730,PRA,3100,1405999999,1405999999
4000,PRD,4740,nan,3000,1403999999,1403999999
4000,PRD,4740,nan,3050,1403999999,1403999999
4000,PRD,4740,nan,3400,1403999999,1403999999
4000,PRD,4740,nan,7920,1405999999,1405999999
4000,PRD,4740,PRA,3000,1403999999,1403999999
4000,PRD,4740,PRA,3050,1403999999,1403999999
4000,PRD,4740,PRA,3400,1403999999,1403999999
4000,PRD,4740,PRA,7920,1405999999,1405999999
4000,PRD,4740,PRF,3000,1403999999,1403999999
4000,PRD,4740,PRF,3050,1403999999,1403999999
4000,PRD,4740,PRF,3400,1403999999,1403999999
4000,PRD,4740,PRF,7920,1405999999,1405999999
4000,PRD,4750,nan,3000,1403999999,1403999999
4000,PRD,4750,nan,3050,1403999999,1403999999
4000,PRD,4750,nan,3400,1403999999,1403999999
4000,PRD,4750,nan,7920,1405999999,1405999999
4000,PRD,4750,PRA,3000,1403999999,1403999999
4000,PRD,4750,PRA,3050,1403999999,1403999999
4000,PRD,4750,PRA,3400,1403999999,1403999999
4000,PRD,4750,PRA,7920,1405999999,1405999999
4000,PRD,4750,PRF,3000,1403999999,1403999999
4000,PRD,4750,PRF,3050,1403999999,1403999999
4000,PRD,4750,PRF,3400,1403999999,1403999999
4000,PRD,4750,PRF,7920,1405999999,1405999999
4000,PRD,4770,nan,3000,1403999999,1403999999
4000,PRD,4770,nan,3040,1403999999,1403999999
4000,PRD,4770,nan,3050,1403999999,1403999999
4000,PRD,4770,nan,7920,1405999999,1405999999
4000,PRD,4770,PRA,3000,1403999999,1403999999
4000,PRD,4770,PRA,3040,1403999999,1403999999
4000,PRD,4770,PRA,3050,1403999999,1403999999
4000,PRD,4770,PRA,7920,1405999999,1405999999
4000,PRD,4770,PRF,3000,1403999999,1403999999
4000,PRD,4770,PRF,3050,1403999999,1403999999
4000,PRD,4770,PRF,7920,1405999999,1405999999
4000,PRD,4800,nan,3000,1403999999,1403999999
4000,PRD,4800,nan,3040,1403999999,1403999999
4000,PRD,4800,nan,3050,1403999999,1403999999
4000,PRD,4800,nan,3400,1403999999,1403999999
4000,PRD,4800,nan,7921,1405999999,1405999999
4000,PRD,4800,nan,7922,1405999999,1405999999
4000,PRD,4800,nan,7924,1405999999,1405999999
4000,PRD,4800,nan,7928,1405999999,1405999999
4000,PRD,4800,PRA,3000,1403999999,1403999999
4000,PRD,4800,PRA,3040,1403999999,1403999999
4000,PRD,4800,PRA,3050,1403999999,1403999999
4000,PRD,4800,PRA,3400,1403999999,1403999999
4000,PRD,4800,PRA,7921,1405999999,1405999999
4000,PRD,4800,PRA,7922,1405999999,1405999999
4000,PRD,4800,PRA,7924,1405999999,1405999999
4000,PRD,4800,PRA,7928,1405999999,1405999999
4000,PRD,4800,PRF,3000,1403999999,1403999999
4000,PRD,4800,PRF,3040,1403999999,1403999999
4000,PRD,4800,PRF,3050,1403999999,1403999999
4000,PRD,4800,PRF,3400,1403999999,1403999999
4000,PRD,4800,PRF,7921,1405999999,1405999999
4000,PRD,4800,PRF,7922,1405999999,1405999999
4000,PRD,4800,PRF,7924,1405999999,1405999999
4000,PRD,4800,PRF,7928,1405999999,1405999999
4000,PRD,4820,nan,3000,1403999999,1403999999
4000,PRD,4820,nan,3040,1403999999,1403999999
4000,PRD,4820,nan,3050,1403999999,1403999999
4000,PRD,4820,nan,3400,1403999999,1403999999
4000,PRD,4820,nan,3500,1403999999,1403999999
4000,PRD,4820,nan,7900,1407999999,1407999999
4000,PRD,4820,nan,7901,1407999999,1407999999
4000,PRD,4820,nan,7920,1405999999,1405999999
4000,PRD,4820,nan,7921,1405999999,1405999999
4000,PRD,4820,nan,7922,1405999999,1405999999
4000,PRD,4820,nan,7923,1405999999,1405999999
4000,PRD,4820,nan,7924,1405999999,1405999999
4000,PRD,4820,nan,7925,1405999999,1405999999
4000,PRD,4820,nan,7927,1403999999,1403999999
4000,PRD,4820,nan,7928,1405999999,1405999999
4000,PRD,4820,PRA,3000,1403999999,1403999999
4000,PRD,4820,PRA,3040,1403999999,1403999999
4000,PRD,4820,PRA,3050,1403999999,1403999999
4000,PRD,4820,PRA,3400,1403999999,1403999999
4000,PRD,4820,PRA,3500,1403999999,1403999999
4000,PRD,4820,PRA,7900,1407999999,1407999999
4000,PRD,4820,PRA,7901,1407999999,1407999999
4000,PRD,4820,PRA,7920,1405999999,1405999999
4000,PRD,4820,PRA,7921,1405999999,1405999999
4000,PRD,4820,PRA,7922,1405999999,1405999999
4000,PRD,4820,PRA,7923,1405999999,1405999999
4000,PRD,4820,PRA,7924,1405999999,1405999999
4000,PRD,4820,PRA,7925,1405999999,1405999999
4000,PRD,4820,PRA,7927,1403999999,1403999999
4000,PRD,4820,PRA,7928,1405999999,1405999999
4000,PRD,4820,PRF,3000,1403999999,1403999999
4000,PRD,4820,PRF,3040,1403999999,1403999999
4000,PRD,4820,PRF,3050,1403999999,1403999999
4000,PRD,4820,PRF,3400,1403999999,1403999999
4000,PRD,4820,PRF,3500,1403999999,1403999999
4000,PRD,4820,PRF,7900,1407999999,1407999999
4000,PRD,4820,PRF,7901,1407999999,1407999999
4000,PRD,4820,PRF,7920,1405999999,1405999999
4000,PRD,4820,PRF,7921,1405999999,1405999999
4000,PRD,4820,PRF,7922,1405999999,1405999999
4000,PRD,4820,PRF,7923,1405999999,1405999999
4000,PRD,4820,PRF,7924,1405999999,1405999999
4000,PRD,4820,PRF,7925,1405999999,1405999999
4000,PRD,4820,PRF,7927,1403999999,1403999999
4000,PRD,4820,PRF,7928,1405999999,1405999999
4000,PRD,4830,nan,3000,1403999999,1403999999
4000,PRD,4830,nan,3040,1403999999,1403999999
4000,PRD,4830,nan,3050,1403999999,1403999999
4000,PRD,4830,nan,3400,1403999999,1403999999
4000,PRD,4830,nan,3500,1403999999,1403999999
4000,PRD,4830,nan,7900,1407999999,1407999999
4000,PRD,4830,nan,7901,1407999999,1407999999
4000,PRD,4830,nan,7920,1405999999,1405999999
4000,PRD,4830,nan,7921,1405999999,1405999999
4000,PRD,4830,nan,7922,1405999999,1405999999
4000,PRD,4830,nan,7923,1405999999,1405999999
4000,PRD,4830,nan,7924,1405999999,1405999999
4000,PRD,4830,nan,7928,1405999999,1405999999
4000,PRD,4830,PRA,3000,1403999999,1403999999
4000,PRD,4830,PRA,3040,1403999999,1403999999
4000,PRD,4830,PRA,3050,1403999999,1403999999
4000,PRD,4830,PRA,3400,1403999999,1403999999
4000,PRD,4830,PRA,3500,1403999999,1403999999
4000,PRD,4830,PRA,7900,1407999999,1407999999
4000,PRD,4830,PRA,7901,1407999999,1407999999
4000,PRD,4830,PRA,7920,1405999999,1405999999
4000,PRD,4830,PRA,7921,1405999999,1405999999
4000,PRD,4830,PRA,7922,1405999999,1405999999
4000,PRD,4830,PRA,7923,1405999999,1405999999
4000,PRD,4830,PRA,7924,1405999999,1405999999
4000,PRD,4830,PRA,7927,1403999999,1403999999
4000,PRD,4830,PRA,7928,1405999999,1405999999
4000,PRD,4830,PRF,3000,1403999999,1403999999
4000,PRD,4830,PRF,3040,1403999999,1403999999
4000,PRD,4830,PRF,3050,1403999999,1403999999
4000,PRD,4830,PRF,3400,1403999999,1403999999
4000,PRD,4830,PRF,3500,1403999999,1403999999
4000,PRD,4830,PRF,7900,1407999999,1407999999
4000,PRD,4830,PRF,7901,1407999999,1407999999
4000,PRD,4830,PRF,7920,1405999999,1405999999
4000,PRD,4830,PRF,7921,1405999999,1405999999
4000,PRD,4830,PRF,7922,1405999999,1405999999
4000,PRD,4830,PRF,7923,1405999999,1405999999
4000,PRD,4830,PRF,7924,1405999999,1405999999
4000,PRD,4830,PRF,7927,1403999999,1403999999
4000,PRD,4830,PRF,7928,1405999999,1405999999
4000,PRD,4840,nan,3000,1403999999,1403999999
4000,PRD,4840,nan,3050,1403999999,1403999999
4000,PRD,4840,nan,3400,1403999999,1403999999
4000,PRD,4840,nan,7920,1405999999,1405999999
4000,PRD,4840,nan,7925,1405999999,1405999999
4000,PRD,4840,PRA,3000,1403999999,1403999999
4000,PRD,4840,PRA,3050,1403999999,1403999999
4000,PRD,4840,PRA,3400,1403999999,1403999999
4000,PRD,4840,PRA,7920,1405999999,1405999999
4000,PRD,4840,PRA,7925,1405999999,1405999999
4000,PRD,4840,PRF,3000,1403999999,1403999999
4000,PRD,4840,PRF,3050,1403999999,1403999999
4000,PRD,4840,PRF,3400,1403999999,1403999999
4000,PRD,4840,PRF,7920,1405999999,1405999999
4000,PRD,4840,PRF,7925,1405999999,1405999999
4000,PRD,4870,nan,3000,1403999999,1403999999
4000,PRD,4870,nan,3040,1403999999,1403999999
4000,PRD,4870,nan,3050,1403999999,1403999999
4000,PRD,4870,nan,3400,1403999999,1403999999
4000,PRD,4870,nan,3500,1403999999,1403999999
4000,PRD,4870,nan,7901,1407999999,1407999999
4000,PRD,4870,nan,7921,1405999999,1405999999
4000,PRD,4870,nan,7922,1405999999,1405999999
4000,PRD,4870,nan,7923,1405999999,1405999999
4000,PRD,4870,nan,7924,1405999999,1405999999
4000,PRD,4870,PRA,3000,1403999999,1403999999
4000,PRD,4870,PRA,3040,1403999999,1403999999
4000,PRD,4870,PRA,3050,1403999999,1403999999
4000,PRD,4870,PRA,3400,1403999999,1403999999
4000,PRD,4870,PRA,3500,1403999999,1403999999
4000,PRD,4870,PRA,7901,1407999999,1407999999
4000,PRD,4870,PRA,7921,1405999999,1405999999
4000,PRD,4870,PRA,7922,1405999999,1405999999
4000,PRD,4870,PRA,7923,1405999999,1405999999
4000,PRD,4870,PRA,7924,1405999999,1405999999
4000,PRD,4870,PRF,3000,1403999999,1403999999
4000,PRD,4870,PRF,3040,1403999999,1403999999
4000,PRD,4870,PRF,3500,1403999999,1403999999
4000,PRD,4870,PRF,7901,1407999999,1407999999
4000,PRD,4870,PRF,7921,1405999999,1405999999
4000,PRD,4870,PRF,7922,1405999999,1405999999
4000,PRD,4870,PRF,7923,1405999999,1405999999
4000,PRD,4870,PRF,7924,1405999999,1405999999
4000,PRD,4900,nan,3000,1403999999,1403999999
4000,PRD,4900,nan,3050,1403999999,1403999999
4000,PRD,4900,nan,3400,1403999999,1403999999
4000,PRD,4900,nan,7920,1405999999,1405999999
4000,PRD,4900,PRA,3000,1403999999,1403999999
4000,PRD,4900,PRA,3050,1403999999,1403999999
4000,PRD,4900,PRA,3400,1403999999,1403999999
4000,PRD,4900,PRA,7920,1405999999,1405999999
4000,PRD,4900,PRF,3000,1403999999,1403999999
4000,PRD,4900,PRF,3050,1403999999,1403999999
4000,PRD,4900,PRF,3400,1403999999,1403999999
4000,PRD,4900,PRF,7920,1405999999,1405999999
4000,PRD,4990,nan,3000,1403999999,1403999999
4000,PRD,4990,nan,3040,1403999999,1403999999
4000,PRD,4990,nan,3050,1403999999,1403999999
4000,PRD,4990,nan,3400,1403999999,1403999999
4000,PRD,4990,nan,7921,1405999999,1405999999
4000,PRD,4990,nan,7924,1405999999,1405999999
4000,PRD,4990,PRA,3000,1403999999,1403999999
4000,PRD,4990,PRA,3040,1403999999,1403999999
4000,PRD,4990,PRA,3050,1403999999,1403999999
4000,PRD,4990,PRA,3400,1403999999,1403999999
4000,PRD,4990,PRA,7921,1405999999,1405999999
4000,PRD,4990,PRA,7924,1405999999,1405999999
4000,PRD,4990,PRF,3000,1403999999,1403999999
4000,PRD,4990,PRF,3040,1403999999,1403999999
4000,PRD,4990,PRF,3050,1403999999,1403999999
4000,PRD,4990,PRF,3400,1403999999,1403999999
4000,PRD,4990,PRF,7921,1405999999,1405999999
4000,PRD,4990,PRF,7924,1405999999,1405999999
4000,PRD,5010,nan,3050,1403999999,1403999999
4000,PRD,5010,nan,3400,1403999999,1403999999
4000,PRD,5010,nan,7921,1405999999,1405999999
4000,PRD,5010,nan,7924,1405999999,1405999999
4000,PRD,5010,PRA,3050,1403999999,1403999999
4000,PRD,5010,PRA,3400,1403999999,1403999999
4000,PRD,5010,PRA,7921,1405999999,1405999999
4000,PRD,5010,PRA,7924,1405999999,1405999999
4000,PRD,5010,PRF,3050,1403999999,1403999999
4000,PRD,5010,PRF,3400,1403999999,1403999999
4000,PRD,5010,PRF,7921,1405999999,1405999999
4000,PRD,5010,PRF,7924,1405999999,1405999999
4000,PRD,5020,nan,3000,1403999999,1403999999
4000,PRD,5020,nan,3040,1403999999,1403999999
4000,PRD,5020,nan,3050,1403999999,1403999999
4000,PRD,5020,nan,3400,1403999999,1403999999
4000,PRD,5020,nan,7921,1405999999,1405999999
4000,PRD,5020,nan,7924,1405999999,1405999999
4000,PRD,5020,PRA,3000,1403999999,1403999999
4000,PRD,5020,PRA,3040,1403999999,1403999999
4000,PRD,5020,PRA,3050,1403999999,1403999999
4000,PRD,5020,PRA,3400,1403999999,1403999999
4000,PRD,5020,PRA,7921,1405999999,1405999999
4000,PRD,5020,PRA,7924,1405999999,1405999999
4000,PRD,5020,PRF,3000,1403999999,1403999999
4000,PRD,5020,PRF,3040,1403999999,1403999999
4000,PRD,5020,PRF,3050,1403999999,1403999999
4000,PRD,5020,PRF,3400,1403999999,1403999999
4000,PRD,5020,PRF,7921,1405999999,1405999999
4000,PRD,5020,PRF,7924,1405999999,1405999999
4000,PRD,5030,nan,3050,1403999999,1403999999
4000,PRD,5030,nan,3400,1403999999,1403999999
4000,PRD,5030,nan,7921,1405999999,1405999999
4000,PRD,5030,nan,7924,1405999999,1405999999
4000,PRD,5030,PRA,3050,1403999999,1403999999
4000,PRD,5030,PRA,3400,1403999999,1403999999
4000,PRD,5030,PRA,7921,1405999999,1405999999
4000,PRD,5030,PRA,7924,1405999999,1405999999
4000,PRD,5030,PRF,3050,1403999999,1403999999
4000,PRD,5030,PRF,3400,1403999999,1403999999
4000,PRD,5030,PRF,7921,1405999999,1405999999
4000,PRD,5030,PRF,7924,1405999999,1405999999
4000,PRD,5050,nan,3000,1403999999,1403999999
4000,PRD,5050,nan,3040,1403999999,1403999999
4000,PRD,5050,nan,3050,1403999999,1403999999
4000,PRD,5050,nan,3400,1403999999,1403999999
4000,PRD,5050,nan,7900,1407999999,1407999999
4000,PRD,5050,nan,7920,1405999999,1405999999
4000,PRD,5050,nan,7921,1405999999,1405999999
4000,PRD,5050,nan,7922,1405999999,1405999999
4000,PRD,5050,nan,7923,1405999999,1405999999
4000,PRD,5050,nan,7924,1405999999,1405999999
4000,PRD,5050,nan,7928,1405999999,1405999999
4000,PRD,5050,PRA,3000,1403999999,1403999999
4000,PRD,5050,PRA,3040,1403999999,1403999999
4000,PRD,5050,PRA,3050,1403999999,1403999999
4000,PRD,5050,PRA,3400,1403999999,1403999999
4000,PRD,5050,PRA,7900,1407999999,1407999999
4000,PRD,5050,PRA,7920,1405999999,1405999999
4000,PRD,5050,PRA,7921,1405999999,1405999999
4000,PRD,5050,PRA,7922,1405999999,1405999999
4000,PRD,5050,PRA,7923,1405999999,1405999999
4000,PRD,5050,PRA,7924,1405999999,1405999999
4000,PRD,5050,PRA,7928,1405999999,1405999999
4000,PRD,5050,PRF,3000,1403999999,1403999999
4000,PRD,5050,PRF,3040,1403999999,1403999999
4000,PRD,5050,PRF,3050,1403999999,1403999999
4000,PRD,5050,PRF,3400,1403999999,1403999999
4000,PRD,5050,PRF,7900,1407999999,1407999999
4000,PRD,5050,PRF,7920,1405999999,1405999999
4000,PRD,5050,PRF,7921,1405999999,1405999999
4000,PRD,5050,PRF,7922,1405999999,1405999999
4000,PRD,5050,PRF,7923,1405999999,1405999999
4000,PRD,5050,PRF,7924,1405999999,1405999999
4000,PRD,5050,PRF,7928,1405999999,1405999999
4000,PRD,5060,nan,3000,1403999999,1403999999
4000,PRD,5060,nan,3050,1403999999,1403999999
4000,PRD,5060,nan,3400,1403999999,1403999999
4000,PRD,5060,nan,7920,1405999999,1405999999
4000,PRD,5060,PRA,3000,1403999999,1403999999
4000,PRD,5060,PRA,3050,1403999999,1403999999
4000,PRD,5060,PRA,3400,1403999999,1403999999
4000,PRD,5060,PRA,7920,1405999999,1405999999
4000,PRD,5060,PRF,3000,1403999999,1403999999
4000,PRD,5060,PRF,3050,1403999999,1403999999
4000,PRD,5060,PRF,3400,1403999999,1403999999
4000,PRD,5060,PRF,7920,1405999999,1405999999
4000,PRD,5080,nan,3000,1403999999,1403999999
4000,PRD,5080,nan,3040,1403999999,1403999999
4000,PRD,5080,nan,3050,1403999999,1403999999
4000,PRD,5080,nan,3400,1403999999,1403999999
4000,PRD,5080,nan,3500,1403999999,1403999999
4000,PRD,5080,nan,7900,1407999999,1407999999
4000,PRD,5080,nan,7920,1405999999,1405999999
4000,PRD,5080,nan,7921,1405999999,1405999999
4000,PRD,5080,PRA,3000,1403999999,1403999999
4000,PRD,5080,PRA,3040,1403999999,1403999999
4000,PRD,5080,PRA,3050,1403999999,1403999999
4000,PRD,5080,PRA,3400,1403999999,1403999999
4000,PRD,5080,PRA,3500,1403999999,1403999999
4000,PRD,5080,PRA,7900,1407999999,1407999999
4000,PRD,5080,PRA,7920,1405999999,1405999999
4000,PRD,5080,PRF,3000,1403999999,1403999999
4000,PRD,5080,PRF,3040,1403999999,1403999999
4000,PRD,5080,PRF,3050,1403999999,1403999999
4000,PRD,5080,PRF,3400,1403999999,1403999999
4000,PRD,5080,PRF,3500,1403999999,1403999999
4000,PRD,5080,PRF,7900,1407999999,1407999999
4000,PRD,5080,PRF,7920,1405999999,1405999999
4000,PRD,5140,nan,3400,1403999999,1403999999
4000,PRD,5140,nan,3500,1403999999,1403999999
4000,PRD,5140,nan,7921,1405999999,1405999999
4000,PRD,5140,PRA,3400,1403999999,1403999999
4000,PRD,5140,PRA,3500,1403999999,1403999999
4000,PRD,5140,PRA,7921,1405999999,1405999999
4000,PRD,5140,PRF,3400,1403999999,1403999999
4000,PRD,5140,PRF,3500,1403999999,1403999999
4000,PRD,5140,PRF,7921,1405999999,1405999999
4000,PRV,,nan,,6501020000,6501020000
4000,PRY,4010,nan,3000,1403999998,1403999998
4000,PRY,4010,nan,3040,1403999998,1403999998
4000,PRY,4010,nan,3050,1403999998,1403999998
4000,PRY,4010,nan,3400,1403999998,1403999998
4000,PRY,4010,nan,3401,1403999998,1403999998
4000,PRY,4010,nan,3500,1403999998,1403999998
4000,PRY,4010,nan,7900,1407999998,1403999998
4000,PRY,4010,nan,7901,1407999998,1403999998
4000,PRY,4010,nan,7920,1405999998,1403999998
4000,PRY,4010,nan,7921,1405999998,1403999998
4000,PRY,4010,nan,7922,1405999998,1403999998
4000,PRY,4010,nan,7923,1405999998,1403999998
4000,PRY,4020,nan,3000,1403999998,1403999998
4000,PRY,4020,nan,3040,1403999998,1403999998
4000,PRY,4020,nan,3050,1403999998,1403999998
4000,PRY,4020,nan,3400,1403999998,1403999998
4000,PRY,4020,nan,3401,1403999998,1403999998
4000,PRY,4020,nan,3500,1403999998,1403999998
4000,PRY,4020,nan,7900,1407999998,1407999998
4000,PRY,4020,nan,7901,1407999998,1407999998
4000,PRY,4020,nan,7920,1405999998,1405999998
4000,PRY,4020,nan,7921,1405999998,1405999998
4000,PRY,4020,nan,7922,1405999998,1405999998
4000,PRY,4020,nan,7923,1405999998,1405999998
4000,PRY,4020,nan,7925,1405999998,1405999998
4000,PRY,4020,nan,7928,1405999998,1405999998
4000,PRY,4030,nan,3000,1403999998,1403999998
4000,PRY,4030,nan,3040,1403999998,1403999998
4000,PRY,4030,nan,3050,1403999998,1403999998
4000,PRY,4030,nan,3400,1403999998,1403999998
4000,PRY,4030,nan,3401,1403999998,1403999998
4000,PRY,4030,nan,3500,1403999998,1403999998
4000,PRY,4030,nan,7900,1407999998,1407999998
4000,PRY,4030,nan,7901,1407999998,1407999998
4000,PRY,4030,nan,7920,1405999998,1405999998
4000,PRY,4030,nan,7921,1405999998,1405999998
4000,PRY,4030,nan,7922,1405999998,1405999998
4000,PRY,4030,nan,7928,1405999998,1405999998
4000,PRY,4100,nan,3000,1403999998,1403999998
4000,PRY,4100,nan,3040,1403999998,1403999998
4000,PRY,4100,nan,3050,1403999998,1403999998
4000,PRY,4100,nan,3400,1403999998,1403999998
4000,PRY,4100,nan,3401,1403999998,1403999998
4000,PRY,4100,nan,3500,1403999998,1403999998
4000,PRY,4100,nan,7900,1407999998,1407999998
4000,PRY,4100,nan,7901,1407999998,1407999998
4000,PRY,4100,nan,7920,1405999998,1405999998
4000,PRY,4100,nan,7921,1405999998,1405999998
4000,PRY,4100,nan,7922,1405999998,1405999998
4000,PRY,4100,nan,7927,1403999998,1403999998
4000,PRY,4100,nan,7928,1405999998,1405999998
4000,PRY,4110,nan,3000,1403999998,1403999998
4000,PRY,4110,nan,3040,1403999998,1403999998
4000,PRY,4110,nan,3050,1403999998,1403999998
4000,PRY,4110,nan,3400,1403999998,1403999998
4000,PRY,4110,nan,3401,1403999998,1403999998
4000,PRY,4110,nan,3500,1403999998,1403999998
4000,PRY,4110,nan,7900,1407999998,1407999998
4000,PRY,4110,nan,7901,1407999998,1407999998
4000,PRY,4110,nan,7920,1405999998,1405999998
4000,PRY,4110,nan,7921,1405999998,1405999998
4000,PRY,4110,nan,7922,1405999998,1405999998
4000,PRY,4110,nan,7923,1405999998,1405999998
4000,PRY,4110,nan,7925,1405999998,1405999998
4000,PRY,4110,nan,7927,1405999998,1405999998
4000,PRY,4110,nan,7928,1405999998,1405999998
4000,PRY,4120,nan,3000,1403999998,1403999998
4000,PRY,4120,nan,3040,1403999998,1403999998
4000,PRY,4120,nan,3050,1403999998,1403999998
4000,PRY,4120,nan,3400,1403999998,1403999998
4000,PRY,4120,nan,3401,1403999998,1403999998
4000,PRY,4120,nan,3500,1403999998,1403999998
4000,PRY,4120,nan,7900,1407999998,1407999998
4000,PRY,4120,nan,7901,1407999998,1407999998
4000,PRY,4120,nan,7920,1405999998,1405999998
4000,PRY,4120,nan,7921,1405999998,1405999998
4000,PRY,4120,nan,7922,1405999998,1405999998
4000,PRY,4120,nan,7923,1405999998,1405999998
4000,PRY,4120,nan,7927,1405999998,1405999998
4000,PRY,4120,nan,7928,1405999998,1405999998
4000,PRY,4130,nan,3000,1403999998,1403999998
4000,PRY,4130,nan,3040,1403999998,1403999998
4000,PRY,4130,nan,3050,1403999998,1403999998
4000,PRY,4130,nan,3400,1403999998,1403999998
4000,PRY,4130,nan,3401,1403999998,1403999998
4000,PRY,4130,nan,3500,1403999998,1403999998
4000,PRY,4130,nan,7900,1407999998,1407999998
4000,PRY,4130,nan,7901,1407999998,1407999998
4000,PRY,4130,nan,7920,1405999998,1405999998
4000,PRY,4130,nan,7921,1405999998,1405999998
4000,PRY,4130,nan,7922,1405999998,1405999998
4000,PRY,4130,nan,7923,1405999998,1405999998
4000,PRY,4130,nan,7925,1405999998,1405999998
4000,PRY,4130,nan,7927,1403999998,1403999998
4000,PRY,4130,nan,7928,1405999998,1405999998
4000,PRY,4140,nan,3000,1403999998,1403999998
4000,PRY,4140,nan,3040,1403999998,1403999998
4000,PRY,4140,nan,3050,1403999998,1403999998
4000,PRY,4140,nan,3400,1403999998,1403999998
4000,PRY,4140,nan,3401,1403999998,1403999998
4000,PRY,4140,nan,3500,1403999998,1403999998
4000,PRY,4140,nan,7900,1407999998,1407999998
4000,PRY,4140,nan,7901,1407999998,1407999998
4000,PRY,4140,nan,7920,1405999998,1405999998
4000,PRY,4140,nan,7921,1405999998,1405999998
4000,PRY,4140,nan,7922,1405999998,1405999998
4000,PRY,4140,nan,7928,1405999998,1405999998
4000,PRY,4150,nan,3000,1403999998,1403999998
4000,PRY,4150,nan,3040,1403999998,1403999998
4000,PRY,4150,nan,3050,1403999998,1403999998
4000,PRY,4150,nan,3400,1403999998,1403999998
4000,PRY,4150,nan,3401,1403999998,1403999998
4000,PRY,4150,nan,3500,1403999998,1403999998
4000,PRY,4150,nan,7900,1407999998,1407999998
4000,PRY,4150,nan,7901,1407999998,1407999998
4000,PRY,4150,nan,7920,1405999998,1405999998
4000,PRY,4150,nan,7921,1405999998,1405999998
4000,PRY,4150,nan,7922,1405999998,1405999998
4000,PRY,4150,nan,7923,1405999998,1405999998
4000,PRY,4150,nan,7927,1403999998,1403999998
4000,PRY,4150,nan,7928,1405999998,1405999998
4000,PRY,4170,nan,3000,1403999998,1403999998
4000,PRY,4170,nan,3040,1403999998,1403999998
4000,PRY,4170,nan,3050,1403999998,1403999998
4000,PRY,4170,nan,3400,1403999998,1403999998
4000,PRY,4170,nan,3401,1403999998,1403999998
4000,PRY,4170,nan,3500,1403999998,1403999998
4000,PRY,4170,nan,7900,1407999998,1407999998
4000,PRY,4170,nan,7901,1407999998,1407999998
4000,PRY,4170,nan,7920,1405999998,1405999998
4000,PRY,4170,nan,7921,1405999998,1405999998
4000,PRY,4170,nan,7922,1405999998,1405999998
4000,PRY,4170,nan,7928,1405999998,1405999998
4000,PRY,4180,nan,3000,1403999998,1403999998
4000,PRY,4180,nan,3040,1403999998,1403999998
4000,PRY,4180,nan,3050,1403999998,1403999998
4000,PRY,4180,nan,3400,1403999998,1403999998
4000,PRY,4180,nan,3401,1403999998,1403999998
4000,PRY,4180,nan,3500,1403999998,1403999998
4000,PRY,4180,nan,7900,1407999998,1407999998
4000,PRY,4180,nan,7901,1407999998,1407999998
4000,PRY,4180,nan,7920,1405999998,1405999998
4000,PRY,4180,nan,7921,1405999998,1405999998
4000,PRY,4180,nan,7922,1405999998,1405999998
4000,PRY,4180,nan,7923,1405999998,1405999998
4000,PRY,4180,nan,7925,1405999998,1405999998
4000,PRY,4180,nan,7927,1405999998,1405999998
4000,PRY,4180,nan,7928,1405999998,1405999998
4000,PRY,4410,nan,7920,1405999998,1405999998
4000,PRY,4410,nan,7921,1405999998,1405999998
4000,PRY,4410,nan,7922,1405999998,1405999998
4000,PRY,4450,nan,3000,1403999998,1403999998
4000,PRY,4450,nan,3040,1403999998,1403999998
4000,PRY,4450,nan,3050,1403999998,1403999998
4000,PRY,4450,nan,3400,1403999998,1403999998
4000,PRY,4450,nan,3401,1403999998,1403999998
4000,PRY,4450,nan,3500,1403999998,1403999998
4000,PRY,4450,nan,7900,1407999998,1407999998
4000,PRY,4450,nan,7901,1407999998,1407999998
4000,PRY,4450,nan,7920,1405999998,1405999998
4000,PRY,4450,nan,7921,1405999998,1405999998
4000,PRY,4450,nan,7922,1405999998,1405999998
4000,PRY,4510,nan,3000,1403999998,1403999998
4000,PRY,4510,nan,3040,1403999998,1403999998
4000,PRY,4510,nan,3050,1403999998,1403999998
4000,PRY,4510,nan,3400,1403999998,1403999998
4000,PRY,4510,nan,3401,1403999998,1403999998
4000,PRY,4510,nan,3500,1403999998,1403999998
4000,PRY,4510,nan,7900,1407999998,1407999998
4000,PRY,4510,nan,7901,1407999998,1407999998
4000,PRY,4510,nan,7920,1405999998,1405999998
4000,PRY,4510,nan,7921,1405999998,1405999998
4000,PRY,4510,nan,7922,1405999998,1405999998
4000,PRY,4510,nan,7923,1405999998,1405999998
4000,PRY,4510,nan,7925,1405999998,1405999998
4000,PRY,4510,nan,7927,1403999998,1403999998
4000,PRY,4510,nan,7928,1405999998,1405999998
4000,PRY,4520,nan,3000,1403999998,1403999998
4000,PRY,4520,nan,3040,1403999998,1403999998
4000,PRY,4520,nan,3050,1403999998,1403999998
4000,PRY,4520,nan,3400,1403999998,1403999998
4000,PRY,4520,nan,3401,1403999998,1403999998
4000,PRY,4520,nan,3500,1403999998,1403999998
4000,PRY,4520,nan,7900,1407999998,1407999998
4000,PRY,4520,nan,7901,1407999998,1407999998
4000,PRY,4520,nan,7920,1405999998,1405999998
4000,PRY,4520,nan,7921,1405999998,1405999998
4000,PRY,4520,nan,7922,1405999998,1405999998
4000,PRY,4520,nan,7923,1405999998,1405999998
4000,PRY,4520,nan,7927,1403999998,1403999998
4000,PRY,4520,nan,7928,1405999998,1405999998
4000,PRY,4580,nan,3000,1403999998,1403999998
4000,PRY,4580,nan,3040,1403999998,1403999998
4000,PRY,4580,nan,3050,1403999998,1403999998
4000,PRY,4580,nan,3400,1403999998,1403999998
4000,PRY,4580,nan,3401,1403999998,1403999998
4000,PRY,4580,nan,3500,1403999998,1403999998
4000,PRY,4580,nan,7900,1407999998,1407999998
4000,PRY,4580,nan,7901,1407999998,1407999998
4000,PRY,4580,nan,7920,1405999998,1405999998
4000,PRY,4580,nan,7921,1405999998,1405999998
4000,PRY,4580,nan,7922,1405999998,1405999998
4000,PRY,4580,nan,7928,1405999998,1405999998
4000,PRY,4680,nan,3000,1403999998,1403999998
4000,PRY,4680,nan,3040,1403999998,1403999998
4000,PRY,4680,nan,3050,1403999998,1403999998
4000,PRY,4680,nan,3400,1403999998,1403999998
4000,PRY,4680,nan,3401,1403999998,1403999998
4000,PRY,4680,nan,3500,1403999998,1403999998
4000,PRY,4680,nan,7900,1407999998,1407999998
4000,PRY,4680,nan,7901,1407999998,1407999998
4000,PRY,4680,nan,7920,1405999998,1405999998
4000,PRY,4680,nan,7921,1405999998,1405999998
4000,PRY,4680,nan,7922,1405999998,1405999998
4000,PRY,4680,nan,7923,1405999998,1405999998
4000,PRY,4680,nan,7928,1405999998,1405999998
4000,PRY,4800,nan,3000,1403999998,1403999998
4000,PRY,4800,nan,3040,1403999998,1403999998
4000,PRY,4800,nan,3050,1403999998,1403999998
4000,PRY,4800,nan,3400,1403999998,1403999998
4000,PRY,4800,nan,7921,1405999998,1405999998
4000,PRY,4800,nan,7922,1405999998,1405999998
4000,PRY,4800,nan,7924,1405999998,1405999998
4000,PRY,4800,nan,7928,1405999998,1405999998
4000,PRY,4820,nan,3000,1403999998,1403999998
4000,PRY,4820,nan,3040,1403999998,1403999998
4000,PRY,4820,nan,3050,1403999998,1403999998
4000,PRY,4820,nan,3400,1403999998,1403999998
4000,PRY,4820,nan,3500,1403999998,1403999998
4000,PRY,4820,nan,7900,1407999998,1407999998
4000,PRY,4820,nan,7901,1407999998,1407999998
4000,PRY,4820,nan,7920,1405999998,1405999998
4000,PRY,4820,nan,7921,1405999998,1405999998
4000,PRY,4820,nan,7922,1405999998,1405999998
4000,PRY,4820,nan,7923,1405999998,1405999998
4000,PRY,4820,nan,7925,1405999998,1405999998
4000,PRY,4820,nan,7927,1405999998,1405999998
4000,PRY,4820,nan,7928,1405999998,1405999998
4000,PRY,4830,nan,3000,1403999998,1403999998
4000,PRY,4830,nan,3040,1403999998,1403999998
4000,PRY,4830,nan,3050,1403999998,1403999998
4000,PRY,4830,nan,3400,1403999998,1403999998
4000,PRY,4830,nan,3500,1403999998,1403999998
4000,PRY,4830,nan,7900,1407999998,1407999998
4000,PRY,4830,nan,7901,1407999998,1407999998
4000,PRY,4830,nan,7920,1405999998,1405999998
4000,PRY,4830,nan,7921,1405999998,1405999998
4000,PRY,4830,nan,7922,1405999998,1405999998
4000,PRY,4830,nan,7923,1405999998,1405999998
4000,PRY,4830,nan,7925,1405999998,1405999998
4000,PRY,4830,nan,7927,1405999998,1405999998
4000,PRY,4830,nan,7928,1405999998,1405999998
4000,PRY,4870,nan,7922,1405999998,1405999998
4000,PRY,4870,nan,7927,1405999998,1405999998
4000,PRY,4990,nan,3000,1403999998,1403999998
4000,PRY,4990,nan,3040,1403999998,1403999998
4000,PRY,5020,nan,3000,1403999998,1403999998
4000,PRY,5020,nan,3040,1403999998,1403999998
4000,PRY,5020,nan,7921,1405999998,1405999998
4000,PRY,5020,nan,7924,1405999998,1405999998
4000,PRY,5020,nan,7928,1405999998,1405999998
4000,PRY,5050,nan,,3000,1403999998
4000,PRY,5050,nan,3000,1403999998,1403999998
4000,PRY,5050,nan,3040,1403999998,1403999998
4000,PRY,5050,nan,3050,1403999998,1403999998
4000,PRY,5050,nan,3400,1403999998,1403999998
4000,PRY,5050,nan,3401,1403999998,1403999998
4000,PRY,5050,nan,3500,1403999998,1403999998
4000,PRY,5050,nan,7900,1407999998,1407999998
4000,PRY,5050,nan,7901,1407999998,1407999998
4000,PRY,5050,nan,7920,1405999998,1405999998
4000,PRY,5050,nan,7921,1405999998,1405999998
4000,PRY,5050,nan,7922,1405999998,1405999998
4000,PRY,5050,nan,7923,1405999998,1405999998
4000,PRY,5050,nan,7925,1405999998,1405999998
4000,PRY,5050,nan,7927,1405999998,1405999998
4000,PRY,5050,nan,7928,1405999998,1405999998
4000,PRY,5080,nan,3000,1403999998,1403999998
4000,PRY,5080,nan,3040,1403999998,1403999998
4000,PRY,5080,nan,3050,1403999998,1403999998
4000,PRY,5080,nan,3400,1403999998,1403999998
4000,PRY,5080,nan,3401,1403999998,1403999998
4000,PRY,5080,nan,3500,1403999998,1403999998
4000,PRY,5080,nan,7900,1407999998,1407999998
4000,PRY,5080,nan,7901,1407999998,1407999998
4000,PRY,5080,nan,7920,1405999998,1405999998
4000,PRY,5080,nan,7921,1405999998,1405999998
4000,PRY,5080,nan,7922,1405999998,1405999998
4000,PRY,5080,nan,7923,1405999998,1405999998
4000,PRY,5080,nan,7925,1405999998,1405999998
4000,PRY,5080,nan,7928,1405999998,1405999998
4000,PRY,5140,nan,7921,1405999998,1405999998
4000,UMB,4000,nan,3400,1403999999,1403999999
4000,UMB,4010,nan,3000,1403999999,1403999999
4000,UMB,4010,nan,3040,1403999999,1403999999
4000,UMB,4010,nan,3050,1403999999,1403999999
4000,UMB,4010,nan,3400,1403999999,1403999999
4000,UMB,4010,nan,3500,1403999999,1403999999
4000,UMB,4010,nan,7900,1407999999,1407999999
4000,UMB,4010,nan,7901,1407999999,1407999999
4000,UMB,4010,nan,7920,1405999999,1405999999
4000,UMB,4010,nan,7921,1405999999,1405999999
4000,UMB,4010,nan,7923,1405999999,1405999999
4000,UMB,4010,nan,7925,1405999999,1405999999
4000,UMB,4020,nan,3000,1403999999,1403999999
4000,UMB,4020,nan,3040,1403999999,1403999999
4000,UMB,4020,nan,3050,1403999999,1403999999
4000,UMB,4020,nan,3400,1403999999,1403999999
4000,UMB,4020,nan,3500,1403999999,1403999999
4000,UMB,4020,nan,7900,1407999999,1407999999
4000,UMB,4020,nan,7901,1407999999,1407999999
4000,UMB,4020,nan,7920,1405999999,1405999999
4000,UMB,4020,nan,7921,1405999999,1405999999
4000,UMB,4020,nan,7923,1405999999,1405999999
4000,UMB,4020,nan,7925,1405999999,1405999999
4000,UMB,4020,nan,7927,1403999999,1403999999
4000,UMB,4020,nan,7928,1405999999,1405999999
4000,UMB,4030,nan,3000,1403999999,1403999999
4000,UMB,4030,nan,3040,1403999999,1403999999
4000,UMB,4030,nan,3050,1403999999,1403999999
4000,UMB,4030,nan,3400,1403999999,1403999999
4000,UMB,4030,nan,7900,1407999999,1407999999
4000,UMB,4030,nan,7920,1405999999,1405999999
4000,UMB,4030,nan,7921,1405999999,1405999999
4000,UMB,4030,nan,7925,1405999999,1405999999
4000,UMB,4030,nan,7928,1405999999,1405999999
4000,UMB,4040,nan,3000,1403999999,1403999999
4000,UMB,4040,nan,3040,1403999999,1403999999
4000,UMB,4040,nan,3050,1403999999,1403999999
4000,UMB,4040,nan,3400,1403999999,1403999999
4000,UMB,4040,nan,7900,1407999999,1407999999
4000,UMB,4040,nan,7920,1405999999,1405999999
4000,UMB,4040,nan,7926,1405999999,1405999999
4000,UMB,4050,nan,3000,1403999999,1403999999
4000,UMB,4050,nan,3040,1403999999,1403999999
4000,UMB,4050,nan,3050,1403999999,1403999999
4000,UMB,4050,nan,3400,1403999999,1403999999
4000,UMB,4050,nan,3500,1403999999,1403999999
4000,UMB,4050,nan,7901,1407999999,1407999999
4000,UMB,4050,nan,7921,1405999999,1405999999
4000,UMB,4060,nan,3100,1405999999,1405999999
4000,UMB,4070,nan,3040,1403999999,1403999999
4000,UMB,4070,nan,3400,1403999999,1403999999
4000,UMB,4070,nan,3401,1403999999,1403999999
4000,UMB,4070,nan,7921,1405999999,1405999999
4000,UMB,4090,nan,3000,1403999999,1403999999
4000,UMB,4090,nan,3050,1403999999,1403999999
4000,UMB,4090,nan,7920,1405999999,1405999999
4000,UMB,4090,nan,7926,1405999999,1405999999
4000,UMB,4100,nan,3000,1403999999,1403999999
4000,UMB,4100,nan,3040,1403999999,1403999999
4000,UMB,4100,nan,3050,1403999999,1403999999
4000,UMB,4100,nan,3400,1403999999,1403999999
4000,UMB,4100,nan,3500,1403999999,1403999999
4000,UMB,4100,nan,7900,1407999999,1407999999
4000,UMB,4100,nan,7901,1407999999,1407999999
4000,UMB,4100,nan,7920,1405999999,1405999999
4000,UMB,4100,nan,7921,1405999999,1405999999
4000,UMB,4100,nan,7924,1405999999,1405999999
4000,UMB,4100,nan,7925,1405999999,1405999999
4000,UMB,4100,nan,7927,1403999999,1403999999
4000,UMB,4100,nan,7928,1405999999,1405999999
4000,UMB,4110,nan,3000,1403999999,1403999999
4000,UMB,4110,nan,3040,1403999999,1403999999
4000,UMB,4110,nan,3050,1403999999,1403999999
4000,UMB,4110,nan,3400,1403999999,1403999999
4000,UMB,4110,nan,3500,1403999999,1403999999
4000,UMB,4110,nan,7900,1407999999,1407999999
4000,UMB,4110,nan,7901,1407999999,1407999999
4000,UMB,4110,nan,7920,1405999999,1405999999
4000,UMB,4110,nan,7921,1405999999,1405999999
4000,UMB,4110,nan,7923,1405999999,1405999999
4000,UMB,4110,nan,7925,1405999999,1405999999
4000,UMB,4110,nan,7927,1403999999,1403999999
4000,UMB,4110,nan,7928,1405999999,1405999999
4000,UMB,4120,nan,3000,1403999999,1403999999
4000,UMB,4120,nan,3040,1403999999,1403999999
4000,UMB,4120,nan,3050,1403999999,1403999999
4000,UMB,4120,nan,3400,1403999999,1403999999
4000,UMB,4120,nan,3500,1403999999,1403999999
4000,UMB,4120,nan,7900,1407999999,1407999999
4000,UMB,4120,nan,7901,1407999999,1407999999
4000,UMB,4120,nan,7920,1405999999,1405999999
4000,UMB,4120,nan,7921,1405999999,1405999999
4000,UMB,4120,nan,7923,1405999999,1405999999
4000,UMB,4120,nan,7924,1405999999,1405999999
4000,UMB,4120,nan,7925,1405999999,1405999999
4000,UMB,4120,nan,7927,1403999999,1403999999
4000,UMB,4120,nan,7928,1405999999,1405999999
4000,UMB,4130,nan,3000,1403999999,1403999999
4000,UMB,4130,nan,3040,1403999999,1403999999
4000,UMB,4130,nan,3050,1403999999,1403999999
4000,UMB,4130,nan,3400,1403999999,1403999999
4000,UMB,4130,nan,3500,1403999999,1403999999
4000,UMB,4130,nan,7900,1407999999,1407999999
4000,UMB,4130,nan,7901,1407999999,1407999999
4000,UMB,4130,nan,7920,1405999999,1405999999
4000,UMB,4130,nan,7921,1405999999,1405999999
4000,UMB,4130,nan,7923,1405999999,1405999999
4000,UMB,4130,nan,7924,1405999999,1405999999
4000,UMB,4130,nan,7925,1405999999,1405999999
4000,UMB,4130,nan,7927,1403999999,1403999999
4000,UMB,4130,nan,7928,1405999999,1405999999
4000,UMB,4140,nan,3000,1403999999,1403999999
4000,UMB,4140,nan,3040,1403999999,1403999999
4000,UMB,4140,nan,3050,1403999999,1403999999
4000,UMB,4140,nan,3400,1403999999,1403999999
4000,UMB,4140,nan,3500,1403999999,1403999999
4000,UMB,4140,nan,7900,1407999999,1407999999
4000,UMB,4140,nan,7901,1407999999,1407999999
4000,UMB,4140,nan,7920,1405999999,1405999999
4000,UMB,4140,nan,7921,1405999999,1405999999
4000,UMB,4140,nan,7928,1405999999,1405999999
4000,UMB,4150,nan,3000,1403999999,1403999999
4000,UMB,4150,nan,3040,1403999999,1403999999
4000,UMB,4150,nan,3050,1403999999,1403999999
4000,UMB,4150,nan,3400,1403999999,1403999999
4000,UMB,4150,nan,3500,1403999999,1403999999
4000,UMB,4150,nan,7900,1407999999,1407999999
4000,UMB,4150,nan,7901,1407999999,1407999999
4000,UMB,4150,nan,7920,1405999999,1405999999
4000,UMB,4150,nan,7921,1405999999,1405999999
4000,UMB,4150,nan,7923,1405999999,1405999999
4000,UMB,4150,nan,7924,1405999999,1405999999
4000,UMB,4150,nan,7925,1405999999,1405999999
4000,UMB,4150,nan,7927,1403999999,1403999999
4000,UMB,4150,nan,7928,1405999999,1405999999
4000,UMB,4170,nan,3000,1403999999,1403999999
4000,UMB,4170,nan,3040,1403999999,1403999999
4000,UMB,4170,nan,3050,1403999999,1403999999
4000,UMB,4170,nan,3400,1403999999,1403999999
4000,UMB,4170,nan,3500,1403999999,1403999999
4000,UMB,4170,nan,7900,1407999999,1407999999
4000,UMB,4170,nan,7901,1407999999,1407999999
4000,UMB,4170,nan,7920,1405999999,1405999999
4000,UMB,4170,nan,7921,1405999999,1405999999
4000,UMB,4170,nan,7924,1405999999,1405999999
4000,UMB,4170,nan,7928,1405999999,1405999999
4000,UMB,4180,nan,3000,1403999999,1403999999
4000,UMB,4180,nan,3040,1403999999,1403999999
4000,UMB,4180,nan,3050,1403999999,1403999999
4000,UMB,4180,nan,3400,1403999999,1403999999
4000,UMB,4180,nan,3500,1403999999,1403999999
4000,UMB,4180,nan,7900,1407999999,1407999999
4000,UMB,4180,nan,7901,1407999999,1407999999
4000,UMB,4180,nan,7920,1405999999,1405999999
4000,UMB,4180,nan,7921,1405999999,1405999999
4000,UMB,4180,nan,7923,1405999999,1405999999
4000,UMB,4180,nan,7924,1405999999,1405999999
4000,UMB,4180,nan,7925,1405999999,1405999999
4000,UMB,4180,nan,7927,1403999999,1403999999
4000,UMB,4180,nan,7928,1405999999,1405999999
4000,UMB,4220,nan,3000,1403999999,1403999999
4000,UMB,4220,nan,3040,1403999999,1403999999
4000,UMB,4220,nan,3050,1403999999,1403999999
4000,UMB,4220,nan,3400,1403999999,1403999999
4000,UMB,4220,nan,7900,1407999999,1407999999
4000,UMB,4220,nan,7920,1405999999,1405999999
4000,UMB,4220,nan,7926,1405999999,1405999999
4000,UMB,4230,nan,3000,1403999999,1403999999
4000,UMB,4230,nan,3040,1403999999,1403999999
4000,UMB,4230,nan,3050,1403999999,1403999999
4000,UMB,4230,nan,3400,1403999999,1403999999
4000,UMB,4230,nan,7900,1407999999,1407999999
4000,UMB,4230,nan,7920,1405999999,1405999999
4000,UMB,4230,nan,7926,1405999999,1405999999
4000,UMB,4240,nan,3000,1403999999,1403999999
4000,UMB,4240,nan,3040,1403999999,1403999999
4000,UMB,4240,nan,3050,1403999999,1403999999
4000,UMB,4240,nan,3400,1403999999,1403999999
4000,UMB,4240,nan,7900,1407999999,1407999999
4000,UMB,4240,nan,7920,1405999999,1405999999
4000,UMB,4250,nan,3000,1403999999,1403999999
4000,UMB,4250,nan,3040,1403999999,1403999999
4000,UMB,4250,nan,3050,1403999999,1403999999
4000,UMB,4250,nan,3400,1403999999,1403999999
4000,UMB,4250,nan,7900,1407999999,1407999999
4000,UMB,4250,nan,7920,1405999999,1405999999
4000,UMB,4250,nan,7926,1405999999,1405999999
4000,UMB,4260,nan,3000,1403999999,1403999999
4000,UMB,4260,nan,3040,1403999999,1403999999
4000,UMB,4260,nan,3050,1403999999,1403999999
4000,UMB,4260,nan,3400,1403999999,1403999999
4000,UMB,4260,nan,7900,1407999999,1407999999
4000,UMB,4260,nan,7920,1405999999,1405999999
4000,UMB,4300,nan,3100,1405999999,1405999999
4000,UMB,4310,nan,3000,1403999999,1403999999
4000,UMB,4310,nan,3040,1403999999,1403999999
4000,UMB,4310,nan,3050,1403999999,1403999999
4000,UMB,4310,nan,3400,1403999999,1403999999
4000,UMB,4310,nan,7900,1407999999,1407999999
4000,UMB,4310,nan,7920,1405999999,1405999999
4000,UMB,4350,nan,3000,1403999999,1403999999
4000,UMB,4350,nan,3050,1403999999,1403999999
4000,UMB,4350,nan,7920,1405999999,1405999999
4000,UMB,4350,nan,7926,1405999999,1405999999
4000,UMB,4370,nan,3000,1403999999,1403999999
4000,UMB,4370,nan,3040,1403999999,1403999999
4000,UMB,4370,nan,3050,1403999999,1403999999
4000,UMB,4370,nan,3400,1403999999,1403999999
4000,UMB,4370,nan,7900,1407999999,1407999999
4000,UMB,4370,nan,7920,1405999999,1405999999
4000,UMB,4370,nan,7926,1405999999,1405999999
4000,UMB,4380,nan,3000,1403999999,1403999999
4000,UMB,4380,nan,3040,1403999999,1403999999
4000,UMB,4380,nan,3050,1403999999,1403999999
4000,UMB,4380,nan,3400,1403999999,1403999999
4000,UMB,4380,nan,7900,1407999999,1407999999
4000,UMB,4380,nan,7920,1405999999,1405999999
4000,UMB,4380,nan,7926,1405999999,1405999999
4000,UMB,4410,nan,3000,1403999999,1403999999
4000,UMB,4410,nan,3040,1403999999,1403999999
4000,UMB,4410,nan,3050,1403999999,1403999999
4000,UMB,4410,nan,3400,1403999999,1403999999
4000,UMB,4410,nan,3500,1403999999,1403999999
4000,UMB,4410,nan,7900,1407999999,1407999999
4000,UMB,4410,nan,7901,1407999999,1407999999
4000,UMB,4410,nan,7920,1405999999,1405999999
4000,UMB,4410,nan,7921,1405999999,1405999999
4000,UMB,4410,nan,7924,1405999999,1405999999
4000,UMB,4420,nan,3000,1403999999,1403999999
4000,UMB,4420,nan,3040,1403999999,1403999999
4000,UMB,4420,nan,3050,1403999999,1403999999
4000,UMB,4420,nan,3100,1405999999,1405999999
4000,UMB,4420,nan,3400,1403999999,1403999999
4000,UMB,4420,nan,3500,1403999999,1403999999
4000,UMB,4460,nan,3000,1403999999,1403999999
4000,UMB,4460,nan,3050,1403999999,1403999999
4000,UMB,4460,nan,7920,1405999999,1405999999
4000,UMB,4470,nan,3000,1403999999,1403999999
4000,UMB,4470,nan,3050,1403999999,1403999999
4000,UMB,4470,nan,7920,1405999999,1405999999
4000,UMB,4470,nan,7926,1405999999,1405999999
4000,UMB,4480,nan,3000,1403999998,1403999998
4000,UMB,4480,nan,3040,1403999998,1403999998
4000,UMB,4480,nan,3050,1403999998,1403999998
4000,UMB,4480,nan,3400,1403999998,1403999998
4000,UMB,4480,nan,3401,1403999998,1403999998
4000,UMB,4480,nan,3500,1403999998,1403999998
4000,UMB,4480,nan,7900,1407999998,1407999998
4000,UMB,4480,nan,7901,1407999998,1407999998
4000,UMB,4480,nan,7920,1405999998,1405999998
4000,UMB,4480,nan,7921,1405999998,1405999998
4000,UMB,4480,nan,7922,1405999998,1405999998
4000,UMB,4480,nan,7923,1405999998,1405999998
4000,UMB,4510,nan,3000,1403999999,1403999999
4000,UMB,4510,nan,3040,1403999999,1403999999
4000,UMB,4510,nan,3050,1403999999,1403999999
4000,UMB,4510,nan,3400,1403999999,1403999999
4000,UMB,4510,nan,3500,1403999999,1403999999
4000,UMB,4510,nan,7900,1407999999,1407999999
4000,UMB,4510,nan,7901,1407999999,1407999999
4000,UMB,4510,nan,7920,1405999999,1405999999
4000,UMB,4510,nan,7921,1405999999,1405999999
4000,UMB,4510,nan,7922,1405999999,1405999999
4000,UMB,4510,nan,7923,1405999999,1405999999
4000,UMB,4510,nan,7924,1405999999,1405999999
4000,UMB,4510,nan,7925,1405999999,1405999999
4000,UMB,4510,nan,7928,1405999999,1405999999
4000,UMB,4520,nan,3000,1403999999,1403999999
4000,UMB,4520,nan,3001,1403999999,1403999999
4000,UMB,4520,nan,3002,1403999999,1403999999
4000,UMB,4520,nan,3003,1403999999,1403999999
4000,UMB,4520,nan,3040,1403999999,1403999999
4000,UMB,4520,nan,3050,1403999999,1403999999
4000,UMB,4520,nan,3400,1403999999,1403999999
4000,UMB,4520,nan,3500,1403999999,1403999999
4000,UMB,4520,nan,7900,1407999999,1407999999
4000,UMB,4520,nan,7901,1407999999,1407999999
4000,UMB,4520,nan,7920,1405999999,1405999999
4000,UMB,4520,nan,7921,1405999999,1405999999
4000,UMB,4520,nan,7922,1405999999,1405999999
4000,UMB,4520,nan,7923,1405999999,1405999999
4000,UMB,4520,nan,7924,1405999999,1405999999
4000,UMB,4520,nan,7925,1405999999,1405999999
4000,UMB,4520,nan,7928,1405999999,1405999999
4000,UMB,4530,nan,3000,1403999999,1403999999
4000,UMB,4530,nan,3050,1403999999,1403999999
4000,UMB,4530,nan,7920,1405999999,1405999999
4000,UMB,4530,nan,7926,1405999999,1405999999
4000,UMB,4540,nan,3050,1403999998,1403999998
4000,UMB,4540,nan,3400,1403999998,1403999998
4000,UMB,4540,nan,7921,1405999998,1405999998
4000,UMB,4540,nan,7924,1405999999,1405999999
4000,UMB,4580,nan,3000,1403999999,1403999999
4000,UMB,4580,nan,3001,1403999999,1403999999
4000,UMB,4580,nan,3002,1403999999,1403999999
4000,UMB,4580,nan,3003,1403999999,1403999999
4000,UMB,4580,nan,3040,1403999999,1403999999
4000,UMB,4580,nan,3050,1403999999,1403999999
4000,UMB,4580,nan,3400,1403999999,1403999999
4000,UMB,4580,nan,3500,1403999999,1403999999
4000,UMB,4580,nan,7900,1407999999,1407999999
4000,UMB,4580,nan,7901,1407999999,1407999999
4000,UMB,4580,nan,7920,1405999999,1405999999
4000,UMB,4580,nan,7921,1405999999,1405999999
4000,UMB,4580,nan,7922,1405999999,1405999999
4000,UMB,4580,nan,7923,1405999999,1405999999
4000,UMB,4580,nan,7924,1405999999,1405999999
4000,UMB,4580,nan,7925,1405999999,1405999999
4000,UMB,4580,nan,7928,1405999999,1405999999
4000,UMB,4610,nan,3040,1403999999,1403999999
4000,UMB,4610,nan,3400,1403999999,1403999999
4000,UMB,4610,nan,7921,1405999999,1405999999
4000,UMB,4620,nan,3000,1403999999,1403999999
4000,UMB,4620,nan,3050,1403999999,1403999999
4000,UMB,4620,nan,7920,1405999999,1405999999
4000,UMB,4620,nan,7926,1405999999,1405999999
4000,UMB,4670,nan,3000,1403999999,1403999999
4000,UMB,4670,nan,3050,1403999999,1403999999
4000,UMB,4670,nan,7920,1405999999,1405999999
4000,UMB,4670,nan,7925,1405999999,1405999999
4000,UMB,4670,nan,7926,1405999999,1405999999
4000,UMB,4680,nan,3000,1403999999,1403999999
4000,UMB,4680,nan,3040,1403999999,1403999999
4000,UMB,4680,nan,3050,1403999999,1403999999
4000,UMB,4680,nan,3400,1403999999,1403999999
4000,UMB,4680,nan,3500,1403999999,1403999999
4000,UMB,4680,nan,7900,1407999999,1407999999
4000,UMB,4680,nan,7901,1407999999,1407999999
4000,UMB,4680,nan,7920,1405999999,1405999999
4000,UMB,4680,nan,7921,1405999999,1405999999
4000,UMB,4680,nan,7923,1405999999,1405999999
4000,UMB,4680,nan,7924,1405999999,1405999999
4000,UMB,4680,nan,7925,1405999999,1405999999
4000,UMB,4680,nan,7928,1405999999,1405999999
4000,UMB,4690,nan,3000,1403999999,1403999999
4000,UMB,4690,nan,3040,1403999999,1403999999
4000,UMB,4690,nan,3050,1403999999,1403999999
4000,UMB,4690,nan,3100,1405999999,1405999999
4000,UMB,4690,nan,3400,1403999999,1403999999
4000,UMB,4690,nan,7920,1405999999,1405999999
4000,UMB,4710,nan,3000,1403999999,1403999999
4000,UMB,4710,nan,3050,1403999999,1403999999
4000,UMB,4710,nan,7920,1405999999,1405999999
4000,UMB,4710,nan,7926,1405999999,1405999999
4000,UMB,4740,nan,3000,1403999999,1403999999
4000,UMB,4740,nan,3050,1403999999,1403999999
4000,UMB,4740,nan,3400,1403999999,1403999999
4000,UMB,4740,nan,7920,1405999999,1405999999
4000,UMB,4750,nan,3000,1403999999,1403999999
4000,UMB,4750,nan,3050,1403999999,1403999999
4000,UMB,4750,nan,3400,1403999999,1403999999
4000,UMB,4750,nan,7920,1405999999,1405999999
4000,UMB,4770,nan,3000,1403999999,1403999999
4000,UMB,4770,nan,3040,1403999999,1403999999
4000,UMB,4770,nan,3050,1403999999,1403999999
4000,UMB,4770,nan,7920,1405999999,1405999999
4000,UMB,4800,nan,3000,1403999999,1403999999
4000,UMB,4800,nan,3040,1403999999,1403999999
4000,UMB,4800,nan,3050,1403999999,1403999999
4000,UMB,4800,nan,3400,1403999999,1403999999
4000,UMB,4800,nan,7921,1405999999,1405999999
4000,UMB,4800,nan,7922,1405999999,1405999999
4000,UMB,4800,nan,7924,1405999999,1405999999
4000,UMB,4800,nan,7928,1405999999,1405999999
4000,UMB,4820,nan,3000,1403999999,1403999999
4000,UMB,4820,nan,3040,1403999999,1403999999
4000,UMB,4820,nan,3050,1403999999,1403999999
4000,UMB,4820,nan,3400,1403999999,1403999999
4000,UMB,4820,nan,3500,1403999999,1403999999
4000,UMB,4820,nan,7900,1407999999,1407999999
4000,UMB,4820,nan,7901,1407999999,1407999999
4000,UMB,4820,nan,7920,1405999999,1405999999
4000,UMB,4820,nan,7921,1405999999,1405999999
4000,UMB,4820,nan,7922,1405999999,1405999999
4000,UMB,4820,nan,7923,1405999999,1405999999
4000,UMB,4820,nan,7924,1405999999,1405999999
4000,UMB,4820,nan,7925,1405999999,1405999999
4000,UMB,4820,nan,7927,1403999999,1403999999
4000,UMB,4820,nan,7928,1405999999,1405999999
4000,UMB,4820,PRA,3000,1403999999,1403999999
4000,UMB,4820,PRA,3040,1403999999,1403999999
4000,UMB,4820,PRA,3050,1403999999,1403999999
4000,UMB,4820,PRA,3400,1403999999,1403999999
4000,UMB,4820,PRA,3500,1403999999,1403999999
4000,UMB,4820,PRA,7900,1407999999,1407999999
4000,UMB,4820,PRA,7901,1407999999,1407999999
4000,UMB,4820,PRA,7920,1405999999,1405999999
4000,UMB,4820,PRA,7921,1405999999,1405999999
4000,UMB,4820,PRA,7922,1405999999,1405999999
4000,UMB,4820,PRA,7923,1405999999,1405999999
4000,UMB,4820,PRA,7924,1405999999,1405999999
4000,UMB,4820,PRA,7927,1403999999,1403999999
4000,UMB,4820,PRF,3000,1403999999,1403999999
4000,UMB,4820,PRF,3040,1403999999,1403999999
4000,UMB,4820,PRF,3050,1403999999,1403999999
4000,UMB,4820,PRF,3400,1403999999,1403999999
4000,UMB,4820,PRF,3500,1403999999,1403999999
4000,UMB,4820,PRF,7900,1407999999,1407999999
4000,UMB,4820,PRF,7901,1407999999,1407999999
4000,UMB,4820,PRF,7920,1405999999,1405999999
4000,UMB,4820,PRF,7921,1405999999,1405999999
4000,UMB,4820,PRF,7922,1405999999,1405999999
4000,UMB,4820,PRF,7923,1405999999,1405999999
4000,UMB,4820,PRF,7924,1405999999,1405999999
4000,UMB,4820,PRF,7927,1403999999,1403999999
4000,UMB,4830,nan,3000,1403999999,1403999999
4000,UMB,4830,nan,3040,1403999999,1403999999
4000,UMB,4830,nan,3050,1403999999,1403999999
4000,UMB,4830,nan,3400,1403999999,1403999999
4000,UMB,4830,nan,3500,1403999999,1403999999
4000,UMB,4830,nan,7900,1407999999,1407999999
4000,UMB,4830,nan,7901,1407999999,1407999999
4000,UMB,4830,nan,7920,1405999999,1405999999
4000,UMB,4830,nan,7921,1405999999,1405999999
4000,UMB,4830,nan,7922,1405999999,1405999999
4000,UMB,4830,nan,7923,1405999999,1405999999
4000,UMB,4830,nan,7924,1405999999,1405999999
4000,UMB,4830,nan,7927,1403999999,1403999999
4000,UMB,4830,nan,7928,1405999999,1405999999
4000,UMB,4830,PRA,3000,1403999999,1403999999
4000,UMB,4830,PRA,3040,1403999999,1403999999
4000,UMB,4830,PRA,3050,1403999999,1403999999
4000,UMB,4830,PRA,3400,1403999999,1403999999
4000,UMB,4830,PRA,3500,1403999999,1403999999
4000,UMB,4830,PRA,7900,1407999999,1407999999
4000,UMB,4830,PRA,7901,1407999999,1407999999
4000,UMB,4830,PRA,7920,1405999999,1405999999
4000,UMB,4830,PRA,7921,1405999999,1405999999
4000,UMB,4830,PRA,7922,1405999999,1405999999
4000,UMB,4830,PRA,7923,1405999999,1405999999
4000,UMB,4830,PRA,7924,1405999999,1405999999
4000,UMB,4830,PRA,7927,1403999999,1403999999
4000,UMB,4830,PRF,3000,1403999999,1403999999
4000,UMB,4830,PRF,3040,1403999999,1403999999
4000,UMB,4830,PRF,3050,1403999999,1403999999
4000,UMB,4830,PRF,3400,1403999999,1403999999
4000,UMB,4830,PRF,3500,1403999999,1403999999
4000,UMB,4830,PRF,7900,1407999999,1407999999
4000,UMB,4830,PRF,7901,1407999999,1407999999
4000,UMB,4830,PRF,7920,1405999999,1405999999
4000,UMB,4830,PRF,7921,1405999999,1405999999
4000,UMB,4830,PRF,7922,1405999999,1405999999
4000,UMB,4830,PRF,7923,1405999999,1405999999
4000,UMB,4830,PRF,7924,1405999999,1405999999
4000,UMB,4830,PRF,7927,1403999999,1403999999
4000,UMB,4840,nan,3000,1403999999,1403999999
4000,UMB,4840,nan,3050,1403999999,1403999999
4000,UMB,4840,nan,3400,1403999999,1403999999
4000,UMB,4840,nan,7920,1405999999,1405999999
4000,UMB,4840,PRA,3000,1403999999,1403999999
4000,UMB,4840,PRA,3050,1403999999,1403999999
4000,UMB,4840,PRA,3400,1403999999,1403999999
4000,UMB,4840,PRA,7920,1405999999,1405999999
4000,UMB,4840,PRF,3000,1403999999,1403999999
4000,UMB,4840,PRF,3050,1403999999,1403999999
4000,UMB,4840,PRF,3400,1403999999,1403999999
4000,UMB,4840,PRF,7920,1405999999,1405999999
4000,UMB,4870,nan,3000,1403999999,1403999999
4000,UMB,4870,nan,3040,1403999999,1403999999
4000,UMB,4870,nan,3050,1403999999,1403999999
4000,UMB,4870,nan,3400,1403999999,1403999999
4000,UMB,4870,nan,3500,1403999999,1403999999
4000,UMB,4870,nan,7901,1407999999,1407999999
4000,UMB,4870,nan,7921,1405999999,1405999999
4000,UMB,4870,nan,7922,1405999999,1405999999
4000,UMB,4870,nan,7923,1405999999,1405999999
4000,UMB,4870,nan,7924,1405999999,1405999999
4000,UMB,4870,nan,7927,1403999999,1403999999
4000,UMB,4900,nan,3000,1403999999,1403999999
4000,UMB,4900,nan,3050,1403999999,1403999999
4000,UMB,4900,nan,3400,1403999999,1403999999
4000,UMB,4900,nan,7920,1405999999,1405999999
4000,UMB,4900,PRA,3000,1403999999,1403999999
4000,UMB,4900,PRA,3050,1403999999,1403999999
4000,UMB,4900,PRA,3400,1403999999,1403999999
4000,UMB,4900,PRA,7920,1405999999,1405999999
4000,UMB,4900,PRF,3000,1403999999,1403999999
4000,UMB,4900,PRF,3050,1403999999,1403999999
4000,UMB,4900,PRF,3400,1403999999,1403999999
4000,UMB,4900,PRF,7920,1405999999,1405999999
4000,UMB,4990,nan,3000,1403999999,1403999999
4000,UMB,4990,nan,3040,1403999999,1403999999
4000,UMB,4990,nan,3050,1403999998,1403999998
4000,UMB,4990,nan,3400,1403999998,1403999998
4000,UMB,4990,nan,7921,1405999998,1405999998
4000,UMB,4990,nan,7924,1405999999,1405999999
4000,UMB,5010,nan,3050,1403999998,1403999998
4000,UMB,5010,nan,3400,1403999998,1403999998
4000,UMB,5010,nan,7921,1405999998,1405999998
4000,UMB,5010,nan,7924,1405999999,1405999999
4000,UMB,5020,nan,3000,1403999999,1403999999
4000,UMB,5020,nan,3040,1403999999,1403999999
4000,UMB,5020,nan,3050,1403999998,1403999998
4000,UMB,5020,nan,3400,1403999998,1403999998
4000,UMB,5020,nan,7921,1405999998,1405999998
4000,UMB,5020,nan,7924,1405999999,1405999999
4000,UMB,5030,nan,3050,1403999998,1403999998
4000,UMB,5030,nan,3400,1403999998,1403999998
4000,UMB,5030,nan,7921,1405999998,1405999998
4000,UMB,5030,nan,7924,1405999999,1405999999
4000,UMB,5050,nan,3000,1403999999,1403999999
4000,UMB,5050,nan,3040,1403999999,1403999999
4000,UMB,5050,nan,3050,1403999999,1403999999
4000,UMB,5050,nan,3400,1403999999,1403999999
4000,UMB,5050,nan,7900,1407999999,1407999999
4000,UMB,5050,nan,7920,1405999999,1405999999
4000,UMB,5050,nan,7921,1405999999,1405999999
4000,UMB,5050,nan,7922,1405999999,1405999999
4000,UMB,5050,nan,7924,1405999999,1405999999
4000,UMB,5050,nan,7928,1405999999,1405999999
4000,UMB,5060,nan,3000,1403999999,1403999999
4000,UMB,5060,nan,3050,1403999999,1403999999
4000,UMB,5060,nan,3400,1403999999,1403999999
4000,UMB,5060,nan,7920,1405999999,1405999999
4000,UMB,5060,PRA,3000,1403999999,1403999999
4000,UMB,5060,PRA,3050,1403999999,1403999999
4000,UMB,5060,PRA,3400,1403999999,1403999999
4000,UMB,5060,PRA,7920,1405999999,1405999999
4000,UMB,5060,PRF,3000,1403999999,1403999999
4000,UMB,5060,PRF,3050,1403999999,1403999999
4000,UMB,5060,PRF,3400,1403999999,1403999999
4000,UMB,5060,PRF,7920,1405999999,1405999999
4000,UMB,5080,nan,3000,1403999999,1403999999
4000,UMB,5080,nan,3040,1403999999,1403999999
4000,UMB,5080,nan,3050,1403999999,1403999999
4000,UMB,5080,nan,3400,1403999999,1403999999
4000,UMB,5080,nan,7900,1407999999,1407999999
4000,UMB,5080,nan,7920,1405999999,1405999999
4000,UMB,5140,nan,3400,1403999999,1403999999
4000,UMB,5140,nan,3500,1403999999,1403999999
4000,UMB,5140,nan,7920,1405999999,1405999999
4000,UMB,5140,nan,7921,1405999999,1405999999
4000,WRX,,nan,,2202030100,2202030100
4000,WRX,4000,nan,,2202030100,2202030100
4000,WRX,4010,nan,,2202030100,2202030100
4000,WRX,4020,nan,,2202030100,2202030100
4000,WRX,4030,nan,,2202030100,2202030100
4000,WRX,4040,nan,,2202030100,2202030100
4000,WRX,4050,nan,,2202030100,2202030100
4000,WRX,4060,nan,,2202030100,2202030100
4000,WRX,4070,nan,,2202030100,2202030100
4000,WRX,4090,nan,,2202030100,2202030100
4000,WRX,4100,nan,,2202030100,2202030100
4000,WRX,4110,nan,,2202030100,2202030100
4000,WRX,4120,nan,,2202030100,2202030100
4000,WRX,4130,nan,,2202030100,2202030100
4000,WRX,4140,nan,,2202030100,2202030100
4000,WRX,4150,nan,,2202030100,2202030100
4000,WRX,4170,nan,,2202030100,2202030100
4000,WRX,4180,nan,,2202030100,2202030100
4000,WRX,4220,nan,,2202030100,2202030100
4000,WRX,4230,nan,,2202030100,2202030100
4000,WRX,4240,nan,,2202030100,2202030100
4000,WRX,4250,nan,,2202030100,2202030100
4000,WRX,4260,nan,,2202030100,2202030100
4000,WRX,4300,nan,,2202030100,2202030100
4000,WRX,4310,nan,,2202030100,2202030100
4000,WRX,4350,nan,,2202030100,2202030100
4000,WRX,4370,nan,,2202030100,2202030100
4000,WRX,4380,nan,,2202030100,2202030100
4000,WRX,4390,nan,,2202030100,2202030100
4000,WRX,4410,nan,,2202030100,2202030100
4000,WRX,4420,nan,,2202030100,2202030100
4000,WRX,4460,nan,,2202030100,2202030100
4000,WRX,4470,nan,,2202030100,2202030100
4000,WRX,4480,nan,,2202030100,2202030100
4000,WRX,4510,nan,,2202030100,2202030100
4000,WRX,4520,nan,,2202030100,2202030100
4000,WRX,4530,nan,,2202030100,2202030100
4000,WRX,4540,nan,,2202030100,2202030100
4000,WRX,4550,nan,,2202030100,2202030100
4000,WRX,4560,nan,,2202030100,2202030100
4000,WRX,4580,nan,,2202030100,2202030100
4000,WRX,4610,nan,,2202030100,2202030100
4000,WRX,4620,nan,,2202030100,2202030100
4000,WRX,4670,nan,,2202030100,2202030100
4000,WRX,4680,nan,,2202030100,2202030100
4000,WRX,4690,nan,,2202030100,2202030100
4000,WRX,4710,nan,,2202030100,2202030100
4000,WRX,4730,nan,,2202030100,2202030100
4000,WRX,4740,nan,,2202030100,2202030100
4000,WRX,4750,nan,,2202030100,2202030100
4000,WRX,4770,nan,,2202030100,2202030100
4000,WRX,4800,nan,,2202030100,2202030100
4000,WRX,4820,nan,,2202030100,2202030100
4000,WRX,4830,nan,,2202030100,2202030100
4000,WRX,4840,nan,,2202030100,2202030100
4000,WRX,4870,nan,,2202030100,2202030100
4000,WRX,4900,nan,,2202030100,2202030100
4000,WRX,4990,nan,,2202030100,2202030100
4000,WRX,5010,nan,,2202030100,2202030100
4000,WRX,5020,nan,,2202030100,2202030100
4000,WRX,5030,nan,,2202030100,2202030100
4000,WRX,5050,nan,,2202030100,2202030100
4000,WRX,5060,nan,,2202030100,2202030100
4000,WRX,5080,nan,,2202030100,2202030100
4000,WRX,5140,nan,,2202030100,2202030100
